smiles,y
O=c1c2ccccc2oc2cc(O)cc(O)c12,2.9959908
O=c1c2ccccc2oc2cccc(O)c12,3.0071173
O=C(c1ccc(C(=C2CCN(Cc3cscn3)CC2)c2cccc3cccnc23)cc1)N1CCOCC1,2.2044783
O=C(C1CCN(c2nnc(-n3cccc3)s2)CC1)N1CCc2ccccc2C1,3.2214804
NC(=O)c1cncc(O[C@@H]2C[C@@H]3CC[C@H](C2)N3Cc2ccccc2)n1,1.1307544
CSc1ccc(-c2nc(-c3ccc(F)cc3)c(-c3ccncc3)[nH]2)cc1,3.8913755
C[S+]([O-])c1ccc(-c2nc(-c3ccc(F)cc3)c(-c3ccncc3)[nH]2)cc1,3.2630894
CC(C)C(NC(=O)Cn1c(-c2ccccc2)ccc(NC(=O)NCc2ccncc2)c1=O)C(=O)C(F)(F)F,2.4594457
COc1cc2ncnc(Nc3cc(NC(=O)c4ccnc(N5CCOCC5)c4)ccc3C)c2cc1OCCN1CCCC1,2.3653898
O=C(NCCCN1CCCCC1)C(c1ccccc1)c1ccccc1,1.7043921
Cc1ccc(S(=O)(=O)Nc2c(C(=O)N[C@@H](C)C(C)(C)C)c(C)nn2C2CCC2)cc1,1.6576105
O=C(Nc1c[nH]nc1-c1nc2cc(CN3CCOCC3)ccc2[nH]1)NC1CC1,2.0856967
COc1cc(F)ccc1-c1cncc(CNC(=O)c2ccccc2)c1,3.2528625
COCc1c(C(C)C)nc(C(C)C)c(/C=C/[C@@H](O)C[C@@H](O)CC(=O)O)c1-c1ccc(F)cc1,1.3692964
COc1cc2ncnc(Nc3cc(NC(=O)c4ccnc(N5CCOCC5)c4)ccc3C)c2cc1OCCN(C(C)C)C(C)C,3.0591536
Cc1cnc(NC(=O)Cc2ccccc2)s1,2.7030494
O=C(Cc1ccccc1)Nc1nccs1,2.4025562
Cc1c(NC(=O)N2CCOCC2)ccc2c1c1ccccc1n2C(C)C,3.5657105
CCn1c2ccccc2c2cc(NC(=O)N3CCOCC3)ccc21,3.1822114
CS(=O)(=O)n1c2ccccc2c2cc(NC(=O)N3CCOCC3)ccc21,2.007661
CC(C)n1c2ccccc2c2cc(NC(=O)N3CCOCC3)ccc21,3.4966512
Cc1ccnc(NCc2ccccc2)c1,2.954502
COc1ccc(CN(CCN(C)C)c2ccccn2)cc1,1.584766
COc1ccccc1CNc1cc(C)ccn1,2.995616
Cc1ccnc(NCc2ccc(Cl)cc2)c1,3.3929641
Cc1ccnc(NCc2ccccc2O)c1,2.8744035
CCOC(=O)Nc1ccc(NCc2ccc(F)cc2)nc1N,3.0025864
CN(C)CCN(Cc1ccccc1)c1ccccn1,1.5194616
Cc1ccc(CO)cc1N(C)c1ccnc(Nc2cc(N3CCOCC3)cc(N3CCN(C)CC3)c2)n1,2.8852072
Oc1ccc(-c2csc(-c3ccc(O)cc3)n2)cc1,3.3603377
N#C[C@]1(NC(=O)[C@@H](N)Cc2cccs2)C[C@H]1c1ccccc1,1.2568185
N#C[C@@]1(NC(=O)[C@@H](N)Cc2cccs2)C[C@@H]1c1ccccc1,1.3919233
CC(C)Cn1c(=O)n(C)c(=O)c2c(SC3CCCCC3)c(Cc3ccccc3C(F)(F)F)sc21,4.559022
O=c1c2ccccc2nc2n1CCS2(=O)=O,0.5658575
Cc1ccc2c(c1)c([S+]([O-])c1ccc(Cl)cc1)c(C)n2CC(=O)O,0.1464808
Fc1ccc(-c2ncn(C3CCNCC3)c2-c2ccncc2)cc1,0.10702491
COc1cc(OC)nc(-n2ncc(Cl)c(Cl)c2=O)n1,1.8581299
COc1ccc(N(C(C)=O)C(C(=O)NC2CCCC2)c2ccccc2F)c(OC)c1,2.5973759
COc1cc2ncnc(Nc3cc4ccccc4cn3)c2cc1OC,3.4756107
O=C(O)COc1ccc(Cl)cc1CN1CCCN(S(=O)(=O)c2ccccc2)CC1,0.40510035
Cc1c(Cl)ccc(OC2CCN(CC3CCN([C@@H](Cc4ccc(F)cc4)C(=O)O)CC3)CC2)c1Cl,2.8295045
O=C(O)[C@H](Cc1ccc(F)cc1)N1CCC(CN2CCC(Oc3ccc(Cl)cc3)CC2)CC1,2.0992923
O=C(O)[C@H](Cc1ccc(Cl)cc1)N1CCC(CN2CCC(Oc3ccc(Cl)c(Cl)c3)CC2)CC1,2.9352832
Cc1cc(OC2CCN(CC3CCN([C@@H](Cc4ccc(F)cc4)C(=O)O)CC3)CC2)ccc1Cl,2.3933988
O=C(O)[C@H](Cc1ccccc1F)N1CCC(CN2CCC(Oc3ccc(Cl)c(Cl)c3)CC2)CC1,2.5980685
Cc1cc(Cl)ccc1OC1CCN(CC2CCN([C@@H](Cc3ccc(F)cc3)C(=O)O)CC2)CC1,2.3898852
COc1ccccc1C[C@@H](C(=O)O)N1CCC(CN2CCC(Oc3ccc(Cl)c(Cl)c3)CC2)CC1,2.4136622
N#Cc1ccccc1C[C@@H](C(=O)O)N1CCC(CN2CCC(Oc3ccc(Cl)c(Cl)c3)CC2)CC1,2.210643
Cc1cc(F)ccc1OC1CCN(CC2CCN([C@@H](Cc3ccc(F)cc3)C(=O)O)CC2)CC1,1.9439024
Cc1c(OC2CCN(CC3CCN([C@@H](Cc4ccc(F)cc4)C(=O)O)CC3)CC2)ccc(C#N)c1Cl,1.9823463
Cc1cc(F)ccc1OC1CCN(CC2CCN([C@@](C)(Cc3ccc(F)cc3)C(=O)O)CC2)CC1,2.0821342
Cc1c(OC2CCN(CC3CCN([C@@](C)(Cc4ccc(F)cc4)C(=O)O)CC3)CC2)ccc(Cl)c1Cl,2.9171803
O=C(O)[C@@H](Cc1ccccc1)N1CCC(CN2CCC(Oc3ccc(Cl)c(Cl)c3)CC2)CC1,2.4163227
O=C(O)[C@H](Cc1ccccc1)N1CCC(CN2CCC(Oc3ccc(CO)c(Cl)c3)CC2)CC1,1.0157303
O=C(O)[C@H](Cc1ccc(F)cc1)N1CCC(CN2CCC(Oc3ccc(Cl)cc3Cl)CC2)CC1,2.6544347
Cc1cccc(C[C@@H](C(=O)O)N2CCC(CN3CCC(Oc4ccc(Cl)c(Cl)c4)CC3)CC2)c1,2.7114356
Cc1cc(OC2CCN(CC3CCN([C@@](C)(Cc4ccc(F)cc4)C(=O)O)CC3)CC2)ccc1Cl,2.5226939
O=C(O)[C@H](Cc1ccccc1)N1CCC(CN2CCC(Oc3ccc(Cl)c(Cl)c3)CC2)CC1,2.4418068
O=C(O)[C@H](Cc1ccc(F)cc1)N1CCC(CN2CCC(Oc3ccc(Cl)c(Cl)c3)CC2)CC1,2.615293
Cc1ccc(C[C@@H](C(=O)O)N2CCC(CN3CCC(Oc4ccc(Cl)c(Cl)c4)CC3)CC2)cc1,2.7186432
N#Cc1cccc(C[C@@H](C(=O)O)N2CCC(CN3CCC(Oc4ccc(Cl)c(Cl)c4)CC3)CC2)c1,2.2043188
Cc1ccccc1C[C@@H](C(=O)O)N1CCC(CN2CCC(Oc3ccc(Cl)c(Cl)c3)CC2)CC1,2.7015698
N#Cc1ccc(C[C@@H](C(=O)O)N2CCC(CN3CCC(Oc4ccc(Cl)c(Cl)c4)CC3)CC2)cc1,2.2101154
O=C(O)[C@H](Cc1cccc(F)c1)N1CCC(CN2CCC(Oc3ccc(Cl)c(Cl)c3)CC2)CC1,2.6087303
Cc1ccc(CO)cc1N(C)c1ccnc(Nc2cc(N3CCCC3)cc(N3CCOCC3)c2)n1,3.6178432
CS(=O)(=O)c1ccccc1C(=O)NCC(O)CNC1CCN(Cc2ccc(Cl)c(Cl)c2)CC1,1.3541193
O=C(COc1ccccc1)c1ccccc1,2.9601972
COc1ccc(-c2nc(N)s[n+]2-c2ccccc2)cc1,2.0802958
Cc1ccc(S(=O)(=O)Nc2c(C(=O)N[C@@H](C)C(C)(C)C)c(C)nn2C2CCCC2)cc1,1.9816651
Nc1nc2nc(-c3cccs3)cc(C(F)(F)F)n2n1,2.3782809
N#CC[C@H](C1CCCC1)n1cc(-c2ncnc3[nH]ccc23)cn1,2.7702837
Cn1ncc2c(=O)[nH]c(-c3ccccc3)nc21,1.5434102
Cc1c[nH]c(-c2cnc(NCCNc3ccc(C#N)cn3)nc2-c2ccc(Cl)cc2Cl)n1,3.8372455
COC1CCN(C(=O)C2CCN(CCc3c(-c4cc(C)cc(C)c4)[nH]c4sc(C(C)(C)C(=O)N5C6CCC5CC6)cc34)CC2)CC1,4.130287
O=C(CC1CCCCC1)Nc1c(Cl)ccc2nc(NCCCO)ccc12,2.889601
CC1CCC(CC(=O)Nc2cccc3ncccc23)CC1,2.9963882
CO[C@H]1/C=C/O[C@@]2(C)Oc3c(C)c(O)c4c(O)c(cc(O)c4c3C2=O)NC(=O)/C(C)=C\C=C\[C@H](C)[C@H](O)[C@@H](C)[C@@H](O)[C@@H](C)[C@H](OC(C)=O)[C@@H]1C,1.2216421
Nc1nc(N)c2cc(Br)ccc2n1,1.7415178
COc1ccc2c(C)nc(NC(=N)N)nc2c1,0.03509617
c1ccc2ncncc2c1,1.3013501
Cc1cc2nc(NC(=N)N)nc(C)c2cc1C,0.7983837
Nc1ncnc2ccccc12,0.8889662
Cc1nc(NC(=N)N)nc2ccccc12,-0.047965765
c1ccc(-c2[nH]nc3ccccc23)cc1,3.1549146
N#Cc1ccc2[nH]c(-c3ccc(F)cc3)c(CCCC(=O)NS(N)(=O)=O)c2c1,1.8011922
CS(=O)(=O)NC(=O)CCCc1c(-c2ccc(F)cc2)[nH]c2ccc(C#N)cc12,1.4887049
Cc1c(-c2ccc(O)cc2)n(C)c2ccc(O)cc12,3.3456178
CN(C)C(=O)[C@H](Cc1ccccc1)NC(=O)c1cc2ccsc2[nH]1,3.4493752
COc1ccnc(CSc2nc3ccccc3[nH]2)c1,2.839035
O=C(Nc1ccc(N2CCOCC2)cn1)c1nnc(Nc2ccccc2F)o1,2.618145
CN(C)C(=O)C(CCN1CCC(O)(c2ccc(Cl)cc2)CC1)(c1ccccc1)c1ccccc1,3.3572574
CCOc1ccccc1CNCc1cccc(CCNC[C@H](O)c2ccc(O)c3[nH]c(=O)sc23)c1,1.0853848
COc1cccc(CNCc2cccc(CCNC[C@H](O)c3ccc(O)c4[nH]c(=O)sc34)c2)c1,0.7148752
COc1ccccc1CN(C)Cc1cccc(CCNC[C@H](O)c2ccc(O)c3[nH]c(=O)sc23)c1,1.3718593
O=c1[nH]c2c(O)ccc([C@@H](O)CNCCc3cccc(CNCc4ccccc4Cl)c3)c2s1,1.4954755
COc1ccc(CNCc2cccc(CCNC[C@H](O)c3ccc(O)c4[nH]c(=O)sc34)c2)cc1,0.6830175
O=c1[nH]c2c(O)ccc([C@@H](O)CNCCc3cccc(CNCc4ccccc4F)c3)c2s1,0.95857525
Cc1nc(C(=O)N2CCOC3(CCN(Cc4ccc(Cl)cc4)CC3)C2)cs1,1.6237876
CCCSc1nc2ccc(NC(=O)CCC(=O)O)cc2s1,0.73998594
Nc1nc2ccccc2s1,2.0342867
NCCc1ccc(O)c2nc(O)sc12,-0.12634802
Nc1nc2ccc(OC(F)(F)F)cc2s1,3.2681034
NS(=O)(=O)c1nc2ccccc2s1,1.7971921
Nc1nc2ccc(F)cc2s1,2.2980616
CCOc1ccc2nc(NC(=O)CC)sc2c1,3.1004488
Cc1nc2ccc(NC(=O)CCNC(N)=O)cc2s1,0.64062965
CCCSc1nc2ccc(NC(=O)CCNC(N)=O)cc2s1,2.553084
CCOc1ccc2nc(N)sc2c1,2.5047503
CNC(=O)c1ccc(C)c(-n2c(C)cc(OCc3ccc(F)cc3F)c(Br)c2=O)c1,3.2013206
CC(C)C(NC(=O)Cn1c(-c2ccccc2)ncc(NC(=O)OCc2ccccc2)c1=O)C(=O)C(F)(F)F,2.3332896
CC(C)C(NC(=O)Cn1c(-c2ccc(F)cc2)ncc(NC(=O)OCc2ccccc2)c1=O)C(=O)C(F)(F)F,2.5172482
CC[C@@H](Nc1c(Nc2cccc(C(=O)N(C)C)c2O)c(=O)c1=O)c1ccccc1,2.2665224
Cc1oc(CN2CCNCC2)cc1C(=O)NCC12CC3CC(CC(C3)C1)C2,1.2445033
O=c1[nH]c(S)nc2[nH]cnc12,-0.9984777
CN(C)CC(O)COc1ccc(Nc2nccc(Nc3cc(Cl)ccc3Cl)n2)cc1,2.6581042
Cc1cnc(Nc2ccc(OCC(O)CN(C)C)cc2)nc1Nc1ccccc1,1.66848
c1ccc(Nc2ccnc(Nc3ccccc3)n2)cc1,3.6719642
Cc1ccc(F)c(Nc2ccnc(Nc3ccc(OCC(O)CN(C)C)cc3)n2)c1,1.9767228
CN(C)CC(O)COc1ccc(Nc2nccc(Nc3ccc(Cl)cc3)n2)cc1,2.2791114
C#CCN(c1ccnc(Nc2ccc(OCC(O)CN(C)C)cc2)n1)c1cc(Cl)ccc1Cl,3.0695267
Cc1ccc(F)c(Nc2ccnc(Nc3ccc(S(N)(=O)=O)cc3)n2)c1,3.17969
CN(C)CC(O)COc1ccc(Nc2nccc(Nc3cccc(Cl)c3)n2)cc1,2.257536
Cc1ccc(Cl)c(Nc2ccnc(Nc3ccc(OCC(O)CN(C)C)cc3)n2)c1,2.4040885
O=C(O)c1ccc(Nc2ncc(Br)c(Nc3ccccc3)n2)cc1,1.7541735
CN(C)CC(O)COc1ccc(Nc2ncc(Cl)c(Nc3ccccc3)n2)cc1,2.0126128
CN(C)CC(O)COc1ccc(Nc2nccc(Nc3ccccc3)n2)cc1,1.48001
CN(C)CC(O)COc1ccc(Nc2nccc(Nc3ccccc3C#N)n2)cc1,1.2947395
CN(C)CC(O)COc1ccc(Nc2nccc(N(CC#N)c3cc(Cl)ccc3Cl)n2)cc1,2.3961587
CC(C)C1NCCc2c1sc1ccccc21,2.4473417
O=C1C(=O)c2cccnc2-c2ccccc21,2.1167905
O=C(Nc1ccc(N2CCOCC2)nc1)c1nnc(Nc2cccc(OCc3ccccn3)c2)o1,3.1318488
O=C(Nc1nc(-c2ccccc2)cs1)c1cccnc1,3.218142
COc1ncc(C)cc1-c1cccc2c(N)c(C(=O)NC3CC3)nnc12,3.1410387
COc1ccc(-c2c(F)ccc3c(N)c(C(=O)NC4CC4)nnc23)c(OC)n1,3.4112186
COc1cc(N2CCN(CCO)CC2)ccc1Nc1ncc(Cl)c(-c2cnc3ccccn23)n1,3.2636194
COc1cc(N2CCN(C(C)=O)CC2)ccc1Nc1ncc(Cl)c(-c2cnc3c(C)cccn23)n1,3.4831438
COc1cc(N2CCN(CCS(C)(=O)=O)CC2)ccc1Nc1ncc(Cl)c(-c2cnc3ccccn23)n1,3.332111
COc1cc(N2CCN(C(C)=O)CC2)ccc1Nc1ncc(Cl)c(-c2cnc3ccc(N(C)C)cn23)n1,3.4818363
COc1cc(N2CCN(C(C)=O)CC2)ccc1Nc1nccc(-c2cnc3ccccn23)n1,2.8937163
COc1cc(N2CCN(C(N)=O)CC2)ccc1Nc1ncc(Cl)c(-c2cnc3ccccn23)n1,3.1540306
COc1cc(N2CCN(C(C)=O)CC2)ccc1Nc1ncc(Cl)c(-c2cnc3c(F)cccn23)n1,3.435894
COc1cc(N2CCN(C(C)=O)CC2)ccc1Nc1ncc(Cl)c(-c2cnc3cc(Cl)ccn23)n1,3.5421205
COc1cc(N2CCN(C(C)=O)CC2)ccc1Nc1ncc(C(F)(F)F)c(-c2cnc3ccccn23)n1,3.45641
COc1cc(N2CCN(C(C)=O)CC2)ccc1Nc1ncc(Cl)c(-c2cnc3c(OC)cccn23)n1,3.426787
COc1cc(N2CCN(C(C)=O)CC2)ccc1Nc1ncc(Cl)c(-c2cnc3c(F)cc(F)cn23)n1,3.4990358
COc1cc(N2CCN(C(C)=O)CC2)ccc1Nc1ncc(C)c(-c2cnc3ccccn23)n1,3.1226003
CC(=O)N1CCN(c2ccc(Nc3nccc(-c4cnc5ccccn45)n3)cc2)CC1,2.9088244
COc1cc(N2CCN(C(C)=O)CC2)ccc1Nc1ncc(Cl)c(-c2cnc3cc(CO)ccn23)n1,2.9842224
COc1cc(N2CCN(C(C)=O)CC2)ccc1Nc1ncc(C#N)c(-c2cnc3ccccn23)n1,2.6256506
COc1cc(N2CCN(C(C)=O)CC2)ccc1Nc1ncc(OC)c(-c2cnc3ccccn23)n1,3.1628573
COc1cc(N2CCN(C(C)=O)CC2)ccc1Nc1ncc(Cl)c(-c2cnc3cc(C)ccn23)n1,3.5360923
COc1cc(N2CCN(C(C)=O)CC2)ccc1Nc1ncc(Cl)c(-c2cnc3cc(F)ccn23)n1,3.4560351
COc1cc(N2CCN(C(C)=O)CC2)ccc1Nc1ncc(Cl)c(-c2cnc3cc(C#N)ccn23)n1,3.262497
COc1cc(N2CCN(C(C)=O)CC2)ccc1Nc1ncc(Cl)c(-c2cnc3c(N)cccn23)n1,3.2068172
COc1cc(N2CCN(C(C)=O)CC2)ccc1Nc1ncc(Cl)c(-c2cnc3c(CO)cccn23)n1,2.9622478
COc1cc(N2CCN(C(C)=O)CC2)ccc1Nc1ncc(Br)c(-c2cnc3ccccn23)n1,3.4231215
COc1cc(N2CCN(C(C)=O)CC2)ccc1Nc1ncc(Cl)c(-c2cnc3ccccn23)n1,3.3920305
COc1cc(N2CCNCC2)ccc1Nc1ncc(Cl)c(-c2cnc3ccccn23)n1,2.1572838
NCCCC(=O)OCCN1CCN(CCCN2c3ccccc3Sc3ccc(Cl)cc32)CC1,1.7816505
OCCN1CCN(CCCN2c3ccccc3Sc3ccc(Cl)cc32)CC1,3.345996
OCCN1CCN(CCCN2c3ccccc3Sc3ccc(C(F)(F)F)cc32)CC1,3.4078557
CN1CCN(CCCN2c3ccccc3Sc3ccc(Cl)cc32)CC1,3.4046645
CN1CCN(CCCN2c3ccccc3Sc3ccc(C(F)(F)F)cc32)CC1,3.4587777
Cc1nn(C)c2cc(N3CCN(C(=O)[C@@H]4CCCC[C@H]4C(=O)NC4(C#N)CC4)[C@H](C)C3)ccc12,2.3931546
CCCN1CCC(Oc2nccc(Nc3cc(NC(=O)c4cccc(N5CCOCC5)c4)ccc3C)n2)CC1,2.6129744
N#Cc1ccccc1Oc1ccc(C(=O)NCc2ccncc2)cc1,2.6035006
O=C(NCc1ccncc1)c1ccc(Oc2ccccc2)cc1,2.8686655
Cc1ccc(Oc2ccc(C(=O)NCc3ccncc3)cc2)cc1,3.2922778
COc1ccccc1CCNCc1cccc(CCNC[C@H](O)c2ccc(O)c3[nH]c(=O)sc23)c1,0.6574732
O=c1[nH]c2c(O)ccc([C@@H](O)CNCCc3cccc(CNCCc4ccccc4F)c3)c2s1,0.98199344
O=c1[nH]c2c(O)ccc([C@@H](O)CNCCc3cccc(CNCCc4c(Cl)cccc4Cl)c3)c2s1,2.2209358
O=c1[nH]c2c(O)ccc([C@@H](O)CNCCc3cccc(CNCCc4ccccc4Cl)c3)c2s1,1.5441258
CC(Cc1cccc(CNCCc2c(Cl)cccc2Cl)c1)NC[C@H](O)c1ccc(O)c2[nH]c(=O)sc12,2.19297
CCOc1ccccc1-c1ccc(-c2nc3ccc(F)cc3c(C(=O)O)c2C)cc1,2.0007014
CCOc1ccccc1-c1ccc(-c2nc3ccc(F)cc3c(C(=O)NCCOCCN)c2C)cc1,2.7570426
CCOc1ccccc1-c1ccc(-c2nc3ccc(F)cc3c(N[C@H](C)C(=O)O)c2C#N)cc1,1.9971973
Cn1cc(C(=O)CCCCOc2ccc(C(=O)O)cc2)cc1C=O,0.48549485
C[C@@](N)(Cc1ccccc1)c1ccccc1,1.2417998
Oc1ccc(CCc2ccc(O)cc2)cc1,3.3369737
NC(Cc1ccccc1)c1ccccc1,1.1245558
C[C@](N)(Cc1ccccc1)c1ccccc1,1.4386103
CCC1(c2ccccc2)C(=O)NC(=O)NC1=O,0.62998295
CC(C)(C)NC(=O)C(c1ccncc1)N(Cc1ccco1)C(=O)c1ccc(-c2ccccc2)[nH]1,3.2965837
COc1ccc2ncc(=O)n(CCN3CC[C@@H](NCc4ccc5c(n4)NC(=O)CO5)[C@@H](F)C3)c2c1,0.63644433
COc1ccc2ncc(=O)n(CCN3CC[C@@H](NCc4ccc5c(n4)NC(=O)CO5)[C@@H](O)C3)c2c1,0.32102478
COc1ccc2ncc(=O)n(CCN3CC[C@@H](NCc4ccc5c(n4)NC(=O)CO5)[C@H](OC)C3)c2c1,0.60287964
COc1ccc2ncc(=O)n(CCN3CC[C@H](NCc4ccc5c(n4)NC(=O)CO5)[C@H](O)C3)c2c1,0.23054588
COc1ccc2ncc(=O)n(CCN3CC[C@@H](NCc4ccc5c(n4)NC(=O)CO5)[C@@H](OC)C3)c2c1,0.5738995
Nc1nonc1/C(=N/O)Nc1ccc(F)c(Cl)c1,2.7495751
O=C(CC12CC3CC(CC(C3)C1)C2)Nc1cccc2c(=O)n(C(CO)CO)ccc12,2.5281668
O=S(=O)(CCCNCCc1ccc(O)c2nc(O)sc12)NCCOCCc1ccc(F)cc1,1.8163228
O=S(=O)(CCCNCCc1ccc(O)c2nc(O)sc12)NCCOCCc1cccc(C(F)(F)F)c1,2.36103
O=S(=O)(CCCNCCc1ccc(O)c2nc(O)sc12)NCCOCCc1cccc(Cl)c1,2.2159743
Cc1ccc(CCOCCNS(=O)(=O)CCCNCCc2ccc(O)c3nc(O)sc23)cc1,1.9521552
O=c1c2ccccc2nc2n1CCO2,0.9435319
COc1ccccc1CN[C@H]1CCCN[C@H]1c1ccccc1,1.3976045
COc1ccc(OC(F)(F)F)cc1CN[C@H]1CCCN[C@H]1c1ccccc1,2.8518906
CC(C)Oc1cc(-n2cnc3cnc(N[C@@H](C)c4ncc(F)cn4)nc32)n[nH]1,2.6100743
CCC(c1nc2ccn(C)c2c(=O)n1Cc1ccccc1)N(CCCN)C(=O)c1ccc(C)cc1,1.3147109
COc1cccc(Nc2nc(NCC3CCCO3)c3ccccc3n2)c1,3.6584368
CC(=O)NC[C@H]1CN(c2ccc(N3CCN(c4cnccn4)CC3)c(F)c2)C(=O)O1,1.6423707
CC(C)CCCC(C)/N=c1\ccn(Cc2ccccc2)c2cc(Cl)ccc12,3.6353643
CCCCCC/N=c1\ccn(Cc2ccccc2)c2cc(Cl)ccc12,3.603516
CCC(CO)NCCNC(CC)CO,-1.7171047
CC(N)(COP(=O)(O)O)C(=O)O,1.7833235
CCCCC(CC)COC(=O)CC(C(=O)OCC(CC)CCCC)S(=O)(=O)O,2.978529
CCCC[C@@H](C=O)NC(=O)[C@H](CC(C)C)NC(=O)[C@H](CC(C)C)NC(C)=O,2.4044394
CCCC(C)(COC(N)=O)COC(=O)NC(C)C,2.2574592
NC(=O)C(c1ccccc1)(c1ccccc1)[C@@H]1CCN(CCc2ccc3c(c2)CCO3)C1,2.8280668
COc1ccc(Cl)cc1NC(=O)Nc1cnccn1,2.750239
CN1CC(n2nccc2-c2cc(Cl)ccc2Oc2cc(F)c(S(=O)(=O)Nc3ncns3)cc2F)C1,1.3350708
O=S(=O)(Nc1ncns1)c1cc(F)c(Oc2ccc(Cl)cc2-c2ccnn2C2CNC2)cc1F,0.7289257
CN1CCN(CCCOc2ccc(-c3cc(-c4ccc(F)cc4)no3)cc2)CC1,3.2227387
Cc1oncc1C(=O)Nc1ccc(C(F)(F)F)cc1,3.1195447
O=c1[nH]c2c(O)ccc([C@@H](O)CNCCCSCCOCCc3cccc4ccccc34)c2s1,2.663701
Cc1ccc(-c2ncc(CN3CCOCC3)s2)cc1NC(=O)c1ccc(OCc2ccccn2)cc1,3.2319105
O=[N+]([O-])c1ccc2c(c1)N(c1cccc[n+]1[O-])CC(C(F)F)(C(F)F)O2,2.980465
CCN(C(=O)Cc1ccc(S(C)(=O)=O)cc1)C1CCN(CCC(c2ccccc2)N2CCC(C(C)=O)CC2)CC1,1.1232339
Cc1sc2ncnc(N3CCN(c4ncccn4)CC3)c2c1C,3.413272
CN(c1ncccc1CNc1nc(Nc2ccc3c(c2)CC(=O)N3)ncc1C(F)(F)F)S(C)(=O)=O,2.5985124
CC(=O)c1ncccc1NC(=O)[C@H]1CC[C@H](N2C(=O)[C@H]3[C@H]4CC[C@H](C4)[C@H]3C2=O)CC1,3.0699468
N#CCNC(=O)[C@@H]1CCCC[C@H]1C(=O)N1CCc2[nH]c3ccc(F)cc3c2C1,2.7941322
C[C@H](C#N)NC(=O)[C@@H]1CCCC[C@H]1C(=O)N1CCc2[nH]c3ccc(F)cc3c2C1,2.8550591
C[C@@H](C#N)NC(=O)[C@@H]1CCCC[C@H]1C(=O)N1CCc2[nH]c3ccc(F)cc3c2C1,2.9084373
COc1ccc(-c2cc(C(F)F)nn2-c2ccc(S(N)(=O)=O)cc2)cc1F,2.7244692
Cc1ccc(-c2cc(C(F)(F)F)nn2-c2ccc(S(N)(=O)=O)cc2)cc1,3.104699
Cc1ccc(S(=O)(=O)Nc2c(C(=O)NC3CCOCC3)c(C)nn2-c2ccccc2)cc1,0.24758601
Oc1cc(OCc2ccccc2)ccn1,2.302943
CN(C)c1ccc2nc3ccc(=[N+](C)C)cc-3sc2c1,-0.6822078
O=C(Nc1ccc(Cl)c(S(=O)(=O)N2CCNCC2)c1O)Nc1cccc(F)c1Cl,2.1508968
Cc1ncc(-c2ccnc(Nc3ccc(C(=O)NC4CC4)cc3)n2)n1C(C)C,3.0385404
CN1C(=O)NC(=O)C(C)(C2=CCCCC2)C1=O,0.9404093
CCOc1cc2nccc(Oc3cnc(CC(=O)Nc4n[nH]c(CC)c4C)c(OC)c3)c2cc1OC,3.2075844
CCc1[nH]nc(NC(=O)Cc2ncc(Oc3ccnc4cc(OC)c(OC)cc34)cc2OC)c1C,2.842661
Fc1ccc(-n2cc(C3CCNCC3)c3cc(Cl)ccc32)cc1,2.104189
O=C1CCC(=O)N1c1cc(Cc2n[nH]c(=O)c3ccccc23)ccc1F,0.7987752
C[C@]12CC[C@@H]3c4ccc(O)cc4CC[C@H]3[C@@H]1CCC2=O,3.4878252
O=C(CCS(=O)(=O)c1ccc(Br)cc1)NCc1ccc(F)cc1,2.7949395
C[C@H](CO)Nc1nc(SCc2cccc(F)c2F)nc2[nH]c(=O)c(=O)[nH]c12,2.5932956
CN1c2ccccc2C(NCCCCCCC(=O)O)c2ccc(Cl)cc2S1(=O)=O,0.83922553
CCCSc1ncccc1C(=O)N(C)[C@H]1[C@H]2CC3C[C@@H]1C[C@](O)(C3)C2,2.561694
CCCSc1ncccc1C(=O)N(C)[C@@H]1[C@H]2CC3C[C@@H]1C[C@](O)(C3)C2,2.3124125
CCCSc1nc(NC)ccc1C(=O)N[C@H]1C2CC3CC1C[C@](O)(C3)C2,2.8090653
CCCSc1ncccc1C(=O)N[C@H]1[C@H]2CC3C[C@@H]1C[C@](O)(C3)C2,2.2731802
CCOC(=O)C(CCc1ccccc1)NC1CCc2ccccc2N(CC(=O)O)C1=O,-0.29672766
Cc1ccc(-c2cn(C)cn2)cc1NC(=O)c1ccc(OCc2ccccn2)cc1,2.9879603
Cc1nc(-c2ccc(C)c(NC(=O)c3ccc(OCc4ccccn4)cc3)c2)c[nH]1,2.8661292
Cc1ccc(-c2cn(C)c(C)n2)cc1NC(=O)c1ccc(OCc2ccccn2)cc1,2.8966603
Cc1ccc(-c2c[nH]cn2)cc1NC(=O)c1ccc(OCc2ccccn2)cc1,2.824757
O=c1cc(-c2cccnc2)[nH]c2cc(C(O)c3ccccc3)ccc12,2.700822
O=c1cc(-c2cccnc2)[nH]c2cc(Cc3ccccc3)ccc12,3.385792
CC1(C)CCC(c2ccc(Cl)cc2)=C(CN2CCN(c3ccc(C(=O)NS(=O)(=O)c4ccc(N[C@H](CCN5CCOCC5)CSc5ccccc5)c(S(=O)(=O)C(F)(F)F)c4)cc3)CC2)C1,2.0674655
COc1ccc(CC(=O)NC(N/C(=N/C#N)Nc2ccccc2C)C(C)(C)C)cc1OC,2.336809
Cc1ccc(CN2C(=O)CCSc3ccc(Cl)cc32)cc1,3.651522
O=c1c2ccccc2[se]n1-c1ccccc1,3.1728976
CC[C@H](C)C(=O)O[C@H]1C[C@H](O)C=C2C=C[C@H](C)[C@H](CC[C@@H](O)C[C@@H](O)CC(=O)O)[C@H]21,-0.6764171
CC[C@H](C)C(=O)O[C@H]1C[C@@H](C)C=C2C=C[C@H](C)[C@H](CC[C@@H](O)C[C@@H](O)CC(=O)O)[C@H]21,0.5957731
CCC(C)(C)C(=O)O[C@H]1C[C@@H](C)C=C2C=C[C@H](C)[C@H](CC[C@@H](O)C[C@@H](O)CC(=O)O)[C@H]21,1.1995637
C(=C/c1nn[nH]n1)\c1ccccc1,0.1953783
CCC(CC)NC(=O)c1nnn(-c2ccccc2)c1NS(=O)(=O)c1ccc(C)cc1,0.67466605
COc1ccc2c(C)cc(N[C@H]3CC[C@H](NCc4cn(C)c5ccccc45)C3)nc2c1,3.199084
Nc1cccc2c1C(=O)C(=O)c1ccccc1-2,2.4422193
O=C1C(=O)c2cccc([N+](=O)[O-])c2-c2ccccc21,3.0913644
Nc1ccc2c(c1)C(=O)C(=O)c1ccccc1-2,2.2674541
O=C1C(=O)c2cc([N+](=O)[O-])ccc2-c2ccccc21,3.197273
CC(C)(C)C(=O)Nc1ccc2c(c1)C(=O)C(=O)c1ccccc1-2,3.3412814
COC(=O)CCCC(=O)Nc1ccc2c(c1)-c1ccccc1C(=O)C2=O,2.812557
O=C1C(=O)c2ccc([N+](=O)[O-])cc2-c2ccccc21,3.1940906
Nc1ccc2c(c1)-c1ccccc1C(=O)C2=O,2.2421055
COC(=O)CCCCCCC(=O)Nc1ccc2c(c1)C(=O)C(=O)c1ccccc1-2,3.1927946
COC(=O)CCC(=O)Nc1ccc2c(c1)C(=O)C(=O)c1cc(NC(=O)CCC(=O)OC)ccc1-2,1.9283713
Nc1ccc2c(c1)C(=O)C(=O)c1cc(N)ccc1-2,1.3649304
O=C1C(=O)c2ccccc2-c2ccccc21,3.136274
Nc1cccc2c1-c1ccccc1C(=O)C2=O,2.1630616
COC(=O)CCC(=O)Nc1ccc2c(c1)-c1ccccc1C(=O)C2=O,2.4794817
COC(=O)CCCCCCC(=O)Nc1ccc2c(c1)-c1ccccc1C(=O)C2=O,3.1887023
CCCC(=O)Nc1ccc2c(c1)C(=O)C(=O)c1ccccc1-2,3.1008754
CN1CCN(c2nc(NCCNc3ccc([N+](=O)[O-])cc3)c3ccccc3n2)CC1,3.1687944
C1CCc2c(c3c(N4CCCC4)nc(N4CCCC4)nc3n2CCN2CCOCC2)C1,3.5628777
COc1cc(C(=O)NS(=O)(=O)c2ccccc2)ccc1Cn1ncc2ccc(NC(=O)CC3CCCC3)cc21,1.5725935
CCOc1ccccc1N1CCN(Cc2c[nH]nc2-c2ccc(F)cc2)CC1,3.4637227
COc1ccc(-c2csc(N(CCCN3CCOCC3)C(=O)c3ccco3)n2)cc1,3.086702
N#Cc1ccc(-c2csc(Nc3ccc(O)cc3)n2)cc1,3.592228
COc1cc2ncc(C(N)=O)c(Nc3ccc(F)cc3F)c2cc1NCCN1CCCCC1,2.3543606
Cc1ccc(NC(=O)c2ccc(C#N)cc2)cc1-n1cnc2ccc(N3CCN(C)CC3)cc2c1=O,2.3702886
COc1cccc(C(=O)Nc2ccc(C)c(-n3cnc4ccc(N5CCN(C)CC5)cc4c3=O)c2)c1,2.7109406
Cc1ccc(NC(=O)c2ccccc2F)cc1-n1cnc2ccc(N3CCN(C)CC3)cc2c1=O,2.799306
COc1ccccc1C(=O)Nc1ccc(C)c(-n2cnc3ccc(N4CCN(C)CC4)cc3c2=O)c1,2.7099075
Cc1nc(C)c(-c2ccc3c(c2)CC[C@]32CC[C@@H](Cc3nnn[nH]3)CC2)nc1C(N)=O,2.1862588
Nc1n[nH]c(Nc2ccccc2)n1,1.1350758
CCO[C@@H]1OC(=O)C[C@@H]1NC(=O)[C@@H]1CCCN2C(=O)CC[C@H](NC(=O)c3nccc4ccccc34)C(=O)N12,0.795815
Nc1nc2ccccc2n1C(=O)c1ccccc1,2.5242302
COc1cccc(Nc2c(C(N)=O)cnc3c(C)cc(S(=O)(=O)c4cccc(C(=O)N(C)C)c4)cc23)c1,2.7202847
COc1cc(N2CC[C@@H](N(C)C)C2)c2[nH]c(C(=O)Nc3ccc(N4CCOCC4)cc3)cc(=O)c2c1,1.9509305
COc1cnc(-c2ccccn2)nc1Oc1ccc(F)cc1F,3.106152
Cc1cc(NC(=O)c2ccc(Cl)cc2)n(-c2ccccc2)n1,3.2791216
N#Cc1cnn(-c2ccccc2)c1NC(=O)c1ccccc1F,1.9714133
C[C@@H](Oc1cccc2ncnc(Nc3ccc4c(cnn4Cc4ccccn4)c3)c12)C(=O)N1CCOCC1,2.908389
O=S(=O)(Nc1nc(-c2ccccc2)nn1Cc1ccccc1)c1ccccc1,1.4712076
CCN1CCCC1CNC(=O)c1cc(S(N)(=O)=O)ccc1OC,-0.5794449
CCN1CCC[C@H]1CNC(=O)c1c(O)c(Cl)cc(Cl)c1OC,1.2203791
CCN1CCC[C@H]1CNC(=O)c1c(OC)ccc(Br)c1OC,0.68578184
CCN1CCC[C@H]1CNC(=O)c1cc(Br)cc(OC)c1OC,0.9642186
CCN1CCC[C@H]1CNC(=O)c1cc(S(N)(=O)=O)ccc1OC,-0.64772654
Cn1c(Nc2ccc(C(F)(F)F)cc2)nc2cc(Oc3ccnc(-c4ncc(C(F)(F)F)[nH]4)c3)ccc21,4.134139
Clc1cccc(-c2cnc3ccc(NC4CCOCC4)nn23)c1,3.444364
Cc1nc2ccccc2n1Cc1sc2c(c1C(=O)N1CC[C@@H](O)C1)c(=O)n(C)c(=O)n2CC(C)C,1.3207767
CNc1nc2ccccc2n1Cc1sc2c(c1C(=O)N1CC[C@@H](O)C1)c(=O)n(C)c(=O)n2CC(C)C,1.797667
COc1ccc(Cn2c(=O)[nH]c3c(=O)n(CC(=O)NC(C(=O)C(F)(F)F)C(C)C)c(-c4ccccc4)cc3c2=O)cc1,2.7225175
Cc1ccc(CO)cc1N(C)c1ccnc(Nc2cc(OC3CCOCC3)cc(N3CCOCC3)c2)n1,3.6645262
O=C(NCC1CCCCC1)c1c(Cl)ccc2ncccc12,2.9838266
COc1cc2c(Nc3ccc(F)cc3F)c(C(N)=O)cnc2cc1N1CCN(C)CC1,2.6468701
CC(=O)NC[C@H]1CN(c2ccc(-n3ccc(C#N)c3)c(F)c2)C(=O)O1,1.5694114
Cc1ncc(-c2ccnc(Nc3ccc(N4CCOCC4)cc3)n2)n1C(C)C,3.179171
Cc1ncc(-c2nc(Nc3ccc(N4CCOCC4)cc3)ncc2F)n1C(C)C,3.4016304
CC(C)Oc1cc(OCCc2cccnc2)cc(C(=O)Nc2ccc(C(=O)O)cn2)c1,0.709736
CC(NC(=O)C1(N)CCN(c2ncnc3[nH]ccc23)CC1)c1ccccn1,1.1985054
c1ccc(-c2nnc3ccc(NC4CC4)nn23)cc1,2.7197409
CS(=O)(=O)Cc1cc(N2CCOCC2)nc(-c2cccc3cc[nH]c23)n1,2.0146444
O=C([C@H]1CCCCN1)N1CCN(c2nc(NCc3ccc(Cl)cc3Cl)c3cccnc3n2)CC1,3.2899847
CCCc1cc(C2=N[C@@H](C(=O)NO)CO2)cc(OC)c1OC,1.7350308
O=C(NO)C1COC(c2ccc(F)c(C(F)(F)F)c2)=N1,1.5346068
Cc1cc(=O)oc2cc3c(cc12)CCCN3,2.130254
O=C(O)c1cc(N=Nc2ccc(S(=O)(=O)Nc3ccccn3)cc2)ccc1O,-0.5570004
CN1CC(=O)N2[C@H](Cc3c([nH]c4ccccc34)[C@H]2c2ccc3c(c2)OCO3)C1=O,2.4493952
CCC(c1ccncc1)n1[nH]c(=O)c2[nH]c3cc(Cl)ccc3c(=O)c2c1=O,0.71741426
O=c1[nH]n(Cc2ccncc2)c(=O)c2c(=O)c3ccc(Cl)cc3[nH]c12,0.35625076
COC(=O)[C@@H]1C2CCC(C[C@@H]1c1ccc(I)cc1)N2CCCF,2.4435668
Cc1cc(=O)n(-c2ccccc2)n1C,0.50659776
Cc1c(N(C)C)c(=O)n(-c2ccccc2)n1C,0.6773304
O=C(Nc1ccc(Cl)c(Cl)c1)N1CCN(C[C@@H]2CCCN(CC3CC3)C2)CC1,2.453441
Nc1ccccc1NC(=O)c1ccc(CNc2nccc(-c3cccnc3)n2)cc1,2.5029283
O=C(O)c1ccccc1-c1c2ccc(=O)cc-2oc2cc(O)ccc12,0.8205451
CC(C)Cn1c(=O)n(C)c(=O)c2c(C(=O)N3C[C@H](O)CO3)c(Cc3c[nH]c4ncccc34)sc21,1.8479675
CN[C@@H](C)C(=O)N[C@H](C(=O)N[C@H]1CCCN(C(=O)c2ccccc2)C1)C1CCCCC1,1.2833531
O=C1NC(=O)c2cc(OCc3ccccc3)ccc21,2.3078985
Cc1ccc(NC(=O)c2ccno2)cc1-n1cnc2ccc(N3CCN(C)CC3)cc2c1=O,2.1846867
Cc1cc(CN2Cc3ccccc3C2C(=O)Nc2cc(Cl)ccc2Cl)ccc1OCC(=O)O,2.0741568
Cc1cc(CN2Cc3ccccc3C2C(=O)Nc2ccc(Cl)cc2Cl)ccc1OCC(=O)O,2.1714814
Cc1cc(CN2Cc3ccccc3C2C(=O)Nc2ccc(Cl)cc2)ccc1OCC(=O)O,1.7985913
Cc1ccccc1-n1c(Cn2cnc3c(N)ncnc32)nc2cccc(C)c2c1=O,2.3082025
O=C(NCC12CC3CC(CC(C3)C1)C2)c1cc(CN2CC3CNCC(C2)O3)ccc1Cl,1.8160611
Nc1ccc(C(=O)Nc2cccc(-c3nc(N4CCOCC4)c4oc5ncccc5c4n3)c2)cn1,3.195673
O=C1OCCN1N=Cc1ccc([N+](=O)[O-])o1,0.51887476
CS(=O)(=O)c1cccc(Nc2nccc(Nc3c(Cl)ccc4ccoc34)n2)c1,3.3847733
CS(=O)(=O)c1cccc(Nc2nccc(Nc3cccc4ccoc34)n2)c1,3.2439814
Cc1noc(C)c1CCC1CCN(S(=O)(=O)CC2(N(O)C=O)CCC(F)(F)CC2)CC1,1.914964
CN1CCN(c2nc3ccccc3cc2Cn2nc(-c3ccc4nc(N)sc4c3)c3c(N)ncnc32)CC1,3.415347
CNc1c(Br)cnc2[nH]c(-c3ccc(OCCN4CCN(C)CC4)cc3)nc12,2.3084178
C[C@H](CO)Nc1nc(SCc2cccc(F)c2F)nc2[nH]c(=O)cnc12,3.0105824
COC(=O)c1nc2c(N[C@H](C)CO)nc(SCc3cccc(F)c3F)nc2[nH]c1=O,2.6469839
Nc1nc2cc3c(cc2s1)CCN(Cc1cnc[nH]1)CC3,1.1994526
CCN(CC)CCN1C(=O)CN=C(c2ccccc2F)c2cc(Cl)ccc21,2.5735888
O=C1Nc2ccc(Cl)cc2C(c2ccccc2Cl)=NC1O,3.168364
CN1C(=O)CN=C(c2ccccc2)c2cc(Cl)ccc21,2.799651
CC(C)[C@@H]1N=C(c2ccccc2)c2ccccc2NC1=O,3.5312696
CN1C(=O)CN=C(c2ccccc2F)c2cc([N+](=O)[O-])ccc21,2.380044
O=C1CN=C(c2ccccc2Cl)c2cc([N+](=O)[O-])ccc2N1,3.0278401
CC(=O)Nc1ccc2ccn(-c3cc(Nc4ccn(C)n4)n4ncc(C#N)c4n3)c2c1,2.943253
NC(=O)c1cc(F)cc(O[C@@H]2C[C@@H]3CC[C@H](C2)N3Cc2ccccc2)c1,1.7528973
NC(=O)c1cccc(O[C@H]2C[C@@H]3CC[C@H](C2)N3Cc2ccccc2)c1,1.5688083
Cc1c(O[C@@H]2C[C@@H]3CC[C@H](C2)N3Cc2ccccc2)cccc1C(N)=O,1.7646462
NC(=O)c1ccc(O[C@@H]2C[C@@H]3CC[C@H](C2)N3Cc2ccccc2)c(F)c1,1.7003345
Cc1cc(C(N)=O)ccc1O[C@@H]1C[C@@H]2CC[C@H](C1)N2Cc1ccccc1,1.9409705
NC(=O)c1cccc(O[C@@H]2C[C@@H]3CC[C@H](C2)N3Cc2ccccc2)c1,1.5015199
Oc1cccc(O[C@@H]2C[C@@H]3CC[C@H](C2)N3Cc2ccccc2)c1,2.5487149
Cc1cc(O[C@@H]2C[C@@H]3CC[C@H](C2)N3Cc2ccccc2)cc(C(N)=O)c1,1.946443
CNC(=O)c1cccc(O[C@@H]2C[C@@H]3CC[C@H](C2)N3Cc2ccccc2)c1,1.6284741
CCN(CC)CCOc1ccc(C(O)(Cc2ccc(Cl)cc2)c2ccc(C)cc2)cc1,3.799542
CC(C)c1nc(N2CCN(c3ncc(OCc4ccncc4C#N)cn3)[C@H](C)C2)no1,3.4498858
C[C@@H]1CN(c2noc(C(F)(F)F)n2)CCN1c1ncc(OCc2ccncc2C#N)cn1,3.4006085
Cc1nc(N2CCN(c3ncc(OCc4ccncc4C#N)cn3)[C@H](C)C2)no1,2.6240776
C[C@@H]1CN(c2noc(C(F)F)n2)CCN1c1ncc(OCc2ccncc2C#N)cn1,3.115177
COc1cc(Nc2c(C#N)cnc3cc(OCCCN4CCN(C)CC4)c(OC)cc23)c(Cl)cc1Cl,3.0918174
COc1cc2c(Nc3ccc(F)c(Cl)c3)c(C(N)=O)cnc2cc1OCCCN1CCN(C)CC1,2.550824
Cc1ccc(NC(=O)c2ccc(CN3CCN(C)CC3)cc2)cc1Nc1nccc(-c2cccnc2)n1,2.4121082
COC(=O)c1c(O)cccc1OC/C=C/c1ccc(F)c(-c2cc(C(=O)O)no2)c1,0.9498669
C[C@@H](C(=O)NCCN1CCCC1)c1ccc(OS(=O)(=O)C(F)(F)F)cc1,0.9212202
CCC[C@@H](CN1CCCC1)N(C)C(=O)Cc1ccc(Cl)c(Cl)c1,2.628996
CCCc1cc(=O)[nH]c(=S)[nH]1,0.7491778
Cn1c(C#N)ccc1-c1ccc2c(c1)C(C)(C)OC(=S)N2,3.3120246
CC(C)[C@H](NC(=O)C[C@H](NC(=O)/C=C/c1ccccc1)c1ccccc1)C(=O)[C@@H]1C(=O)NC(=O)[C@H]1C,2.1760278
CC(O)(C(=O)Nc1ccc2c(c1)-c1ccccc1S2(=O)=O)C(F)(F)F,3.0330262
N#CC1(NC(=O)[C@@H]2CCCC[C@H]2C(=O)N2CCN(c3nc4c(s3)COCC4)CC2)CC1,1.5474873
CC1(C)COCc2sc(N3CCN(C(=O)[C@@H]4CCCC[C@H]4C(=O)NC4(C#N)CC4)CC3)nc21,2.3539479
CC(C)OC(=O)c1cn(Cc2c(F)cccc2F)c2sc(-c3ccc(NC(=O)C(C)C)cc3)c(CN(C)Cc3ccccc3)c2c1=O,4.24682
N=C(N)c1cc2c(/C=C/c3ccc4c(c3)OCO4)cccc2s1,1.6881449
Cc1ccccc1CCOCCCS(=O)(=O)CCNCCc1ccc(O)c2nc(O)sc12,2.5266776
O=S(=O)(CCCOCCc1ccccc1)CCNCCc1ccc(O)c2nc(O)sc12,2.1877713
C[C@@H](COCCCS(=O)(=O)CCNCCc1ccc(O)c2nc(O)sc12)c1ccccc1,2.117051
CS(=O)(=O)Nc1ccc(CCOCCCS(=O)(=O)CCNCCc2ccc(O)c3nc(O)sc23)cc1,1.4647357
COCCNCc1cccc(CCNC[C@H](O)c2ccc(O)c3[nH]c(=O)sc23)c1,-0.5240414
COCCNCc1ccc(CCNC[C@H](O)c2ccc(O)c3[nH]c(=O)sc23)cc1,-0.5447092
NC(=O)c1cccc([S+]([O-])[C@@H]2C[C@@H]3CC[C@H](C2)N3Cc2ccccc2)c1,0.58843815
CN[C@@H](C)C(=O)N[C@H](C(=O)N[C@H]1CCCCN(Cc2ccccc2)C1)C1CCCCC1,1.8975303
CCCc1c(C(=O)Nc2cc(C)on2)cnn1-c1ccccc1,3.4748607
Cc1nc2nc(-c3cccnc3)nn2c(O)c1Cc1ccccc1,1.2789352
N#Cc1cccc(C(=O)Nc2cc(-c3ccccc3)nn2-c2ccccc2)c1,3.5681274
O=C(C(=O)c1cc(Br)ccc1O)c1cc(Br)ccc1O,3.4602222
CCCNC(=O)CSc1ccc(S(=O)(=O)N2CCCC2)cn1,1.2736483
Fc1cc(F)cc(-c2cc(N(CCCN3CCCCCC3)Cc3ccc4c(c3)OCO4)on2)c1,3.4628844
CN1CCCC(n2nc(Cc3ccc(Cl)cc3)c3ccccc3c2=O)CC1,2.554213
CCCSc1nc(N2CCOCC2)ccc1C(=O)N[C@H]1C2CC3CC1C[C@](O)(C3)C2,2.9555387
CCNc1nc(N)c(C(=O)c2ccc(Cl)s2)s1,3.5003462
O=C(c1scc2c1CCCC2)N1CCCCC1,2.6415427
Cc1c(Oc2ccc(S(C)(=O)=O)cc2F)ncnc1OC1CCN(C(=O)OC(C)C)CC1,3.1235664
CCn1cc(C(=O)O)c(=O)c2cc(F)c(N3CCNCC3)nc21,-1.2785263
O=C(COCc1cscn1)N1CCN(c2ccc(Cl)cc2Cl)CC1,2.7279325
CC(c1ccsc1)n1[nH]c(=O)c2[nH]c3cc(Cl)ccc3c(=O)c2c1=O,1.2139492
O=c1[nH]n(Cc2ccsc2)c(=O)c2c(=O)c3ccc(Cl)cc3[nH]c12,1.0810722
O=C(Nc1ccc(N2CCNCC2)cc1)c1ccc(-c2ccc(Cl)cc2)o1,2.5600767
CCN(C(=O)c1ccc(-c2ccc(Cl)cc2)o1)c1ccc(N2CCNCC2)cc1,2.6984963
CC(C)C(=O)Nc1nc(-c2ccccn2)cc2ccccc12,3.0713735
N#C[C@@H]1CCCN1C(=O)CNCCNc1ccc(Cl)cn1,0.5841173
Nc1nc(-c2ccccc2)nn1Cc1ccccc1,2.4441998
CSc1nc(-c2ccccc2)nn1Cc1ccccc1,3.561217
CC(C)C(C#N)(CCCN(C)CCc1ccccc1)c1ccccc1,3.231783
COc1ccc(CCN(C)CCCC(C#N)(c2ccc(OC)c(OC)c2)C(C)C)cc1OC,3.0109081
Clc1ccc(C2=CSC3=NCCN23)cc1Cl,1.5160592
O=C(Nc1nnc(C(=O)Nc2ccc(N3CCOCC3)cc2)o1)c1ccccc1,1.8366034
O=C(Nc1nnc(C(=O)Nc2ccc(N3CCOCC3)cc2)o1)c1ccc(Cl)cc1,2.6069813
Cc1cc(Nc2ccccc2)n(CCC#N)n1,2.077542
C[C@H](CO)Nc1nc(SCc2ccccc2)nc2[nH]c(=O)[nH]c12,2.8082209
Cc1cccc(Nc2ccncc2S(=O)(=O)NC(=O)NC(C)C)c1,-0.24954915
C[C@H]1O[C@@H](n2cnc3c(N)nc(OC4CC5CC5C4)nc32)[C@H](O)[C@@H]1O,1.7392038
O=C(O)c1[nH]c2ccccc2c1CCCOc1cccc2ccccc12,2.7625957
Cn1c(C(=O)O)c(CCCOc2cccc3ccccc23)c2ccccc21,2.8494089
COc1ccc(CNC(=O)Nc2ncc([N+](=O)[O-])s2)cc1,2.911052
CCN(c1ccnc(Nc2cc(N3CCOCC3)cc(N3CCOCC3)c2)n1)c1cc(CO)ccc1C,3.2604427
CN(c1cccc(CO)c1)c1ccnc(Nc2cc(N3CCOCC3)cc(N3CCOCC3)c2)n1,2.7719738
Cc1ccc(CO)cc1N(c1ccnc(Nc2cc(N3CCOCC3)cc(N3CCOCC3)c2)n1)C(C)C,3.4749312
CN(c1ccccc1)c1ccnc(Nc2cc(N3CCOCC3)cc(N3CCOCC3)c2)n1,3.4788501
COc1ccc(C)c(N(C)c2ccnc(Nc3cc(N4CCOCC4)cc(N4CCOCC4)c3)n2)c1,3.7131848
Cc1ccc(CO)cc1N(C)c1ccnc(Nc2cc(N3CCOCC3)cc(N3CCOCC3)c2)n1,3.1383073
COc1cc(CO)cc(N(C)c2ccnc(Nc3cc(N4CCOCC4)cc(N4CCOCC4)c3)n2)c1,2.8298469
COCCN(c1ccnc(Nc2cc(N3CCOCC3)cc(N3CCOCC3)c2)n1)c1cc(CO)ccc1C,3.045527
CC(=O)NC1CN(c2ccc(Nc3ncc(F)c(-c4cnc(C)n4C(C)C)n3)cc2)C1,3.012847
O=c1cc(N2CCOCC2)oc2c(-c3cccc(-c4ccsc4)c3)cccc12,3.757343
Cc1cc(Nc2ncc(F)c(N[C@H]3[C@@H](C(N)=O)[C@@H]4C=C[C@H]3C4)n2)ccc1N1CCN(C)CC1,2.5980482
CN1CCC[C@H]1c1ccccn1,0.18072414
CCCc1c(C(=O)Nc2ccc(F)cc2C)cnn1-c1ccccc1,3.6054564
Nc1nccc(-c2cccs2)n1,1.6144162
c1ccc(CNCCNCc2ccccc2)cc1,0.15205741
N#Cc1ccc(NC(=O)Nc2ccccc2Br)c2nn[nH]c12,2.8650362
COc1cc(F)ccc1-c1cccc(CNC2CCCC2)n1,2.0009825
Clc1ccc2nsnc2c1NC1=NCCN1,0.44521642
CN1C(=O)CC(C)(CCc2cccc(-c3ccccc3)c2)N=C1N,2.1115108
Cc1[nH]c2nc(NCc3cccc(Cl)c3)nn2c(=O)c1Cc1ccccc1,3.5985806
Cc1[nH]c2nc(NCc3cccc(Br)c3)nn2c(=O)c1Cc1ccccc1,3.6312435
Cc1[nH]c2nc(NCc3ccc(Cl)cc3)nn2c(=O)c1Cc1ccccc1,3.6176486
Cc1nccc(-c2ccc(-c3nc4ccncc4c(O)c3C#N)cc2)c1Cl,1.8871486
Cc1cc(-c2ccc(-c3nc4ccncc4c(O)c3C#N)cc2)ccn1,1.3163676
Nc1c2c(nc3ccccc13)CCCC2,1.9091525
CCCN(CCO)CCCOc1ccc2c(Nc3cc(CC(=O)Nc4cccc(F)c4F)[nH]n3)ncnc2c1,2.191259
COc1cc2c(Nc3cc(CC(=O)Nc4cccc(F)c4F)[nH]n3)ncnc2cc1OCCCN(CCO)CC(C)C,2.662231
CCN(CCO)CCCOc1cc2ncnc(Nc3cc(CC(=O)Nc4cccc(F)c4F)[nH]n3)c2cc1OC,1.8700554
CCCN(CCO)CCCOc1cc2ncnc(Nc3cc(CC(=O)Nc4cccc(F)c4F)[nH]n3)c2cc1OC,2.1269066
CCN(CCO)CCCOc1cc2ncnc(Nc3cc(CC(=O)Nc4cccc(F)c4)[nH]n3)c2cc1OC,1.8167988
Cc1ccc(-c2cc(C(=O)N3CCOCC3)c3cc(C)ccc3n2)cc1,3.4038713
COc1cc(-n2nnc3cc(-c4ccc(Cl)cc4)sc3c2=O)ccc1N1CC[C@@H](O)C1,3.0089536
Nc1nccc2ccccc12,1.4646202
c1ccc2cnccc2c1,1.8115194
N#CCNC(=O)[C@@H]1CCCC[C@H]1C(=O)N1CC=CCC1,0.7442318
CC(C)(C)c1cc2nc3c(c(O)n2n1)CN(Cc1ccccc1)C3=O,1.8730828
NCCCCN(Cc1nc2ccccc2[nH]1)C1CCCc2cccnc21,0.5439017
CC(C)(C(=O)O)c1ccc(C(O)CCCN2CCC(C(O)(c3ccccc3)c3ccccc3)CC2)cc1,0.16054249
CC(C)(C)c1ccc(C(O)CCCN2CCC(C(O)(c3ccccc3)c3ccccc3)CC2)cc1,3.878575
CN(C)C(=O)N[C@H]1CC[C@H](CCN2[C@H]3CC[C@@H]2C[C@H](Oc2cccc(C(N)=O)c2)C3)CC1,0.23829663
CN(C)C(=O)N[C@H]1CC[C@@H](CCN2[C@H]3CC[C@@H]2C[C@H](Oc2cccc(C(N)=O)c2)C3)CC1,0.311471
CN(C(=O)Cc1ccc(S(C)(=O)=O)cc1)[C@@H]1CCN(Cc2nc3ccccc3s2)C[C@@H]1F,2.0890734
CN(C(=O)Cc1ccc(S(C)(=O)=O)cc1)[C@@H]1CCN(Cc2nc3cc(F)ccc3s2)C[C@@H]1F,2.359737
O=C(CC1CCCCCC1)Nc1cccc2c(=O)n([C@H]3CCNC3)ccc12,1.1709266
NC(=O)c1cccc(OC2CCN(CC3CC3)CC2)c1,0.8668252
CC(=O)Nc1ccc2c(c1)c(-c1cc(NC3CC3)n3ncc(C#N)c3n1)cn2CCO,2.1529503
COC(=O)CCn1cc(-c2cc(NC3CC3)n3ncc(C#N)c3n2)c2cc(NC(C)=O)ccc21,2.861419
CC(=O)Nc1ccc2[nH]cc(-c3cc(NC4CC4)n4ncc(C#N)c4n3)c2c1,2.817478
CC(=O)Nc1ccc2c(c1)c(-c1cc(NC3CC3)n3ncc(C#N)c3n1)cn2CCCO,2.2449937
CC(=O)Nc1ccc2c(c1)c(-c1cc(NC3CC3)n3ncc(C#N)c3n1)cn2CCC(=O)O,-0.06020379
CC(=O)Nc1ccc2c(c1)c(-c1cc(NC3CC3)n3ncc(C#N)c3n1)cn2C,3.0292425
CCCCC(CC)CNC(=O)c1ccc2c(c1)c(Cc1ccc(C(=O)NS(=O)(=O)c3ccccc3C)cc1OC)cn2C,2.8604052
CCC(CC)CNC(=O)c1ccc2c(c1)c(Cc1ccc(C(=O)NS(=O)(=O)c3ccccc3C)cc1OC)cn2C,2.5194173
Nc1ccc2c(c1)C(=O)c1ccccc1-2,2.2571216
O=S(=O)(Nc1ccc(S(=O)(=O)Nc2nccs2)cc1)c1ccc2c(c1)OCCO2,1.3732903
O=[N+]([O-])c1c(Cl)c(Cl)cc2nc(O)c(O)nc12,0.4919448
CC(C)Cn1c(=O)n(C)c(=O)c2c(C(=O)N3CCCC3)c(Cc3ccccc3C(F)(F)F)sc21,3.2975287
CC(C)Cn1c(=O)n(C)c(=O)c2c(C(=O)N3CC[C@@H](O)C3)c(Cc3ccccc3C(F)(F)F)sc21,2.8022017
c1ccc(CC2NCCc3ccccc32)cc1,1.8495915
CNc1c(Cl)cnc2[nH]c(-c3ccc(OCCN4CCOCC4)cc3)nc12,2.7912972
CNc1c(C(N)=O)cnc2[nH]c(-c3ccc(OCCN4CCOCC4)cc3)nc12,1.7912523
COc1cc(OC)c(S(=O)(=O)NCc2ccccc2N2CCC(CO)CC2)cc1NC(C)=O,0.9145889
COc1cc(OC)c(S(=O)(=O)NCc2ccccc2N2CCCCC2)cc1NC(=O)CCC(=O)O,-0.43113685
Cc1nocc1C(=O)Nc1ccc(-c2ccccc2OC(F)(F)F)c(N)n1,3.5274572
COc1cc2ncnc(Nc3cc(NC(=O)c4ccnc(N5CCOCC5)c4)ccc3C)c2cc1OCCN1CCCCC1,2.7270036
N#CC1(NC(=O)[C@@H]2CCCC[C@H]2C(=O)N2CCN(c3nccs3)CC2)CC1,1.3013332
CC(C)(C#N)c1cnc(N2CCN(C(=O)[C@@H]3CCCC[C@H]3C(=O)NC3(C#N)CC3)CC2)s1,1.8219258
CCc1csc(N2CCN(C(=O)[C@@H]3CCCC[C@H]3C(=O)NC3(C#N)CC3)CC2)n1,1.9762777
Cc1sc(N2CCN(C(=O)[C@@H]3CCCC[C@H]3C(=O)NC3(C#N)CC3)CC2)nc1C(F)(F)F,2.8389404
N#CC1(NC(=O)[C@@H]2CCCC[C@H]2C(=O)N2CCN(c3nc(C(F)(F)F)cs3)CC2)CC1,2.2330017
N#Cc1cnc(N2CCN(C(=O)[C@@H]3CCCC[C@H]3C(=O)NC3(C#N)CC3)CC2)s1,1.3276509
CC(C)(C)OC(=O)N1CCN(c2ccc(OCc3ccc(S(C)(=O)=O)cc3)nc2)CC1,3.2307305
CS(=O)(=O)c1cccc(Nc2nccc(Nc3cccc4ocnc34)n2)c1,2.7334657
O=c1[nH]cnc2[nH]ncc12,-0.29784608
COc1ccc(CN2CCc3c([nH]c4ccccc34)C2)cc1OC,3.2420926
CC1CC(OC(=O)C(O)c2ccccc2)CC(C)(C)C1,2.7838047
Cc1ccc(-c2[nH]cnc2C)cc1NC(=O)c1ccc(OCc2ccccn2)cc1,3.0604875
c1cc2c(cc1-c1cnc3n1CCC3)OCCO2,2.298623
COc1cc2ncnc(Nc3cccc(Cl)c3F)c2cc1CN(C)C1(C(N)=O)CCN(C)CC1,2.4704366
COC(=O)N1CCN(c2ccnc(-n3ccnc3)n2)C(CC(=O)NCc2ccc3c(c2)OCO3)C1,2.1784458
O=C(N[C@@H](Cc1cccc(OCCCNc2ccccn2)c1)C(=O)O)c1c(Cl)cccc1Cl,-0.24629283
CC(c1ccccc1)C(Cc1nc2ccccc2[nH]1)c1nc2ccccc2[nH]1,3.9158926
COc1c(N2C[C@@H]3CCCN[C@@H]3C2)c(F)cc2c(=O)c(C(=O)O)cn(C3CC3)c12,-0.7571919
CCCSc1c(C(=O)NC2CCCCC2)cnn1[C@H]1CC[C@H](C(=O)O)CC1,1.1691307
CCCSc1c(C(=O)NC2CCCCC2)cnn1[C@H]1CC[C@@H](C(=O)O)CC1,1.1066896
O=C(Nc1ccc(Nc2ccc(NC(=O)c3ccccc3)c3c2C(=O)c2ccccc2C3=O)c2c1C(=O)c1ccccc1C2=O)c1ccccc1,4.1195087
COc1cc(F)ccc1-c1cncc(CNC2CCCCC2)c1,2.2112768
O=C(Nc1ccc(N2CCOCC2)nc1)c1nnc(Nc2cccc(OCc3cccnc3)c2)o1,3.1661263
O=C(N[C@@H](Cc1ccccc1)[C@@H](O)C(=O)N1C[C@H](O)[C@H](O)C1)c1cc2cc(Cl)ccc2[nH]1,2.5760615
COc1cc(F)ccc1-c1cncc(CNC2CCC2)n1,1.9515946
NC1(c2ccc(-c3nn4ccccc4c3-c3ccccc3)cc2)CCC1,2.5648541
Cn1cnc(-c2ccccc2)c1-c1cc2c(N)ncnc2s1,2.9805713
CNC1(C)C2CCC(C2)C1(C)C,-0.9700222
CC(C)[C@@H](CN1CCCCC1)N(C)C(=O)Cc1ccc(Cl)c(Cl)c1,2.9175649
O=C(Nc1ccc(Cl)c(Cl)c1)N1CCN(C[C@H]2CN(C3CC3)CCO2)CC1,2.4967403
COc1cccc(-c2cc(O)c3cc(NC(C)=O)ccc3n2)c1,2.2211063
Nc1cc(-c2ccccc2)nc2ccccc12,2.6013927
CC(=O)Nc1ccc2nc(-c3cccc(F)c3)cc(O)c2c1,2.410647
COc1cccc2c(O)cc(-c3ccccc3)nc12,2.9378085
Oc1ccc(-c2ccc3cc(O)ccc3n2)cc1,3.101912
Oc1cccc2nc(-c3ccccc3)cc(O)c12,3.0356972
c1ccc(-c2ccc3ccccc3n2)cc1,3.3940675
Oc1cc(-c2ccccc2)nc2ccccc12,2.832446
O=C(O)c1cc(-c2ccccc2)nc2ccccc12,-0.09706664
COc1ccc(-c2cc(O)c3cc(Cl)ccc3n2)cc1,3.281261
CN1Cc2c(N)cccc2C(c2ccccc2)C1,1.9987938
CN1Cc2c(N)cccc2[C@@H](c2ccccc2)C1,1.7321467
CN1Cc2c(N)cccc2[C@H](c2ccccc2)C1,1.9739854
CN1Cc2ccccc2C(c2ccc(Cl)cc2)C1,3.3181326
Nc1n[nH]c2nnc(-c3ccccc3)c(-c3ccccc3)c12,2.8140543
CCCNC(=O)c1nnc2c(-c3cnc(OC)nc3OC)cccc2c1N,3.0100322
Cc1c(-c2ccc3c(c2)OCO3)c(=O)n(C[C@H](N)c2ccccc2)c(=O)n1Cc1c(F)cccc1F,2.682501
Cc1cc(NCc2ccccc2)nc2ccccc12,3.64286
CNC(=O)c1c(F)cccc1Nc1nc(Nc2cc3c(cc2OC)CCN3C(=O)CN(C)C)nc2[nH]ccc12,2.5624356
CC1(C)[C@@H]2CC[C@@]1(CS(=O)(=O)NC1CCN(c3ccc(C(F)(F)F)cn3)CC1)C(=O)C2,3.2358556
CC(C)(C)NS(=O)(=O)c1cncc(-c2ccc3nc(NC(=O)NCC(=O)N4CCOCC4)nn3c2)c1,0.9584013
Cc1ncccc1Oc1ncnc(OC2C3COCC2CN(C(=O)OC(C)C)C3)c1C,2.9828167
CC(C)(C)NS(=O)(=O)c1cncc(-c2ccc3nc(N)nn3c2)c1,1.1078684
CNC(=O)Nc1nc2ccc(-c3cncc(S(=O)(=O)NC(C)(C)C)c3)cn2n1,1.4275217
COc1ccc2nc(C)cc(OCC(=O)Nc3ccccc3OC)c2c1,2.8383622
Cc1sc2ncnc(SCC(=O)N3CCCC3)c2c1C,2.4691663
C[C@@H]1CN(Cc2ccc(F)cc2)CCN1C(=O)COc1ccc(Cl)cc1NC(N)=O,2.5161815
Nc1ncnc2nc(-c3ccc(N4CCOCC4)nc3)cc(-c3cccc(Br)c3)c12,3.4482434
CC1(C)C(=O)Nc2ccccc21,1.7127402
CCCN(CCC)CCc1cccc2c1CC(=O)N2,0.8334247
O=C(NCCSCc1ccccc1)c1ccccc1,2.9524858
CC1(C)Cc2c(-c3ccccc3)c(-c3ccc(Cl)cc3)c(CC(=O)O)n2C1,2.5621572
O=c1oc2ccccc2c(O)c1Cc1c(O)c2ccccc2oc1=O,1.661453
C[C@@H]1CN(C(=O)OC(C)(C)C)CCN1c1ncc(OCc2ccc(C#N)cc2)cn1,3.722261
C[C@H]1CN(C(=O)OC(C)(C)C)CCN1c1ncc(OCc2ccc(S(C)(=O)=O)cc2)cn1,3.3637912
CC(C)(C)OC(=O)N1CCN(c2ncc(OCc3ccc(S(C)(=O)=O)cc3)cn2)CC1,3.1566334
C[C@@H]1CN(C(=O)OC(C)(C)C)CCN1c1ncc(OCc2ccc(S(C)(=O)=O)cc2F)cn1,3.4265027
C[C@@H]1CN(C(=O)OC(C)(C)C)CCN1c1ncc(OCc2ccc(S(C)(=O)=O)cc2)cn1,3.3941128
C[C@@H]1CN(C(=O)OC(C)(C)C)CCN1c1ncc(OCc2ccc(S(C)(=O)=O)cc2C#N)cn1,3.2409458
c1ccc2nc(C3=NCCN3)ccc2c1,1.0950632
O=C(O)COc1ccc(Cl)cc1C1CCCCC1,1.0851496
Nc1ncnc2c1C(=O)N(c1ccc([C@H]3CC[C@H](CC(=O)O)CC3)cc1)CCO2,-0.29824734
Nc1c(-c2ccccc2)c(CN2CCOCC2)nn1-c1ccc(F)cc1,2.5342314
Nc1sc2c(c1C(=O)NCc1ccccc1)CCCC2,3.5126822
Nc1ncc(-c2ccc(F)cc2)[nH]1,1.8383744
CCCN(c1cccnc1)P(=O)(c1ccccc1)c1ccccc1,3.5361648
Nc1ncnc2c1ncn2[C@@H]1O[C@H](CSCCCNC(=O)NCc2ccccc2)[C@@H](O)[C@H]1O,1.157453
O=c1cc(N2CCOCC2)nc2c3ccccc3ccn12,2.034201
Cc1ccc(CO)cc1N(C)c1ccnc(Nc2cc(N3CCCCC3)cc(N3CCOCC3)c2)n1,3.7459075
Cc1nc2n(c(=O)c1CCN1CCC(c3noc4cc(F)ccc34)CC1)CCCC2,2.0487823
CC(C)c1ncc(NC(=O)OCc2ccccc2)c(=O)n1CC(=O)NC(C(=O)C(F)(F)F)C(C)C,2.0501564
CN[C@@H](C)C(=O)N[C@H](C(=O)N[C@H]1CCCN(CCc2ccccc2)C1)C(C)(C)C,1.2129138
CN[C@@H](C)C(=O)N[C@H](C(=O)N[C@H]1CCCN(CCc2ccc(OC)cc2)C1)C(C)(C)C,1.260271
CN[C@@H](C)C(=O)N[C@H](C(=O)N[C@H]1CCCN(CCc2cccc(OC)c2)C1)C(C)(C)C,1.2788675
CN[C@@H](C)C(=O)N[C@H](C(=O)N[C@H]1CCCN(CCc2ccc(O)cc2)C1)C(C)(C)C,1.0233808
CN[C@@H](C)C(=O)N[C@H](C(=O)N[C@H]1CCCN(CCc2ccc(C)cc2)C1)C(C)(C)C,1.6573511
CN[C@@H](C)C(=O)N[C@H](C(=O)N[C@H]1CCCN(CCc2ccc(Br)cc2)C1)C(C)(C)C,2.0504537
CN[C@@H](C)C(=O)N[C@H](C(=O)N[C@H]1CCCN(CCc2ccc(F)cc2)C1)C(C)(C)C,1.4688692
CN[C@@H](C)C(=O)N[C@H](C(=O)N[C@H]1CCCN(CCc2ccccc2OC)C1)C(C)(C)C,1.2289283
CN[C@@H](C)C(=O)N[C@H](C(=O)N[C@H]1CCCN(CCc2ccc([N+](=O)[O-])cc2)C1)C(C)(C)C,1.4175236
CN[C@@H](C)C(=O)N[C@H](C(=O)N[C@H]1CCCN(CCc2ccc(C(F)(F)F)cc2)C1)C(C)(C)C,2.173482
CCC(CC)NC(=O)c1cnn(-c2ccccc2)c1NS(=O)(=O)c1ccc(-c2cnco2)cc1,0.92797005
CNc1c(Br)cnc2[nH]c(-c3ccnc(N)c3)nc12,2.3190577
O=C1c2ccccc2CN1C1CCN(CCC(c2ccccc2)c2ccccc2)CC1,3.5772
CC(C)C(NC(=O)Cn1c(-c2ccccc2)ccc(NC(=O)NCc2cccnc2)c1=O)C(=O)C(F)(F)F,2.5753205
O=C(N[C@@H](Cc1ccccc1)C(=O)N1CCC(O)CC1)c1cc2cc(Cl)ccc2[nH]1,3.302422
CCC(c1nc2ccsc2c(=O)n1Cc1cscn1)N(CCCN)C(=O)c1ccc(C)cc1,0.20006227
CNC(=O)c1ccccc1Sc1ccc2c(/C=C/c3ccccn3)n[nH]c2c1,3.4310098
CCN(C(=O)Nc1ccccc1)c1ccccc1,3.10594
O=C(Nc1ccc([N+](=O)[O-])cc1O)Nc1ccccc1Br,3.226258
O=C(Nc1ccccc1)Nc1ccccc1C(=O)O,0.29408967
CO[C@@H](C(=O)N1Cc2n[nH]c(NC(=O)c3ccc(N4CCN(C)CC4)cc3)c2C1)c1ccccc1,1.8211278
CCOC(=O)[C@H](Cc1ccc([N+](=O)[O-])cc1)NC(=O)c1ccccc1,2.520326
Cn1cncc1-c1c2c(=O)n(C3CC3)c(=O)n(CC3CC3)c2nn1Cc1ccnc2ccc(Cl)cc12,3.8206728
CN[C@@H](C)C(=O)N[C@H](C(=O)N[C@H]1CCN(C(=O)Cc2ccccc2)C1)C1CCCCC1,1.266942
CN1CCOc2cc(COC3CCCCC3)cnc21,2.822442
NC(=O)c1cccc(OC2CCN(Cc3ccccc3)CC2)c1,2.1528888
OC1(c2ccccc2)CNCCc2ccccc21,0.98517334
CN1CCc2cc(Cl)c(O)cc2[C@@H](c2ccccc2)C1,2.7142773
Oc1ccc(C2CNCCc3c2cc(O)c(O)c3Cl)cc1,0.7023344
O=C(CSc1ccncc1)Nc1ccc(C(=O)c2ccccc2)cc1,3.14653
CC(=O)Nc1ccc2cnn(-c3cc(NC4CC4)n4ncc(C#N)c4n3)c2c1,2.6082537
CC1(C)C(=O)N(c2ccc(SC(F)(F)F)cc2)C(=O)N1Cc1ccnc(N2CCOCC2)c1,3.3816938
CCn1cc(C(=O)O)c(=O)c2cc(F)c(N3CCNCC3)cc21,-1.2471185
CCn1cc(C(=O)O)c(=O)c2cc(F)c(N3CCNC(C)C3)c(F)c21,-1.0217676
O=C(NCC1CCOCC1)c1nc(OS(=O)(=O)CCC(F)(F)F)ccc1NC(=O)c1ccc(Cn2ccnn2)c2ccccc12,3.417409
O=C(CO)N1CCC(c2n[nH]c(-c3ccc(Cl)cc3)c2-c2ccncn2)CC1,1.786311
O=C(O)c1ccc(-c2ccc(Cl)c(C(=O)NCC34CC5CC(CC(C5)C3)C4)c2)cc1,2.5358157
CCN(C(=O)Cc1ccc(S(C)(=O)=O)cc1)C1CCN(CCC(c2ccccc2)N2CCN(c3cccc(F)c3)CC2)CC1,2.7515023
CCN(C(=O)Cc1ccc(S(C)(=O)=O)cc1)C1CCN(CCC(c2ccccc2)N2CCN(c3ccccc3)CC2)CC1,2.529464
O=C(O)c1cncc(-c2cnc3[nH]c(C(=O)NC4CC4)cc3c2-n2ccc(C(F)(F)F)n2)c1,-0.42342997
COC(=O)C1=C(C)NC(C)=C(C(=O)OCC(C)C)C1c1ccccc1[N+](=O)[O-],3.669019
COC(=O)C1=C(C)NC(C)=C(C(=O)OC)C1c1ccccc1[N+](=O)[O-],3.3094645
COCCOC(=O)C1=C(C)NC(C)=C(C(=O)OC(C)C)C1c1cccc([N+](=O)[O-])c1,3.54041
NC(=O)c1cnc(N[C@H]2CCCNC2)c2cc(Br)sc12,0.7165483
O=C(NC[C@@H](O)CN1CCC(Oc2ccc(Cl)c(Cl)c2)CC1)c1cn2cc(F)ccc2n1,3.5525727
CN(CCOc1ccccc1-c1cc(C(N)=O)c(NC(N)=O)s1)Cc1ccccc1,2.7673478
c1csc(Cn2nnnc2CN2CCN(c3nc4ccccc4s3)CC2)c1,3.39369
O=c1[nH]n(C(c2ccccc2)c2ccncc2)c(=O)c2c(O)c3ccc(Cl)cc3nc12,1.2648754
C=CC(=O)Nc1cccc(Oc2nc(Nc3ccc(N4CCN(C)CC4)cc3OC)ncc2Cl)c1,3.5579398
CNc1ncnc2c(CNc3cc(NC(=O)c4ccc5c(c4)OCCO5)ccc3C)cccc12,3.5457902
NC(=O)Nc1sc(-c2ccc(OCCN3CCCCC3)cc2)cc1C(N)=O,1.7423186
Cc1nnsc1C(=O)Nc1ccccc1,1.3894141
Nc1nccc(-c2cc3c([nH]2)[C@@H](CCF)CNC3=O)n1,0.6199429
Nc1nccc(-c2cc3c([nH]2)[C@H](CCF)CNC3=O)n1,0.8152772
CC[C@H](Nc1ncnc2[nH]cnc12)c1nc2cccc(F)c2c(=O)n1-c1ccccc1,2.9903443
Cc1cc(C(C)Nc2ccccc2)c2nc(N3CCOCC3)cc(=O)n2c1,2.9544551
CCN(CC)C(=O)c1ccc([C@H](c2cccc(NC(=O)C3CC3)c2)N2CCN(CCOC)CC2)cc1,2.6458101
O=C(O)CCc1ccc(OCc2cccc(Oc3ccccc3)c2)cc1,2.2893455
Cc1ccc(-n2[nH]c(=O)c3cccnc32)cc1,2.0931847
Cc1cc(OCCCS(C)(=O)=O)cc(C)c1-c1cccc(COc2ccc3c(c2)OC[C@H]3CC(=O)O)c1,2.6920862
Nc1nnc(-c2cccc(Cl)c2Cl)c(N)n1,1.7466092
Cc1c(F)cc(C(=O)NC2CC2)cc1-c1ccc(C(=O)NCC(C)(C)C)cn1,3.3362958
Oc1ncc(NCc2ccccc2)c(O)n1,0.88168454
CC(NCC(O)c1ccc([N+](=O)[O-])cc1)C12CC3CC(CC(C3)C1)C2,2.5119376
COc1ccccc1CNCCc1cccc(CCNC[C@H](O)c2ccc(O)c3[nH]c(=O)sc23)c1,0.6724776
COc1cccc(C(=O)NCCCOc2cccc3ccc(N)nc23)c1,2.6122499
CN(C)CCNc1cc(-c2ccccc2)nc2cc(-c3ccc(F)cc3)nn12,3.3580794
Cc1cc(N)nc(CCNC(=O)c2ccc(C#N)cc2)c1,1.5815222
CC(C)N(CCCNC(=O)Nc1ccc(C(C)(C)C)cc1)C[C@H]1O[C@@H](n2ccc3c(N)ncnc32)[C@H](O)[C@@H]1O,2.1277375
OCCn1cc(-c2cnc3nnn(Cc4ccc5ncccc5c4)c3n2)cn1,1.6456316
CCc1nc2cc(O)ccc2c(Oc2ccc(/C=C/C(=O)O)cc2)c1-c1ccccc1,3.066501
C1=CCC(c2cc3ccccc3o2)CNC1,1.155984
CN1CC=CCC(c2cc3ccccc3o2)C1,2.0513616
CN[C@@H](C)C(=O)N[C@H](C(=O)N[C@H]1CCN(CCCc2ccccc2)C1)C1CCCCC1,1.6817291
NC(=O)c1cccnc1Oc1ccccc1,1.6968136
O=C(NCCc1ccccc1Cl)c1cc(-n2ncc(=O)[nH]c2=O)ccc1Cl,1.7891662
O=C(NCCc1ccccc1)c1cc(-n2ncc(=O)[nH]c2=O)ccc1Cl,1.0685226
O=C1CCOc2nc(OCc3ccccc3)ccc21,2.9294953
C=C1C[C@@H]2[C@H](CC[C@]3(C)C(=O)CC[C@@H]23)[C@@]2(C)C=CC(=O)C=C12,2.9123127
CCOC(=O)c1coc2ccccc2c1=O,1.7934856
O=c1ccoc2ccccc12,1.693436
COc1cc2nc(N3CCN(C(=O)c4ccco4)CC3)nc(N)c2cc1OC,1.8101127
O=c1ccoc2cc(OCc3ccccc3)ccc12,3.2584257
Cc1ccc(NC(=O)c2ccnc(N3CCOCC3)c2)cc1Nc1ccnc(OCC2CCCN(C)C2)n1,1.8370092
COc1ccc(Cl)cc1C(=O)Nc1nc2ccccc2[nH]1,3.4101224
COc1ccccc1C(=O)Nc1nc2ccccc2[nH]1,2.9985797
O=C(Nc1nc2ccccc2n1CCCO)c1cccc([N+](=O)[O-])c1,2.4652014
N#Cc1nc(N2CCOCC2)nc(N2CCOCC2)n1,1.1217077
CN(C(=O)NCc1ccccc1)C1CCN(CCC(c2ccccc2)c2ccccc2)CC1,3.7578063
C=CCN(C(=O)NCc1ccc(OC)cc1)C1CCN(CCC(c2ccccc2)c2ccccc2)CC1,3.7985234
CCN(C(=O)NCc1ccc(F)cc1)C1CCN(CCC(c2ccccc2)c2ccccc2)CC1,3.852448
CCN(C(=O)NCc1ccccc1)C1CCN(CCC(c2ccccc2)c2ccccc2)CC1,3.8262615
CCN(C(=O)NCc1c(F)cccc1F)C1CCN(CCC(c2ccccc2)c2ccccc2)CC1,3.870197
CCN(C(=O)NCc1ccc(S(C)(=O)=O)cc1)C1CCN(CCC(c2ccccc2)c2ccccc2)CC1,3.1284647
COc1cc(OC)c(S(=O)(=O)N2c3ccccc3CCC2C)cc1NC(=O)CSc1ccncc1,2.566392
O=c1[nH]c2c(O)ccc([C@@H](O)CNCCCSCCNCCc3ccccc3Cl)c2s1,0.9500923
O=c1[nH]c2c(O)ccc([C@@H](O)CNCCCSCCNCCc3cccc(Cl)c3Cl)c2s1,1.6924069
O=c1[nH]c2c(O)ccc([C@@H](O)CNCCCSCCNCCc3cccc(Cl)c3)c2s1,0.91830754
Cc1cccc(CN2CCN(C(c3ccccc3)c3ccc(Cl)cc3)CC2)c1,4.0736084
Cc1nnc(NS(=O)(=O)c2ccc(N)cc2)s1,-1.4732153
O=c1[nH]n(Cc2ccccn2)c(=O)c2c(=O)c3ccc(Cl)cc3[nH]c12,0.4737227
Nc1nc(-c2ccccc2)nc2c1nc(O)n2Cc1ccccc1,3.202503
O=S(=O)(Nc1ccccc1-c1ccccc1)c1ccccc1,3.4073272
NS(=O)(=O)c1cc(C2(O)NC(=O)c3ccccc32)ccc1Cl,0.55391836
CCCc1c(OCCCSc2ccc(CC(=O)O)cc2Cl)ccc2c(CC)noc12,3.1501098
COc1cc(N2CCN(C)CC2)c2[nH]c(C(=O)Nc3ccc(N4CCOCC4)cc3)cc(=O)c2c1,2.3224504
CN1CCN(c2cc(F)cc3c(=O)cc(C(=O)Nc4ccc(N5CCOCC5)cc4)[nH]c23)CC1,2.451304
O=c1nc(NCc2ccccc2)sn1Cc1ccccc1,3.1337042
Cc1ccc(C(=O)NC2CCC2)cc1-n1cnc2ccc(N3CCN(C)CC3)cc2c1=O,1.7372282
CC(C)C[C@H](NC(=O)N1CCOCC1)C(=O)NCC#N,0.28087747
CCCSc1nc(N[C@H]2CC[C@H](C(=O)O)CC2)ccc1C(=O)NC1CCCCC1,1.8315654
COc1cc(OC)c2nc(C)c3c(c2c1)N(c1ccc(O)cc1)CC3,3.385972
N#Cc1c(-c2ccccc2)nc(SCCc2ccccc2)[nH]c1=O,2.4951477
COc1ccc(NC(=O)CSc2nnc(C)n2-c2ccc(C)cc2)cc1,2.6621974
Cc1[nH]c(/C=C2\C(=O)Nc3ccc(F)cc32)c(C)c1C(=O)NC[C@H](O)CN1CCOCC1,2.2646239
CC(C)Nc1ccc2cnn(-c3cncc(-n4ccc(CC(=O)O)c4)n3)c2c1,0.51030207
CC[C@H](CO)Nc1nc(NCc2ccccc2)c2ncn(C(C)C)c2n1,3.4973023
O=C(Nc1ccc(N2CCOCC2)nc1)c1nnc(Nc2cccc(F)c2)o1,2.9935546
O=C(Nc1ccc(N2CCOCC2)nc1)c1nnc(Nc2ccccc2)o1,2.775951
O=C(Nc1ccc(N2CCOCC2)nc1)c1nnc(Nc2ccc(F)cc2)o1,3.0032492
CCOc1cccc(Nc2nnc(C(=O)Nc3ccc(N4CCOCC4)nc3)o2)c1,3.156547
COc1cccc(Nc2nnc(C(=O)Nc3ccc(N4CCOCC4)nc3)o2)c1,2.8323941
Cc1cccc(Nc2nnc(C(=O)Nc3ccc(N4CCOCC4)nc3)o2)c1,3.1739042
O=C(Nc1ccc(N2CCOCC2)nc1)c1nnc(Nc2ccc(F)c(F)c2)o1,3.1617663
Nc1nnc(CCSCCc2nnc(NC(=O)Cc3ccccc3)s2)s1,2.0219083
Cc1cnc(NC(=O)c2cc(Oc3cnc(C(=O)N(C)C)nc3)c3cc(C)oc3c2)cn1,2.4111714
Cc1ncc([N+](=O)[O-])n1CCO,-0.48420596
O=C(Cc1cc(Nc2ncnc3cc(OCCCN4CCC[C@@H]4CO)ccc23)n[nH]1)Nc1cccc(F)c1F,1.8944478
COc1cc2c(Nc3cc(CC(=O)Nc4cccc(F)c4F)[nH]n3)ncnc2cc1OCCCN1CCC[C@@H]1CO,1.8311243
Nc1ccc(S(=O)(=O)N2CCCC2)cc1,0.88932765
N#Cc1ccc(CN2CCN(c3ccc4nnc(C(F)(F)F)n4n3)CC2)cc1,2.6946425
Fc1cccc(CN2CCN(c3ccc4nnc(C(F)(F)F)n4n3)CC2)c1F,3.342277
Fc1ccc(CN2CCN(c3ccc4nnc(C(F)(F)F)n4n3)CC2)cc1,3.1900682
CC(C)(C)OC(=O)N1CCN(c2ccc(OCc3ccc(S(C)(=O)=O)cc3)cn2)CC1,3.3520854
CC(=O)N(c1ccccc1)C1CC(C)N(S(=O)(=O)c2ccccc2)c2ccccc21,3.3739033
Cc1ccc(Sc2ccccc2CN(C)C)c(N)c1,2.50609
CC(=O)c1ccc(S(=O)(=O)NC(=O)NC2CCCCC2)cc1,-0.3297565
CCN(C(C)=O)c1cccc2c1c(Sc1ccc(Cl)cc1)c(C)n2CC(=O)O,1.0407741
Cc1ccc2c(c1)c(Sc1cccc(Cl)c1)c(C)n2CC(=O)O,1.7524059
Cc1c(Sc2ccc(Cl)cc2)c2c(C#N)c(Cl)ccc2n1CC(=O)O,1.6075618
Cc1c(Sc2ccc(Cl)cc2)c2ccc(S(C)(=O)=O)cc2n1CC(=O)O,0.4524784
Cc1c(Sc2ccc(Cl)cc2)c2cc(S(C)(=O)=O)ccc2n1CC(=O)O,0.4532286
CC(=O)Nc1ccc2c(c1)c(Sc1ccc(Cl)cc1)c(C)n2CC(=O)O,0.7402754
Cc1ccc2c(c1)c(Sc1ccccc1Cl)c(C)n2CC(=O)O,1.6931084
Cc1c(Sc2ccc(Cl)cc2)c2c(NS(C)(=O)=O)cccc2n1CC(=O)O,0.42804146
COc1ccc(Sc2c(C)n(CC(=O)O)c3ccc(C)cc23)cc1,1.0736452
Cc1ccc2c(c1)c(Sc1ccc(Cl)cc1)c(C)n2CC(=O)O,1.7869987
Cc1c(Sc2ccc(Cl)cc2)c2c(S(C)(=O)=O)cccc2n1CC(=O)O,0.35926306
CNC(=O)c1cccc2c1c(Sc1ccc(Cl)cc1)c(C)n2CC(=O)O,0.32814574
Cc1ccc2c(c1)c(Sc1ccccc1)c(CC(=O)O)n2C,1.7423408
Cc1c(Sc2ccc(Cl)cc2)c2ccc(Cl)cc2n1CC(=O)O,2.0892668
Cc1c(Sc2ccc(Cl)cc2)c2cccc(Cl)c2n1CC(=O)O,1.9325265
Cc1c(F)ccc2c1c(Sc1ccc(Cl)cc1)c(C)n2CC(=O)O,1.95923
Cc1c(Sc2ccc(Cl)cc2)c2cc(Cl)ccc2n1CC(=O)O,2.1278286
Cc1c(Sc2ccc(Cl)cc2)c2c(Cl)cccc2n1CC(=O)O,1.911551
Cc1c(Sc2ccc(Cl)cc2)c2cc(Cl)ccc2n1C(C)C(=O)O,2.6090298
Cc1c(Sc2ccc(Cl)cc2)c2cc(F)ccc2n1CC(=O)O,1.5933058
Cc1ccc2c(c1)c(Sc1ccc(S(C)(=O)=O)cc1)c(C)n2CC(=O)O,0.091606855
COc1ccc(-c2nc3c(NCCCNC(=O)C4CCCC4)c(C(N)=O)cnc3[nH]2)cc1,2.7565224
c1ccc(N2CC3COc4ccccc4C3=N2)cc1,3.4613478
CN(CCc1ccc(O)c2nc(O)sc12)CCN(C)C(=O)CCOCCc1ccccc1,2.4582326
Oc1ccc(-c2nc3ccccc3s2)cc1,3.4222112
Nc1ccc2nc(-c3ccc(O)cc3)sc2c1,3.0105863
Nc1ccc(-c2nc3ccc(O)cc3s2)cc1,2.887117
Oc1ccc2nc(-c3ccccc3)sc2c1,3.4727345
CNc1ccc(-c2nc3ccc(O)cc3s2)cc1,3.3097332
Oc1ccc(-c2nc3ccc(O)cc3s2)cc1,3.3563023
Oc1cccc(-c2nc3ccc(O)cc3s2)c1,3.3472104
CCCc1c(OCCCSc2ccc(CC(=O)O)cc2Cl)ccc(C(=O)CC)c1O,3.0657854
CC(C)Oc1cc(OCCc2ccsc2)cc(C(=O)Nc2ccc(C(=O)O)cn2)c1,1.645
Cc1cc(C)cc(-c2[nH]c3sc(C(C)(C)C(=O)N4C5CCC4CC5)cc3c2CCN2CCN(CC(=O)N(C)C)CC2)c1,4.010095
CNc1c(Br)cnc2[nH]c(-c3ccc(OCCCN4CCOCC4)cc3)nc12,2.817758
O=[N+]([O-])c1ccc(C=NO)o1,0.0973444
CNC(=C[N+](=O)[O-])NCCSCc1ccc(CN(C)C)o1,-0.837739
Cc1nc(Cl)c(Cl)n1Cc1sc2c(c1C(=O)N1CC[C@@H](O)C1)c(=O)n(C)c(=O)n2CC(C)C,1.7164955
O=C(c1cccc(Cc2n[nH]c(=O)c3ccccc23)c1)N1CCN(c2ncccn2)CC1,1.9074035
CC(C)(C)OC(=O)N1CCN(c2ncc(OCc3ccc(S(C)(=O)=O)cc3)nn2)CC1,2.85286
Cc1ccc2c(N)c(C#N)sc2n1,1.9430377
CCc1c(C)nc2sc(C(N)=O)c(N)c2c1C,2.7228105
CN(C)c1ccnc2sc(C(N)=O)c(N)c12,1.6986992
O=c1[nH]c2c(O)ccc([C@@H](O)CNCCc3ccc(CNCCc4ccccn4)cc3)c2s1,-0.10457134
Nc1n[nH]c2ncc3c(c12)CCCCCC3,2.5699365
Clc1ccc2ncc(-c3cccc(NC4CNC4)n3)n2c1,1.4739158
N#Cc1cnn2c(NC3CC3)cc(-c3cccs3)nc12,3.1496649
Oc1ccc(C2=Cc3ccc(O)cc3OC2)cc1,3.343234
O=C(NCC1CCCCN1)c1cc(OCC(F)(F)F)ccc1OCC(F)(F)F,1.8413597
CNC(=O)c1ccc(N2C(=S)N(c3ccc(C#N)c(C(F)(F)F)c3)C(=O)C23CCC3)cc1F,2.6050892
C[C@@H](NC1=CC(=O)CNC1)c1ccc(Nc2ncc3cc(-c4ccncc4)ccc3n2)cc1,2.3460188
O=C1CCOc2cc(COc3ccccc3)ccc21,3.2578568
CC(=O)N[C@@H]1CCN(c2ccc(Nc3ncc(F)c(-c4cnc(C)n4C(C)C)n3)cc2)C1,3.1169105
O=C(CC12CC3CC(CC(C3)C1)C2)Nc1ccc2[nH]ncc2c1,3.5867815
COc1ccc2nc(C)cc(OCC(=O)NCc3ccccc3)c2c1,2.787855
O=C(c1ccccc1)c1ccc2n1CCC2C(=O)O,-0.49269986
NC(=O)c1cc2ccccc2nc1N,1.5943038
Nc1ccc2ccccc2n1,1.8464268
Nc1ccc2ncccc2c1,1.0275025
N#Cc1ccc2cccc(O)c2n1,2.0547419
Oc1ccnc2ccccc12,1.259265
O=C(O)c1ccc2cccc(O)c2n1,-0.117783785
CCOC(=O)c1cnc2c(N)cccc2c1O,0.7608211
Oc1c(I)cc(I)c2cccnc12,2.3906155
CCN(CCO)CCCC(C)Nc1ccnc2cc(Cl)ccc12,1.3130466
CCN(CC)CCCNCc1cc(Cl)c2cccnc2c1O,-0.069278955
c1ccc2ncccc2c1,1.8247207
O=[N+]([O-])c1cccc2ccc(C(Cl)(Cl)Cl)nc12,3.355442
c1cncc(Nc2ncnc3ccccc23)c1,2.0728316
O=C(CC1CCN(Cc2ccn(-c3ccc(C(F)(F)F)cc3)c2)CC1)NC(c1ccc(F)cc1)c1c[nH]c(=O)c(Cl)c1,3.526813
O=C(CC1CCN(Cc2ccn(-c3ccc(C(F)(F)F)cc3)c2)CC1)NC(c1ccc(F)cc1)c1ccc(=O)[nH]c1,3.5013387
COc1ccc2c(c1)C(c1ccccc1)=NC(NC(=O)c1ccccc1OC)C(=O)N2,3.4481158
NC(=O)c1nnn(-c2ccccc2)c1N,1.1001239
CC(C)(C)c1ccc(-c2n[nH]c(NC(=O)c3ccccc3Cl)c2Br)cc1,3.8129787
Cc1cnc(Nc2cncc(N[C@@H](C)c3ncc(F)cn3)n2)s1,2.3581874
CCO/N=C(\c1ccc(Br)cc1)C1CCN(C2(C)CCN(C(=O)c3c(Cl)cncc3Cl)CC2)CC1,3.3749719
O=c1[nH]c2c(O)ccc([C@@H](O)CNCCOc3cccc(CNCCc4ccccc4F)c3)c2s1,1.120096
O=C1C2=Nc3ccccc3CN2c2ccccc21,3.1264122
O=C1NC(=O)C(c2cnc3ccccn23)=C1c1cn2c3c(cccc13)CN(C(=O)N1CCOCC1)CC2,1.9783797
Cc1c(CN2CCN(C(=O)[C@H](C)O)CC2)sc2c(N3CCOCC3)nc(-c3cnc(N)nc3)nc12,2.1047902
Nc1nnc(CCSCCc2nnc(N)s2)s1,0.07390523
CC(C)C(NC(=O)Cn1c(-c2ccccc2)ccc(NS(=O)(=O)c2ccccc2)c1=O)C(=O)C(F)(F)F,2.293442
CC(=O)Nc1cccc(S(=O)(=O)Nc2ccc(-c3ccccc3)n(CC(=O)NC(C(=O)C(F)(F)F)C(C)C)c2=O)c1,1.7268308
COc1ccc(S(=O)(=O)Nc2ccc(-c3ccccc3)n(CC(=O)NC(C(=O)C(F)(F)F)C(C)C)c2=O)cc1,2.3462458
O=C(c1cccc(Cc2n[nH]c(=O)c3ccccc23)c1)N1CCN(c2ccccn2)CC1,2.343289
O=C(c1cc(Cc2n[nH]c(=O)c3ccccc23)ccc1F)N1CCN(c2ccccn2)CC1,2.4796026
CC#Cc1cncc(-c2cccc(C3(C4CC4)N=C(C)C(N)=N3)c2)c1,3.4838269
Cc1cc(Nc2nc(N[C@@H](C)c3ccc(F)cn3)c(C#N)cc2F)n[nH]1,2.6286855
CCCCCC[C@H]1OC(=O)CNC(=O)[C@@H]([C@H](C)O)NC(=O)[C@H](CO)NC(=O)[C@H]([C@H](C)CC)NC(=O)[C@H](CC(C)C)N(C)C(=O)[C@@H]1C,3.3193827
COc1cc2ncnc(Nc3cccc(Cl)c3F)c2cc1CN1CCC[C@H]1CC(N)=O,2.7442405
COc1cc2ncnc(Nc3cccc(Cl)c3F)c2cc1CN1CCC[C@@H]1C(N)=O,3.223432
COc1cc2ncnc(Nc3cccc(Cl)c3F)c2cc1CN1CCC[C@H]1C(N)=O,3.2482986
COc1cc2ncnc(Nc3cccc(Cl)c3F)c2cc1CN1C[C@H](OC)C[C@@H]1C(N)=O,3.1942062
CNC(=O)[C@H]1CCCN1Cc1cc2c(Nc3cccc(Cl)c3F)ncnc2cc1OC,3.3402126
C[C@H]1CN(C(=O)c2cc3c(C(=O)C(=O)N(C)C)cn(C)c3cc2Cl)[C@H](C)CN1Cc1ccc(F)cc1,3.2100325
O=c1[nH]n(C(c2ccncc2)C2CC2)c(=O)c2c(O)c3ccc(Cl)cc3nc12,1.0311136
C[C@@H](Oc1cccc2ncnc(Nc3ccc4c(cnn4Cc4ccccn4)c3)c12)C(=O)N(C)C,2.8540862
CN(C)N(C)C(=O)[C@@]1(Cc2ccccc2)CCCN(C(=O)[C@@H](Cc2c[nH]c3ccccc23)NC(=O)C(C)(C)N)C1,1.5221521
Cc1cccc(N(Cc2cc(F)c(F)cc2F)C(=O)O[C@H]2CN3CCC2CC3)c1,3.2702236
C[C@@H](CO)Oc1cc(Oc2ccc(S(C)(=O)=O)cc2)cc(C(=O)Nc2nccs2)c1,2.6158583
CC(C)Oc1cc(Oc2ccc(S(C)(=O)=O)cc2)cc(C(=O)Nc2nccs2)c1,3.472793
COc1cc(-n2cnc3cc(-c4ccc(Cl)cc4)sc3c2=O)ccc1OCCN1CCCC1,3.2644358
Cc1nc(CSc2nc(N[C@H](C)CO)c3sc(N)nc3n2)cs1,1.6652081
CN1CCN(C(=O)c2ccc(C(=C3CCN(Cc4cscn4)CC3)c3cccc4cccnc34)cc2)CC1,2.050579
C[C@H]1CN(c2nc(N3CCOC[C@@H]3C)c3ccc(-c4ccccc4)nc3n2)C[C@@H](C)O1,4.0924187
COc1ccc(-c2ccc3c(N4CCOCC4)nc(N4C[C@H](C)O[C@H](C)C4)nc3n2)cc1CO,2.6806693
COc1ccc(-c2ccc3c(N4CCOC[C@@H]4C)nc(N4CCOC[C@@H]4C)nc3n2)cc1C(N)=O,2.678232
CNCc1cccc(-c2ccc3c(N4CCOCC4)nc(N4C[C@H](C)O[C@H](C)C4)nc3n2)c1,1.4762902
C[C@H]1COCCN1c1nc(N2CCOC[C@@H]2C)c2ccc(-c3cccc(C(=O)NCCO)c3)nc2n1,2.4250717
COc1ccc(-c2ccc3c(N4CCOCC4)nc(N4C[C@H](C)O[C@H](C)C4)nc3n2)cc1CNCCO,1.2846413
CC(C)CNc1nc(C#N)nc(NC2CCS(=O)(=O)C2)c1N,2.4831905
O=c1[nH]c2c(O)ccc([C@@H](O)CNCCc3cccc(CN4CCC(c5ccccc5)CC4)c3)c2s1,1.9558047
NC(=O)c1ccc(O[C@@H]2C[C@@H]3CC[C@H](C2)N3Cc2ccccc2)cn1,1.4025171
Cn1sc(NCc2ccccc2)nc1=O,1.4967815
Cc1nc2ccc(Oc3ccc(F)cc3)cc2c(=O)n1C[C@H]1CCCN(C(C)C)C1,2.4506874
C[C@@H](NC(=O)C1CCNCC1)c1ccc(Nc2ncc3cc(-c4ccncc4)ccc3n2)cc1,0.5563587
Nc1ncc2cc(-c3c(Br)cccc3Br)c(N)nc2n1,2.801322
COc1cc(OC)cc(-c2cc3cnc(N)nc3nc2N)c1,1.9044466
CC(C)(C)OC(=O)N1CCC(OCc2nc(-c3ccncc3)no2)CC1,2.9931479
O=C(Nc1ccccc1-c1ccccc1)OC1CCN(CCCCCCCCCNC[C@H](O)c2ccc(O)c3[nH]c(=O)ccc23)CC1,1.881928
Cc1ccc(NC(=O)c2cccc(N3CCOCC3)c2)cc1-n1cnc2ccc(N3CCN(C)CC3)cc2c1=O,2.288495
CN1CCN(C2=Nc3cc(Cl)ccc3Nc3ccccc32)CC1,3.3213975
COc1cc(NS(=O)(=O)c2ccc(N)cc2)nc(OC)n1,0.2561121
COc1ncnc(NS(=O)(=O)c2ccc(N)cc2)c1OC,-0.932019
O=C(c1ccc(C(=C2CCN(Cc3cscn3)CC2)c2cccc3cccnc23)cc1)N1CCC(O)CC1,1.7569504
CCC(C)(C)C(=O)O[C@H]1C[C@@H](C)C=C2C=C[C@H](C)[C@H](CC[C@@H]3C[C@@H](O)CC(=O)O3)[C@H]21,3.5136235
N#Cc1cccc(-c2nc(-c3ccccn3)no2)c1,2.1800113
Nc1ncnc2c1nc(Sc1nc3cccc(Cl)c3s1)n2CCO,2.6273623
CC(=O)OCCn1c(Sc2nc3cccc(Cl)c3s2)nc2c(N)ncnc21,3.1033292
COc1cc(C(=O)NS(=O)(=O)c2ccccc2C)ccc1Cc1c[nH]c2ccc(NC(=O)CC3CCCC3)cc12,2.233834
CN(C)C(=O)[C@H](Cc1ccccc1)NC(=O)c1cc2sccc2[nH]1,3.407639
FC(F)(F)c1nnc2ccc(N3CCCCCC3)nn12,3.0708685
O=C(CSc1ccccc1)N1CCN(C(=O)c2ccco2)CC1,2.002068
N#CC1=C2C(=NC1=O)c1cccc3c(N4CCSCC4)ccc2c13,3.027222
COC(=O)N1CCN(C(=O)Cc2ccc(Cl)c(Cl)c2)[C@@H](CN2CCCC2)C1,2.0461156
COC(=O)N1CCN(C(=O)Cc2ccc(Cl)c(Cl)c2)[C@H](CN2CCCC2)C1,2.0611908
N#Cc1nc(NC2CC3CCC2C3)c(N)c(N2CCOCC2)n1,3.0778756
O=Cc1ccccc1B(O)O,0.46744823
Cc1cccc(C)c1OC[C@@H](C)N,0.35701525
CCCCCCCN(CC)CCCC(O)c1ccc(NS(C)(=O)=O)cc1,0.68582094
Cc1cccc(C)c1NC(=O)C(C)N,0.5654168
NC(=O)Cc1ccccc1,0.5937544
Cc1ccc(/C=C(\C#N)C(N)=O)cc1,2.0062194
CCCc1c(OCCCCSCC(=O)O)ccc(C(C)=O)c1O,1.2974237
CCN(CC)CCNC(=O)c1cc(S(C)(=O)=O)ccc1OC,-0.56667376
CCN(CC)CCNC(=O)c1cc(Br)c(N)cc1OC,0.24639869
CCCCNc1ccc(C(=O)OCCN(C)C)cc1,1.5537804
Nc1ccccc1[N+](=O)[O-],0.8119364
C=CC(=O)Nc1ccc(C)cc1,2.317823
NC(=O)c1ccc(Br)cc1,1.5476379
Cc1ccc(NC(=N)N)cc1C,-0.10001278
CCN(CC)S(=O)(=O)c1ccc(NC(=O)[C@@](C)(O)C(F)(F)F)c(Cl)c1,3.2748902
CC(=N)NCc1ccccc1,-0.32746172
C=CCOc1ccccc1OCC(O)CNC(C)C,0.09386039
CC(C)Cc1ccc([C@@H](C)C(=O)NS(C)(=O)=O)cc1,0.5306624
CCCNC(=O)NS(=O)(=O)c1ccc(Cl)cc1,-0.13948298
C=CCNS(=O)(=O)c1ccc(NC(=O)[C@@](C)(O)C(F)(F)F)c(Cl)c1,2.8642907
C[C@@](O)(C(=O)Nc1ccc(S(C)(=O)=O)cc1Cl)C(F)(F)F,2.1907215
Cc1ccc(C)c(OCCCC(C)(C)C(=O)O)c1,1.3265023
O=C(O)CCCc1ccc(N(CCCl)CCCl)cc1,1.4342518
CCCCN(CCCC)CCCOC(=O)c1ccc(N)cc1,1.1296834
CC(=O)Nc1ccc(O)cc1,1.0014534
CCCN(CCC)S(=O)(=O)c1ccc(C(=O)O)cc1,-0.20518398
N=C(N)Nc1ccc(Cl)c(Cl)c1,0.47269523
C=CCc1cc(NC(C)=O)ccc1OCCCNC(C)C,-0.077894926
CC(C)Cc1ccc(C(C)C(=O)NS(C)(=O)=O)cc1,0.45501232
COc1ccccc1OCC(O)COC(N)=O,0.35448325
COc1ccc(OC)c(C(O)CNC(=O)CN)c1,-0.5068035
NC(=O)c1ccccc1O,0.87033117
CC(C)CCOc1ccc(N)cc1,2.2494726
CS(=O)(=O)c1ccc([C@@H](O)[C@@H](CF)NC(=O)C(Cl)Cl)cc1,0.44491446
NS(=O)(=O)c1cc(Cl)c(Cl)c(S(N)(=O)=O)c1,0.69166136
CC(C)C(=O)Nc1ccc([N+](=O)[O-])c(C(F)(F)F)c1,2.9832141
CCOC(=O)c1ccc(OC(=O)CCCCCN=C(N)N)cc1,1.8462561
CC(C)Cc1ccc([C@H](C)C(=O)NS(C)(=O)=O)cc1,0.57082915
Cc1ccc(O)c(O)c1,1.3078549
C=C(CC)C(=O)c1ccc(OCC(=O)O)c(Cl)c1Cl,0.133708
C[C@@](O)(C(=O)Nc1ccc(S(=O)(=O)NCCCO)cc1Cl)C(F)(F)F,1.6578026
O=[N+]([O-])c1ccc(O)cc1,1.8329864
CCOc1ccc(NC(C)=O)cc1,1.6120996
COCCCCC(=NOCCN)c1ccc(C(F)(F)F)cc1,1.3791921
NNCCc1ccccc1,-0.61757135
N=C(N)SCc1ccc(Cl)c(Cl)c1,1.1968919
CCC(CCNC)Oc1cc(Cl)ccc1C#N,0.43854105
CCN(CC)C(C)C(=O)c1ccccc1,1.4133475
Cc1cccc(C)c1OCC(C)N,-0.02456975
COc1ccccc1OCC(O)CO,0.4226631
C=CCc1ccccc1OCC(O)CNC(C)C,0.09479141
Oc1cc(Cl)cc(Cl)c1,2.9730992
O=C(O)c1ccccc1O,-0.9708288
NC(=O)c1cc([N+](=O)[O-])cc([N+](=O)[O-])c1,0.95704997
CCCCNC(=O)NS(=O)(=O)c1ccc(C)cc1,-0.08859062
CCN(CC)CCNC(=O)c1cc(Cl)c(N)cc1OC,0.13139892
CC(NC(C)(C)C)C(=O)c1cccc(Cl)c1,1.9599427
CC(=O)N(C)c1ccccc1,1.167487
CCN(CC)S(=O)(=O)c1ccc(NC(=O)C(C)(O)C(F)(F)F)cc1,2.8482804
C#CCN(C)C(C)Cc1ccccc1,2.1133275
CC(C)(C)OC(=O)N[C@@H](Cc1ccccc1)C(=O)O,-1.0205514
CCN(CC)CCNC(=O)c1ccc(N)cc1,-0.47340083
CCOC(=O)c1ccc(N)cc1,1.3201189
CC(=O)Nc1ccccc1C,1.3659652
CN[C@@H](C)[C@H](O)c1ccccc1,-0.9490135
CCCC(=O)Nc1ccc(OCC(O)CNC(C)C)c(C(C)=O)c1,-0.26921964
Cc1cccc(C)c1OC[C@H](C)N,0.485749
N[C@@H](Cc1ccc(F)cc1)C(=O)O,-0.95518875
NC(Cc1ccc(N(CCCl)CCCl)cc1)C(=O)O,0.24215984
O=C(N[C@H](CO)[C@H](O)c1ccc([N+](=O)[O-])cc1)C(Cl)Cl,1.0530876
CC(C)C(=O)NCCNCC(O)COc1ccc(O)cc1,0.013324261
CCN(CC)CCOC(=O)c1ccc(N)cc1,0.32239997
COC(=O)COc1ccc(O)cc1,1.4647306
C[C@@](Cc1ccc(O)c(O)c1)(NN)C(=O)O,-0.89812374
CC(C)NCC(O)COc1ccc(COCCOC(C)C)cc1,0.23813653
C=CC(=O)Nc1ccc(OC)cc1,1.9100661
CC1=NC(C)(c2cccc(-c3cccnc3)c2)N=C1N,1.539267
CNc1cccc(CCCc2ccc(C[C@H](NC(=O)c3c(Cl)cccc3Cl)C(=O)O)s2)n1,0.3915286
O=C(Nc1cccc2cccnc12)c1ccc(N2C(=O)[C@H]3[C@H]4C=C[C@H](C4)[C@H]3C2=O)cc1,3.27185
CN1CCOc2nc(C#Cc3ccccc3)ccc21,3.5138807
O=S(=O)(c1ccccc1-c1ccc(CNC2CCOCC2)cc1)N1CCCC1,1.6901524
O=C(c1ccccc1)C(O)(CN1CCCCC1)c1ccccc1,2.7247586
COc1ccc(-n2cnc3cc(NS(=O)(=O)c4ccccc4)ccc32)cc1,3.3945045
Clc1cccc(-n2nnnc2NCc2ccccc2Oc2ccccn2)c1Cl,3.3818538
O=c1[nH]c2c(O)ccc([C@@H](O)CNCCc3cccc(-c4cccc(CNCc5ccccc5)c4)c3)c2s1,2.121002
CC(C)(F)C[C@H](N[C@@H](c1ccc(-c2ccc(S(C)(=O)=O)cc2)cc1)C(F)(F)F)C(=O)NC1(C#N)CC1,3.2228365
COCC1=C(C(=O)OC(C)OC(=O)OC(C)C)N2C(=O)[C@@H](NC(=O)/C(=N\OC)c3csc(N)n3)[C@H]2SC1,1.7953405
CCCNC(=O)c1nnc2c(-c3ncccn3)cccc2c1N,1.8850461
CCCNC(=O)c1nnc2c(-c3ncccn3)c(F)ccc2c1N,1.8497224
CS(=O)(=O)c1ccc(C(=O)Nc2ccc(Cl)c(-c3ccccn3)c2)c(Cl)c1,2.7532718
N#CCNC(=O)c1ccc(-c2ccnc(Nc3ccc(N4CCOCC4)cc3)n2)cc1,2.4507208
CC(=O)Nc1ccc(-c2ccnc(Nc3ccc(N4CCOCC4)cc3)n2)cc1,2.7424107
CC1Sc2c(C(=O)O)c(=O)c3cc(F)c(N4CCNCC4)cc3n21,-1.4310946
CC(C)N1CCN(C(=O)NCc2ccc(Cl)c(Cl)c2)CC1,2.8556297
O=C(NCc1ccccn1)c1ccc(Oc2ccccc2)cc1,3.0726619
CC(=O)Nc1ccc2ccn(-c3cc(NCCCCO)n4ncc(C#N)c4n3)c2c1,2.1521974
CC(=O)Nc1ccc2ccn(-c3cc(NCCCN(C)C)n4ncc(C#N)c4n3)c2c1,1.1994375
CCC(c1nc2ccsc2c(=O)n1Cc1cccnc1)N(CCCN)C(=O)c1ccc(C)cc1,0.4974836
O=C1CCCc2nc(C#Cc3ccccc3)ccc21,3.5061269
Cn1c(-c2ccccc2)cc2onc(-c3ccncc3)c2c1=O,2.4372766
C[N+]1(C)[C@H]2C[C@H](OC(=O)C(O)(c3cccs3)c3cccs3)C[C@@H]1[C@H]1O[C@@H]21,-0.5164788
COc1cc2c(Nc3ccc(Cl)cc3F)ncnc2cc1OCCn1cncn1,3.222282
Cc1ccc(-c2nc3ccccc3[nH]2)cc1NC(=O)c1ccc(OCc2ccccn2)cc1,3.6564794
COc1cnc(-c2ccccn2)nc1N1CCOCC1,1.5001429
N#Cc1nc(N2CCCC2)c(N)c(N2CCOCC2)n1,2.259279
CC(=O)N1CCN(c2ccc(NC(=O)c3nnc(Nc4ccccc4F)o3)cc2)CC1,2.395984
O=c1cc(N2CCOCC2)nc2ccccn12,1.0455893
Fc1ccc([C@@H]2CCNC[C@H]2COc2ccc3c(c2)OCO3)cc1,1.2368561
N#CC1(NC(=O)[C@@H]2CCCC[C@H]2C(=O)N2CCc3[nH]c4ncccc4c3C2)CC1,1.5640707
CC1CC(=O)Nc2ccccc2N1,1.107427
O=C1COC2(CCN(S(=O)(=O)c3ccc(-c4ccc5cccnc5c4)cc3)CC2)CN1C1CC1,3.1660933
c1ccc(-c2c[nH]c(-c3ccccc3)n2)cc1,3.4324903
COc1cccc(-c2c[nH]c(-c3ccccc3)n2)c1,3.4622126
Cc1cc(Nc2ccc(F)cc2)nc(N)n1,2.3950098
CSCCC(NC(=O)c1ccccc1)c1nc2ccccc2n1Cc1ccc(C#N)cc1,3.7014415
COc1cc(-c2nn[nH]n2)ccc1Cn1ccc2ccc(NC(=O)OC3CCCC3)cc21,2.4580534
CC(C)C(NC(=O)Cn1c(-c2ccccc2)ccc(NC(=O)NCc2ccccn2)c1=O)C(=O)C(F)(F)F,2.6242409
Cc1ccc(NC(=O)c2cccc(C(F)(F)F)c2)cc1NC(=O)c1cccnc1,3.2535973
CC(C)COc1cc(-c2cccc3c(=O)cc(N4CCOCC4)oc23)ccc1NC(=O)CN1CCOCC1,3.3727193
C=CCOc1cc(-c2cccc3c(=O)cc(N4CCOCC4)oc23)ccc1NC(=O)CN1CCOCC1,2.7009196
O=C(CN1CCOCC1)Nc1ccc(-c2cccc3c(=O)cc(N4CCOCC4)oc23)cc1O,2.1346786
COc1cc(-c2cccc3c(=O)cc(N4CCOCC4)oc23)ccc1NC(=O)CN1CCOCC1,2.3259373
CCOc1cc(-c2cccc3c(=O)cc(N4CCOCC4)oc23)ccc1NC(=O)CN1CCOCC1,2.6853166
CC(C)Oc1cc(-c2cccc3c(=O)cc(N4CCOCC4)oc23)ccc1NC(=O)CN1CCOCC1,3.2203536
O=c1[nH]c2c(O)ccc([C@@H](O)CNCCSCCCNCCc3cccc(Cl)c3Cl)c2s1,1.6597061
CCc1ccc(CCNCCCSCCNC[C@H](O)c2ccc(O)c3[nH]c(=O)sc23)cc1,0.5995827
O=c1[nH]c2c(O)ccc([C@@H](O)CNCCSCCCNCCc3cccc(C(F)(F)F)c3)c2s1,1.1192147
O=c1[nH]c2c(O)ccc([C@@H](O)CNCCSCCCNCCc3cccc(Cl)c3)c2s1,0.88116693
CCOc1ccc(CCNCCCSCCNC[C@H](O)c2ccc(O)c3[nH]c(=O)sc23)cc1,0.4609245
O=c1[nH]c2c(O)ccc([C@@H](O)CNCCSCCCNCCc3ccccc3)c2s1,0.15343308
COc1ccc([C@]2(O)CC[C@H](N3CC[C@@H](NC(=O)CNC(=O)c4cccc(C(F)(F)F)c4)C3)CC2)cn1,1.6843276
COc1cc(C(=O)c2cc(Cl)ccc2N)cc(OC)c1OC,2.878036
C[C@H](C(=O)O)c1cccc(C(=O)c2ccccc2)c1,0.23075056
Cc1ccc(C(=O)c2cc(O)c(O)c([N+](=O)[O-])c2)cc1,1.2308257
CC(C(=O)O)c1cccc(C(=O)c2ccccc2)c1,0.11658692
CNC(=O)c1ccc(Oc2ccc3c(c2)CCN(C2CCC2)CC3)nc1,1.5784098
NS(=O)(=O)c1cc(C(=O)O)cc(N2CCCC2)c1Oc1ccccc1,-0.5465019
COc1nc(Br)cnc1NS(=O)(=O)c1ccc(Cl)s1,1.013933
CC(=O)Nc1ccc2ccn(-c3cc(NC4COC4)n4ncc(C#N)c4n3)c2c1,2.3842738
O=C(O)c1ccc2c(c1)nc(Nc1cccc(Cl)c1)c1ccncc12,1.3798672
CCCOc1cc(OCCCN2CCCC2)ccc1C(=O)Nc1cccc(O)c1,2.4317243
Cc1ccc(-c2cccc(-c3nn[nH]n3)c2)cc1,1.467967
N#Cc1cccc(-c2cccc(-c3nn[nH]n3)c2)c1,0.7484076
CS(=O)(=O)N1CCc2c(-c3cnc(N)nc3)nc(N3CCOCC3)nc21,0.46174288
CCOC(=O)Nc1cccc([C@@H](c2ccc(C(=O)N3CCC3)cc2)N2CCN(Cc3cccnc3)CC2)c1,2.351877
CNC1=Nc2ncccc2C(c2cc[nH]c2)=NC1c1cccs1,1.8774878
CN[C@@H](C)C(=O)N[C@H](C(=O)N[C@H]1CCCN(S(=O)(=O)Cc2ccccc2)C1)C(C)(C)C,1.4005607
CC[C@@H]1C(=O)N(C)c2cnc(Nc3ccc(C(=O)NC4CCN(C)CC4)cc3OC)nc2N1C1CCCC1,2.8638647
CCOC(=O)c1ccccc1-c1csc(NS(=O)(=O)c2ccc(Cl)cc2)n1,2.7603722
O=C(O)c1cccnc1N1CCC(CN2CCC(Oc3ccc(Cl)c(Cl)c3)CC2)CC1,1.7328122
COc1ccccc1O[C@@H](c1ccccc1)[C@@H]1CNCCO1,0.94402087
O=C1NC(=O)C(Cc2cccc(Oc3ccccc3)c2)S1,2.655997
COc1ccc(C)c(NC(=O)CC23CC4CC(CC(C4)C2)C3)c1,3.9130175
COc1cccc(NC(=O)CC23CC4CC(CC(C4)C2)C3)c1C,3.9394975
COc1cc(O)ccc1/C=C1\CCCN=C1c1cccnc1,2.1018937
CCCCC(CC)CNC(=O)c1cc(-n2ncc(=O)[nH]c2=O)ccc1Cl,1.6200194
C[C@@H]1CN(C(=O)OC(C)(C)C)CCN1c1ncc(OCc2ccc(S(C)(=O)=O)cn2)cn1,2.954216
C[C@H]1O[C@@H](n2cnc3c(N)nc(OCC4CCC(F)(F)CC4)nc32)[C@H](O)[C@@H]1O,2.00793
O=c1oc2c(O)cccc2cc1-c1ccc(O)cc1,2.8912952
O=c1oc2ccccc2cc1-c1ccccc1,3.3005724
O=c1oc2ccc(O)cc2cc1-c1ccc(O)cc1,2.9325511
O=c1oc2ccccc2cc1-c1ccc(O)cc1,3.1375186
Cc1c(-c2ccc(O)cc2)c(=O)oc2cc(O)ccc12,3.0265598
O=c1oc2ccc(O)cc2cc1-c1ccccc1,3.1418984
O=c1oc2cc(O)ccc2cc1-c1ccc(O)cc1,2.9903598
COc1ccc(-c2c(C)c3ccc(OC)cc3oc2=O)cc1,3.340714
O=C(NC1CC1)c1cc(-c2cccs2)on1,2.6480756
O=C(NCc1ccc(OC(F)(F)F)cc1)C1c2ccccc2C(=O)N1CC1CC(F)(F)C1,3.616139
c1cc(-c2ccc3nc(Nc4ccc(OCCN5CCCC5)cc4)ncc3c2)ccn1,2.8603547
C1CCC(C(CC2CCCCN2)C2CCCCC2)CC1,2.1432276
NC1(c2ccc(-c3ncc4ccncc4c3-c3ccccc3)cc2)CCC1,2.1267989
Nc1ccc(C2(c3ccc(N)cc3)CCCCC2)cc1,3.113761
Cc1cc(C)cc(CCOCCS(=O)(=O)NCCNCCc2ccc(O)c3nc(O)sc23)c1,2.4681237
Cc1ccc(-c2ncc[nH]2)cc1NC(=O)c1ccc(OCc2ccccn2)cc1,2.9742246
Cc1cnc(-c2ccc(C)c(NC(=O)c3ccc(OCc4ccccn4)cc3)c2)[nH]1,3.2378454
Cc1ccc(-c2nccn2C)cc1NC(=O)c1ccc(OCc2ccccn2)cc1,3.0840914
Cc1ccc(-c2ncc(C)n2C)cc1NC(=O)c1ccc(OCc2ccccn2)cc1,3.1487103
COc1cc2c(Nc3ccc(Cl)cc3F)ncnc2cc1OCCCN1CCOCC1,3.150334
Cn1ncnc1COc1nn2c(-c3cc(F)ccc3F)nnc2cc1C(C)(C)C,2.8573189
O=C(c1ccc(F)cc1)C(O)c1ccc(F)cc1,2.7666554
O=C(Cc1ccc(O)cc1)c1ccc(O)cc1O,2.9114718
O=C(Cc1ccccc1)c1ccc(O)cc1O,3.107416
O=C(c1ccccc1)C(O)c1ccccc1,2.2415361
CC(O)(C(=O)c1ccccc1)c1ccccc1,3.1091638
CCCCC1=NC2(CCCC2)C(=O)N1Cc1ccc(-c2ccccc2-c2nn[nH]n2)cc1,1.6581182
COc1cc2c(N3CCN(C(=O)Nc4ccc(OC(C)C)cc4)CC3)ncnc2cc1OCCCN1CCCCC1,3.1802793
Clc1ccccc1CNC[C@H]1CC[C@H](CNCc2ccccc2Cl)CC1,2.2685773
COc1ccc([C@]2(C#N)CC[C@@H](C(=O)O)CC2)cc1OC1CCCC1,0.948351
Cn1c(-c2ccncc2)cc2onc(-c3ccccc3)c2c1=O,2.4488912
O=c1cc(N2CCOCC2)oc2cc(O)ccc12,1.6391202
CCN1CCC[C@@H](CN2CCN(C(=O)Nc3ccc(Cl)c(Cl)c3)CC2)C1,2.0935562
CN1CCCC(CN2CCN(C(=O)Nc3ccc(Cl)c(Cl)c3)CC2)C1,1.8777356
CC(C)N1CCC[C@@H](CN2CCN(C(=O)Nc3ccc(Cl)c(Cl)c3)CC2)C1,2.3629878
CCN1CCC[C@H](CN2CCN(C(=O)Nc3ccc(Cl)c(Cl)c3)CC2)C1,2.108678
CC(=O)Nc1ccccn1,0.64674735
CCc1cc(C(N)=S)ccn1,0.71769
Cc1ncc(CO)c(CO)c1O,-0.16787815
Cc1cc(C)nc(N)c1,1.305285
CC(C)NNC(=O)c1ccncc1,-0.24260664
NNC(=O)c1ccncc1,-0.55062103
CCCSc1ncccc1C(=O)N(C)C1CCOCC1,1.9750654
O=CN(O)C1(CS(=O)(=O)N2CCN(c3ccc(F)cc3)CC2)CCOCC1,1.0630388
O=C(NC[C@@H](O)CN1CCC(Oc2ccc(Cl)c(Cl)c2)CC1)c1c[nH]c2ccccc12,3.5541203
O=C(O)COc1ccc(-c2nccs2)cc1-c1ccccc1,0.20001888
O=C(Nc1cc(C(F)(F)F)cc(C(F)(F)F)c1)c1cnc(Cl)nc1C(F)(F)F,3.3541265
COc1ccc(Cl)c(Nc2ncnc3cc(OC)cc(OC4CCN(C)CC4)c23)c1,2.9626076
O=C(Nc1nnn[nH]1)c1cc(Oc2ccccc2)c2ccccn2c1=O,1.0835631
CN1C(=O)CC(c2ccccc2)C1=O,1.0313712
CCOC(=O)C1(c2cccc(O)c2)CCCN(CC2CC2)C1,1.6808453
Cc1cnc(-c2cc(NC(=O)c3ccc(C(F)(F)F)nc3C)ccc2Cl)[nH]1,3.2829614
COc1ccc(CC(=O)Nc2nc3ccccc3[nH]2)cc1,3.1592793
O=C1O[C@]2(CN3CCC2CC3)CN1c1ccc(Br)s1,1.9837875
O=C1O[C@]2(CN3CCC2CC3)CN1c1cccs1,1.038533
Oc1c2ncc3ccccc3c2nn1-c1ccccc1,1.2661293
Oc1c2ncc3ccccc3c2nn1-c1ccc(Cl)cc1,2.0680265
CC(C)C(=O)Nc1ccc2c(c1)C(=O)NC2=O,0.92233586
CN[C@@H](C)C(=O)N[C@H](C(=O)N[C@H]1CCN(CCc2ccccc2)C1)C1CCCCC1,1.564789
CN(C)CCCNS(=O)(=O)c1ccc(Nc2nccc(-c3cnc4ccccn34)n2)cc1,1.6946394
CN(C)CCCN(C)S(=O)(=O)c1ccc(Nc2nccc(-c3cnc4ccccn34)n2)cc1,2.0250921
CN(C)CCNS(=O)(=O)c1ccc(Nc2nccc(-c3cnc4ccccn34)n2)cc1,1.7495263
Cc1nc2ccccn2c1-c1ccnc(Nc2cccc(Cl)c2)n1,3.6924877
COCCCNS(=O)(=O)c1ccc(Nc2nccc(-c3cnc4ccccn34)n2)cc1,2.9637942
COc1cc(C(CO)CO)ccc1Nc1ncc(Cl)c(-c2cnc3ccccn23)n1,2.7513804
NS(=O)(=O)c1ccc(Nc2nccc(-c3cnc4ccccn34)n2)cc1,2.425376
C[C@@H](NC1=CC(=O)NCC1)c1ccc(Nc2ncc3cc(-c4ccncc4)ccc3n2)cc1,2.622407
CCOc1ccc(-n2c(CC)nc3ccccc3c2=O)cc1,2.760604
O=c1c2ccc(O)cc2ncn1-c1ccc(O)cc1,1.8832654
NC(=O)c1sc(-c2ccsc2)cc1NS(=O)(=O)c1ccc(C(F)(F)F)cc1,2.833879
O=c1c2cnn(-c3ccccc3)c2nc(-c2ccco2)n1-c1ccccc1,3.139738
CNC(=O)c1cccc(NC(=O)Nc2cccc(C#N)c2)c1CN1CCC(Cc2ccc(F)cc2)CC1,3.5466895
COc1ccc2nc(C)cc(-n3cc(CN4CCN(C(C)=O)CC4)nn3)c2c1,1.5433552
O=c1[nH]c2c(O)ccc([C@@H](O)CNCCc3cccc(CNCCc4ccccn4)c3)c2s1,-0.076826334
CCO/N=C(\c1ccc(Br)cc1)C1CCN(C2(C)CCN(C(=O)c3c(C)cc[n+]([O-])c3C)CC2)CC1,2.3306832
O=c1[nH]c2ccccc2n1CCCN1CCC(n2c(=O)[nH]c3cc(Cl)ccc32)CC1,3.1465342
CN(C)C(=O)N[C@H]1CC[C@H](CCN2CCN(c3ccc(Cl)c(Cl)c3)CC2)CC1,3.0353203
CN(C)C(=O)N[C@H]1CC[C@H](CCN2CCN(c3ccc(Cl)cc3)CC2)CC1,2.3915706
CN(C)C(=O)N[C@H]1CC[C@H](CCN2CCN(c3cccc(Cl)c3Cl)CC2)CC1,2.8916402
CS(=O)(=O)c1ccc(CC(=O)N(C2CC2)C2CCN(CCC(c3ccccc3)c3ccccc3)CC2)cc1,3.1309307
O=C1CCOc2nc(C#CC3CCCC3)ccc21,3.3858607
O=C([C@@H]1CCCN1)N1CCN(c2nc(NCc3ccc(Cl)cc3Cl)c3cccnc3n2)CC1,2.925655
CN(C)c1cccc2c(S(=O)(=O)N(C)CC(=O)O)cccc12,-1.0413043
Oc1cccc2ccccc12,2.6760788
COc1ccc2cc(C(C)C(=O)O)ccc2c1,-0.01802063
COc1ccc2cc([C@H](C)C(=O)O)ccc2c1,0.091172695
CN(C/C=C/C#CC(C)(C)C)Cc1cccc2ccccc12,3.5250373
CC(C)NC[C@H](O)COc1cccc2ccccc12,0.96951354
CC(C)NC[C@@H](O)COc1cccc2ccccc12,1.0325077
CN(C)c1cccc2c(S(N)(=O)=O)cccc12,1.4871616
COc1ccc2cc(CCC(C)=O)ccc2c1,2.9768348
Oc1ccc(Br)c2ccccc12,3.177644
c1ccc2ccccc2c1,2.968146
Cc1cc(C)c2c(n1)sc1c(N3CCN(C)CC3)ncnc12,2.699871
CCc1cc(C(=O)N[C@@H](Cc2cccc(Cl)c2)C(=O)NCC#N)n(C)n1,2.4716263
Cc1cccc(C[C@H](NC(=O)c2cc(C(C)(C)C)nn2C)C(=O)NCC#N)c1,3.11876
O=C(NCC12CC3CC(CC(C3)C1)C2)c1cc(N2CCNCC2)ccc1Cl,2.1248107
CCN1CCN(Cc2cnc(-c3ccc(C(=O)Nc4ccccc4N)cc3)c(C#N)c2)CC1,0.63679063
CCN1CCN(Cc2cnc(-c3ccc(C(=O)Nc4ccccc4N)cc3)c(Cl)c2)CC1,1.7838051
CC(C)N1CCN(Cc2cnc(-c3ccc(C(=O)Nc4ccccc4N)cc3)c(F)c2)CC1,1.4853501
Cc1cc(CN2CCN(C(C)C)CC2)cnc1-c1ccc(C(=O)Nc2ccccc2N)cc1,1.6038911
CCN1CCN(Cc2cnc(-c3ccc(C(=O)Nc4ccccc4N)cc3)c(C)c2)CC1,1.4358444
CC(C)N1CCN(Cc2cnc(-c3ccc(C(=O)Nc4ccccc4N)cc3)c(C#N)c2)CC1,0.79467833
CC(C)N1CCN(Cc2cnc(-c3ccc(C(=O)Nc4ccccc4N)cc3)c(Cl)c2)CC1,1.9514468
c1ccc2c(c1)CCN(c1ccncc1)C2,2.4998963
O=c1cc(OCc2ccccc2)ccn1-c1ccc2c(cnn2CCN2CCCC2)c1,2.2318985
O=C(COc1ccc(OCCNCC(O)COc2ccccc2)cc1)NCCO,0.23235476
NC(=O)COc1ccc(OCCNCC(O)COc2ccccc2)cc1,0.40530849
COC(=O)COc1ccc(OCCNCC(O)COc2ccccc2)cc1,1.1772386
C[C@H]1NC(C)(C)CO[C@]1(O)c1cccc(Cl)c1,1.7183177
C[C@@H]1NC(C)(C)CO[C@@]1(O)c1cccc(Cl)c1,1.516123
Cc1sc2c(c1C)C(c1ccc(Cl)cc1)=N[C@@H](CC(=O)OC(C)(C)C)c1nnc(C)n1-2,3.584757
CCc1cc2c(s1)-n1c(C)nnc1CN=C2c1ccccc1Cl,2.837802
NC1(c2ccc(-c3ncc4cccnc4c3-c3ccccc3)cc2)CCC1,2.1864603
Cc1ccccc1-c1c(C(=O)O)n(CCCOc2cccc3ccccc23)c2ccccc12,3.313121
C[C@]12Cc3cnn(-c4ccc(F)cc4)c3C=C1CC[C@@]2(O)CCc1ccc(F)cc1C(N)=O,3.4163175
O=C(O)c1[nH]c2cc(Cl)cc(Cl)c2c1/C=C1\CCN(c2ccccc2)C1=O,2.0162628
CCCCNc1nc(N)c2[nH]c(=O)n(Cc3ccc(OCCN(C)C)nc3)c2n1,1.6514368
Oc1ccc(-c2cnc3ccccc3n2)cc1,2.664898
C1=CCC(c2ccc3ccccc3c2)CNC1,1.4841826
CC#Cc1ccnc(-c2cccc([C@@]3(c4cc(C)c(=O)n(CC)c4)N=C(N)c4c(F)cccc43)c2)c1,3.6013196
Cc1cc(N2CCC[C@@H]2C(=O)NCCc2ccc3c(c2)OCO3)nc(-n2ccnc2)n1,2.7205048
Cc1cn(Cc2ccccc2)c(=O)[nH]c1=O,0.9421872
O=C1NC(=O)/C(=C/c2ccc3c(c2)OC(F)(F)O3)S1,3.2127137
COc1cc2ncnc(Nc3cc(NC(=O)c4cccc(N5CCOCC5)c4)ccc3C)c2cc1OC,3.394761
O=C(O)c1ccc(NC(=O)c2cc(OCc3ccccc3F)cc(OCc3ccccc3F)c2)nc1,2.590636
O=C(O)c1ccc(NC(=O)c2cc(OCc3ccccc3)cc(OCc3ccccc3)c2)nc1,2.14851
COc1cc2c(Nc3ccc(NC(=O)c4ccccc4)cc3)ncnc2cc1OCCCN1CCOCC1,2.9339886
NS(=O)(=O)c1cccc(Nc2nccc(Nc3c(Cl)ccc4c3OCO4)n2)c1,2.8352866
Clc1ccc2c(c1Nc1ccnc(Nc3ccccc3)n1)OCO2,3.622007
CS(=O)(=O)c1cccc(Nc2nccc(Nc3cccc4c3OCO4)n2)c1,2.7534559
CS(=O)(=O)c1cccc(Nc2nccc(Nc3c(Cl)ccc4c3OCO4)n2)c1,3.0995064
CS(=O)(=O)Nc1cc(Nc2nccc(Nc3c(Cl)ccc4c3OCO4)n2)cc(C(N)=O)c1,2.045276
CS(=O)(=O)c1cccc(Nc2nccc(N(CC#N)c3c(Cl)ccc4c3OCO4)n2)c1,2.745209
NS(=O)(=O)c1ccc(Nc2nccc(Nc3c(Cl)ccc4c3OCO4)n2)cc1,2.9232225
Cc1nccn1CCC(C(N)=O)(c1ccccc1)c1ccccc1,1.3734219
CC(=O)N1CCN(c2nc(C#N)nc(NCC(C)C)c2N)CC1,2.4632363
CC(C)CNc1nc(C#N)nc(N2CCNCC2)c1N,1.1403918
NC(=O)Nc1sc(-c2ccsc2)cc1C(=O)N[C@H]1CCCNC1,0.99359834
CCOc1ccc(-c2cnc3n2CCC3)cc1,2.6853132
O=c1c(-c2ccc3c(c2)OCO3)coc2cc(O)cc(O)c12,3.0814779
COc1ccc(CNC(=O)c2sc3nc(C)cc(C)c3c2N)cc1,3.5119557
CN(C)c1ccnc2sc(C(=O)NCc3ccccc3)c(N)c12,3.3155496
Cc1cc(C)c2c(N)c(C(=O)NCc3ccccc3)sc2n1,3.5010853
COc1ccc2nc(N[C@H]3CCC[C@H](NCc4ccsc4)C3)cc(C)c2c1,2.5782034
COc1ccc2nc(N[C@H]3CCC[C@H](NCc4ccsc4)C3)ccc2c1,2.20459
COc1ccc2c(C)cc(N[C@H]3CCC[C@H](NCc4ccsc4)C3)nc2c1,2.61385
CCOC(=O)c1cc(O)c(-c2ccccc2)nn1,0.6786449
COc1cc(-c2c(F)ccc3c(N)c(C(=O)NC4CC4)nnc23)c(OC)nn1,2.9243445
CC1(C)NC(=O)N(c2ccc([N+](=O)[O-])c(C(F)(F)F)c2)C1=O,2.068375
Cn1c(=O)c2[nH]cnc2n(C)c1=O,-0.2301228
Cn1c(=O)c2c(ncn2C)n(C)c1=O,-0.19784045
Cn1c(=O)c2c(ncn2CC(O)CO)n(C)c1=O,-1.0947766
CC(=O)CCCCn1c(=O)c2c(ncn2C)n(C)c1=O,0.47964823
CC(C)C(NC(=O)Cn1c(-c2ccccc2)ccc(NC(=O)NCc2ccc[n+]([O-])c2)c1=O)C(=O)C(F)(F)F,1.4345403
CC(C)C(NC(=O)Cn1c(C2CCCCC2)ncc(NC(=O)OCc2ccccc2)c1=O)C(=O)C(F)(F)F,2.5838642
CN(C)CCCNS(=O)(=O)c1ccc(Nc2nccc(-c3cnc4cccnn34)n2)cc1,1.3254133
CNS(=O)(=O)c1ccc(Nc2nccc(-c3cnc4cccnn34)n2)cc1,2.4115336
COCCNS(=O)(=O)c1ccc(Nc2nccc(-c3cnc4cccnn34)n2)cc1,2.4926536
O=S(=O)(CCCOCCSc1ccccc1)CCNCCc1ccc(O)c2nc(O)sc12,2.6724052
COc1cc2c(Nc3cc(CC(=O)Nc4cccc(F)c4)[nH]n3)ncnc2cc1OCCCN1CCC(CO)CC1,1.850933
Cc1c(CC(=O)O)c2cc(F)ccc2n1S(=O)(=O)c1ccc(S(C)(=O)=O)cc1,-0.57057047
Cc1ccc(F)cc1S(=O)(=O)N[C@@H]1CCN(Cc2ccc(-c3ccccc3)cc2)C1,3.593464
NC1(Cc2ccc(Cl)cc2)CCN(c2ncnc3[nH]ccc23)CC1,2.1477747
COc1c(C#N)cc2ccccc2c1C(=O)N(C)C[C@@H](CCN1CCC(c2ccc(O)cc2[S+](C)[O-])CC1)c1ccc(Cl)c(Cl)c1,3.460174
CC(=O)NC[C@H]1CN(c2ccc(N3Cc4cccnc4C3)c(F)c2)C(=O)O1,1.6419326
O=C1c2ccc(O)cc2C(=O)N1c1ccccc1,1.9023373
O=C1c2ccc(O)cc2C(=O)N1c1ccc(O)cc1F,1.9192525
Cc1cc(O)ccc1N1C(=O)c2ccc(O)cc2C1=O,2.0974836
O=C1c2ccc(O)cc2C(=O)N1c1cccc(O)c1,1.7428029
O=C1c2ccccc2C(=O)N1c1ccc(O)cc1,1.8854781
O=C1c2ccc(O)cc2C(=O)N1c1ccc(O)cc1,1.6980127
COc1cc2c(Nc3cnc(NC(=O)c4ccccc4)nc3)ncnc2cc1OCCCN1CCOCC1,2.7063007
CC(C)Cn1c(=O)n(C)c(=O)c2c(SC3CCCC3)c(Cc3ccccc3C(F)(F)F)sc21,4.448495
CN1CCCC1CCNC(=O)c1ccc(Nc2ncc3cc(-c4ccncc4)ccc3n2)cc1,1.887296
O=C(Nc1cccc(O)c1)c1ccc(OCCCN2CCCC2)cc1OCc1cccnc1,1.8465624
Clc1ccc(COC(Cn2ccnc2)c2ccc(Cl)cc2Cl)cc1,3.6039329
O=C(c1cc(Cc2n[nH]c(=O)c3ccccc23)ccc1F)N1CCN(C(=O)C2CCOC2)CC1,0.8670696
Cc1ccc(S(=O)(=O)Nc2c(C(=O)N[C@@H](C)C(C)(C)C)c(C)nn2C2CCCCC2)cc1,2.2507005
Nc1nc(N)c(C(=O)Nc2ccccn2)nc1Cl,1.9200472
CC(C)N(CCCNC(=O)Nc1ccc(C(C)(C)C)cc1)C[C@H]1O[C@@H](n2cnc3c(N)ncnc32)[C@H](O)[C@@H]1O,2.009434
C[C@H]1CN(Cc2cc(Cl)ccc2OCC(=O)O)CCN1C(=O)Cc1ccc(Cl)cc1,1.0840675
C[C@H](Oc1ccc(Cl)cc1CN1CCN(C(=O)Cc2ccc(Cl)cc2)[C@@H](C)C1)C(=O)O,1.1245229
C[C@H]1CN(Cc2cc(Cl)ccc2OCC(=O)O)C[C@@H](C)N1C(=O)Cc1ccccc1,0.53181934
C[C@H]1CN(Cc2cc(Cl)ccc2OCC(=O)O)CCN1C(=O)Cc1cccc(Cl)c1,1.0776076
C[C@H]1CN(Cc2cc(Cl)ccc2CCC(=O)O)CCN1C(=O)Cc1ccccc1,0.95384765
C[C@H]1CN(Cc2cc(Cl)ccc2CC(=O)O)CCN1C(=O)Cc1ccc(Cl)cc1,1.381161
C[C@H]1CN(Cc2cc(Cl)ccc2OCC(=O)O)CCN1C(=O)Cc1ccccc1Cl,1.0533717
C[C@H]1CN(Cc2cc(Cl)ccc2OCC(=O)O)CCN1C(=O)Cc1ccccc1,0.29966545
FC(F)(F)c1nnc2ccc(N3CCCC3)nn12,2.3655295
Cc1ncc2n1-c1ccc(Cl)cc1C(c1ccccc1F)=NC2,3.1747265
CN[C@@H](C)C(=O)N[C@H](C(=O)N[C@H]1CCCN(Cc2ccccc2)C1)C1CCCCC1,1.7870891
Cc1ccc(Oc2ccc(Nc3ncnc4cccc(O[C@H](C)C(=O)N(C)CCO)c34)cc2C)cn1,3.3429718
Nc1ncc(-c2cnn(C3CCOCC3)c2)cc1-c1nc2ccccc2o1,3.3013346
O=C(Nc1nc2c(=O)[nH]cnc2s1)c1ccccc1,1.4690603
c1ccc(Nc2cc(Nc3ccccc3)[nH]n2)cc1,3.6380234
COc1ccc2c(c1)N(CCN1CCC(NCc3cc4c(cn3)OCCO4)CC1)C(=O)CO2,1.008373
O=C1COc2ccccc2N1CCN1CCC(NCc2cc3c(cn2)OCCO3)CC1,0.9132447
CC(NC(=O)c1cc(O)nc2ccccc12)c1ccccc1,2.2432475
CN(c1ccnc(Nc2cccc(S(C)(=O)=O)c2)n1)c1cccc2[nH]ncc12,2.7646382
NS(=O)(=O)c1cccc(Nc2nccc(Nc3cccc4[nH]ncc34)n2)c1,2.4533315
CS(=O)(=O)c1cccc(Nc2nccc(Nc3cccc4[nH]ncc34)n2)c1,2.6569362
O=C(N[C@@H](Cc1ccc(N2CCN(c3ccccc3)CC2)cc1)C(=O)O)c1c(Cl)cccc1Cl,0.10196161
CCCc1c(OCc2cccc(NC(=O)c3ccccc3C(=O)O)c2)ccc(C(C)=O)c1O,2.3983314
CO[C@H]1CC[C@]2(CC1)Cc1ccc(-c3cc(Cl)cc(C#N)c3)cc1C21N=C(C)C(N)=N1,3.6911469
NC(=O)NC(=O)C(Nc1ccc2c(c1)CCC2)c1ccccc1,2.9188554
NC(=O)c1cccc(C[C@@H]2C[C@@H]3CC[C@H](C2)N3Cc2ccccc2)c1,1.4697406
NC(=O)c1cccc(C[C@H]2C[C@@H]3CC[C@H](C2)N3Cc2ccccc2)c1,1.3678207
CCC(c1nc2ccsc2c(=O)n1Cc1ccccc1)N(CCCN)C(=O)c1ccc(C)nc1,0.6300242
C[C@H]1O[C@@H](n2cnc3c(N)nc(OCC45CC6CC(CC(C6)C4)C5)nc32)[C@H](O)[C@@H]1O,2.8702745
COc1cc2ncnc(NCc3cccc(C)c3)c2cc1OC,3.4256175
c1ccc(CNc2ncnc3ccccc23)cc1,3.0302627
CC(Nc1ncnc2ccccc12)c1ccccc1,2.9861846
COc1cc2ncnc(NCc3ccccc3)c2cc1OC,3.075634
COc1ccc(C=NN=Cc2ccc(OC)c(OC)c2)cc1OC,3.2511528
Oc1nc(-c2ccc(C(F)(F)F)cc2)nc2c1CSCC2,2.8550587
CC(C)(C)OC(=O)N1CCN(c2ccc(OCc3ccc(S(C)(=O)=O)cc3)nn2)CC1,3.2637281
CN1CCC[C@@H]1CCO[C@](C)(c1ccccc1)c1ccc(Cl)cc1,2.9505174
CN1CCCC1CCOC(C)(c1ccccc1)c1ccc(Cl)cc1,3.1045861
COc1cc2ncc(C(N)=O)c(Nc3ccc(F)cc3F)c2cc1NCCN1CCOCC1,2.3739088
CC(c1ccccc1)N1Cc2ccccc2C1=O,3.0547276
CSc1ccc(OCc2ccccc2)c(/C=C/c2ccc(C(=O)O)cn2)c1,2.0849242
CC(C)C(NC(=O)Cn1c(-c2ccccc2)cc2c(=O)n(CCN3CCOCC3)c(=O)[nH]c2c1=O)C(=O)C(F)(F)F,1.5828227
COc1ccc(NC(=O)c2ccc(-c3ccncc3)c(C)c2)cc1N1CCN(C)CC1,2.6561599
N#Cc1c(-c2ccccc2)nc(SCc2ccccc2)[nH]c1=O,1.9221461
NC(=O)Nc1sc(-c2ccccc2)cc1C(=O)N1CCOCC1,2.362121
COc1ccc(/C=C2\SC(=S)NC2=O)cc1OC,1.8218693
OC(CCN1CCCCC1)(c1ccccc1)C1CC2C=CC1C2,2.299104
C[C@@](O)(C(=O)Nc1ccc(C(=O)N2CCCCC2)cc1Cl)C(F)(F)F,2.705036
CC(C)C(NC(=O)Cn1c(-c2ccccc2)ccc(NC(=O)Cc2cccc(C(=O)O)c2)c1=O)C(=O)C(F)(F)F,0.7127664
CC(C)C(NC(=O)Cn1c(-c2ccccc2)ccc(NC(=O)Cc2ccccc2C(=O)O)c1=O)C(=O)C(F)(F)F,0.8048253
CC(C)C(NC(=O)Cn1c(-c2ccccc2)ccc(NC(=O)Cc2ccc(C(=O)O)cc2)c1=O)C(=O)C(F)(F)F,0.8115885
Cc1cc(C)cc(-c2[nH]c3ccc(C(C)(C)C(=O)N4C5CCC4CC5)cc3c2CCNCCCCc2ccncc2)c1,3.7750387
Cc1ccccc1N1C(=O)c2cc(S(N)(=O)=O)c(Cl)cc2NC1C,1.8591516
CC(C)Cn1c(=O)n(C)c(=O)c2c(C(=O)N3C[C@H](O)[C@H](O)C3)c(Cc3ccnc4ccccc34)sc21,1.6363398
CC(C)Cn1c(=O)n(C)c(=O)c2c(C(=O)N3CC[C@@H](O)C3)c(Cc3ccnc4ccc(F)cc34)sc21,2.159792
CC(C)Cn1c(=O)n(C)c(=O)c2c(C(=O)N3CC[C@@H](O)C3)c(Cc3ccnc4ccccc34)sc21,1.930384
Cc1cc2n[nH]c(=O)n2c2cc(-c3ccco3)ccc12,3.0821705
Nc1cc2n[nH]c(=O)n2c2cc(-c3ccco3)ccc12,2.193483
Cc1ccc(NC(=O)C2CC2)cc1-n1cnc2ccc(N3CCN(C)CC3)cc2c1=O,2.052496
Nc1ccc2cccc(Nc3ncccn3)c2n1,2.3245234
Nc1cc2n[nH]c(=O)n2c2cc(-c3ccsc3)ccc12,2.693067
CC(C)C(NC(=O)Cn1c(-c2cccs2)ncc(N)c1=O)C(=O)C(F)(F)F,0.881112
CC(C)C(NC(=O)Cn1c(-c2cccs2)ncc(NC(=O)OCC(F)(F)F)c1=O)C(=O)C(F)(F)F,1.8806558
CC(=O)NC1CC2CCCC(C1)N2C(=O)Nc1ccc(Cl)c(C(F)(F)F)c1,3.268259
O=C(O)c1ccc(CN2CCC(CN3CCC(Oc4ccc(Cl)c(Cl)c4)CC3)CC2)cc1,1.2762887
O=C(O)c1cccc(CN2CCC(CN3CCC(Oc4ccc(Cl)c(Cl)c4)CC3)CC2)c1,1.2594259
O=C(O)[C@@H](c1ccccc1)N1CCC(CN2CCC(Oc3ccc(Cl)c(Cl)c3)CC2)CC1,2.187677
O=C(O)c1ccccc1CN1CCC(CN2CCC(Oc3ccc(Cl)c(Cl)c3)CC2)CC1,1.4182196
O=C(O)C(c1ccccc1)N1CCC(CN2CCC(Oc3ccc(Cl)c(Cl)c3)CC2)CC1,1.9858251
C#CC(C)(C)NC(=O)c1sccc1Oc1ccc(F)cc1[N+](=O)[O-],3.217472
OC(CCN1CCCCC1)(c1ccccc1)C1CCCCC1,2.441094
O=S(=O)(CCCNCCc1ccc(O)c2nc(O)sc12)NCCOCCSc1ccccc1,2.1233797
Nc1nc2ccc(-c3cccc(O)c3)cc2s1,3.2481384
O=C(NCC12CC3CC(CC(C3)C1)C2)c1c(Cl)ccc2nc(N3CCC[C@H](NCCc4nnn[nH]4)C3)ccc12,2.246358
O=C(N[C@@H](Cc1ccc(C#CCCNc2ccccn2)cc1)C(=O)O)c1c(Cl)cccc1Cl,0.06845808
O=C(O)c1ccc(-c2nnn(Cc3ccccc3F)n2)cc1,-0.45461416
Cc1noc2cc(N3CCN(C(=O)[C@@H]4CCCC[C@H]4C(=O)NC4(C#N)CC4)[C@H](C)C3)ccc12,2.770465
CN(CCO)C(=O)c1ccc([C@H](c2cccc(NC(=O)C3CC3)c2)N2CCN(Cc3ccc(F)cc3)CC2)cc1,3.048311
CCN(CC)C(=O)c1ccc([C@H](c2cccc(NC(=O)C3CC3)c2)N2CCN(Cc3ccc(F)cc3)CC2)cc1,3.7444358
COc1ccc2c3c1OC1C(O)C=CC4C(C2)N(C)CCC341,0.6561228
O=c1cc(O)oc2c1c(=O)n(-c1ccccc1)c1ccccc21,1.6211257
COc1cccc(/C=C2\SC(=O)NC2=O)c1N1CCC[C@@H](N)C1,1.078144
CCOc1cccc(/C=C2\SC(=O)NC2=O)c1N1CCC[C@@H](N)C1,1.4775954
N[C@@H]1CCCN(c2c(Cl)cccc2/C=C2\SC(=O)NC2=O)C1,1.7676241
Cc1cc(O)nc(-n2nc(C)c(Oc3ccccc3O)c2C)n1,1.2161207
c1ccc(-c2n[nH]c(-c3ccncc3)n2)nc1,1.2264045
O=c1[nH]cnc2cc(F)c(F)cc12,1.1863513
OC(c1ccccc1)c1cccnc1,1.4076881
COc1ccc(Cn2cc3c(=O)n(C)c(=O)n(CC(C)C)c3c2)cc1,3.15026
Cc1ccc(NC(=O)c2cccnc2)cc1-n1cnc2ccc(N3CCN(C)CC3)cc2c1=O,1.8449961
CC(=O)Nc1ccc(O)cc1OC[C@@H](O)CN1CCC2(CC1)Cc1cc(Cl)ccc1O2,2.629556
CC(=O)Nc1ccc(O)cc1OC[C@@H](O)CN1CCC2(CC1)Cc1cc(F)ccc1O2,2.1054773
Clc1ccc([C@]23CNC[C@H]2C3)cc1Cl,1.7807949
Cc1cc(N)c2cc(NC(=O)CCCCC(=O)Nc3ccc4nc(C)cc(N)c4c3)ccc2n1,1.4342401
C[C@H]([C@H](O)c1ccc(O)cc1)N1CCC(O)(c2ccccc2)CC1,0.88562524
CC(=O)O[C@H]1CC[C@]2(C=O)[C@H]3CC[C@]4(C)[C@@H](C5=CC(=O)OC5)CC[C@]4(O)[C@@H]3CC[C@]2(O)C1,0.3578117
CCC(c1nc2ccoc2c(=O)n1Cc1ccccc1)N(CCCN)C(=O)c1ccc(C)cc1,1.1208601
O=S1NC(Cc2ccc3ccccc3c2)=NO1,1.8000797
O=C(O)C(c1ccccc1)N1CCCC(CN2CCC(Oc3ccc(Cl)c(Cl)c3)CC2)C1,2.1294327
CC(N)Cc1c[nH]c2ccc(OCc3cccs3)cc12,0.7501004
Cc1nc(C(=O)[C@H](C)Oc2ccc(SCCCCCc3ccccc3)cc2)sc1CCCC(=O)O,3.3419626
Cc1nc(C(=O)[C@@H](C)Oc2ccc(SCCCCCc3ccccc3)cc2)sc1CCCC(=O)O,3.3812742
O=c1cc(N2CCOCC2)oc2c(-c3ccccc3)cccc12,3.3371525
CCC(=O)NCC[C@@H]1CCc2ccc3c(c21)CCO3,2.182767
CS(=O)(=O)Nc1cccc(NC(=O)CN2CCN(C(=O)C[C@H](N)Cc3ccc(F)c(F)c3)[C@H](Cc3ccccc3)C2)c1,1.6673594
NC1(c2ccc(-c3nc4ccccc4c(=O)n3-c3ccccc3)cc2)CCC1,1.6676769
O=C(Nc1ccc(Oc2cccnc2)nc1)c1nnc(Nc2ccccc2F)o1,3.1187272
O=C(COc1ccc(SCCCCCc2ccccc2)cc1)COc1ccc(C(=O)O)cc1,3.1389127
CC(C)N(C(=O)C(c1cccnc1)C(CNC(=O)NCc1ccccc1F)c1ccccc1)C(C)C,3.7059271
COc1cc(C(=O)NS(=O)(=O)c2ccccc2)ccc1Cn1ccc2ccc(C(=O)NCC3CCCC3)cc21,1.9410836
Nc1nc(Cl)nc(NCc2ccccc2)n1,2.0295846
CCOC(=O)/C=C/[C@H](C[C@@H]1CCNC1=O)NC(=O)[C@@H](CC(=O)[C@@H](NC(=O)c1cc(C)on1)C(C)C)Cc1ccc(F)cc1,2.8050961
CC1(C)CNC(=O)c2sc(N3CCOCC3)nc2C1,1.4816662
CCOc1cc2ncc(C(N)=O)c(Nc3ccc(F)cc3F)c2cc1N1CCC(O)CC1,2.9238448
CN(C)CCCn1c2c(c3ccccc31)CCCCCC2,2.777021
Cc1cn([C@H]2CCCN([C@H](CC3CCCCC3)c3ccc(C(=O)O)c(Oc4cccc(Cl)c4)c3)C2)c(=O)[nH]c1=O,1.5523057
CCn1c(=O)c2nc(-c3ccccc3)[nH]c2n(CC)c1=O,2.8933
C[C@H](NC(=O)c1cccc2c1N(Cc1ccc(Cl)cc1)CC2)c1ccc(C(=O)O)cc1,1.7837852
COc1cc(F)ccc1-c1cncc(CNC2CCCC2)c1,1.9043282
CSc1ccc(C(=O)C(C)(C)N2CCOCC2)cc1,2.7242756
O=C(c1ccc(OCCN2CCCCC2)cc1)c1c(-c2ccc(O)cc2)sc2cc(O)ccc12,3.6669655
Cc1nc(C)c(-c2ccc3c(c2)CC[C@]32CC[C@@H](CC(=O)O)CC2)nc1C(N)=O,1.525406
Cc1nc(C)c(-c2ccc3c(c2)CC[C@]32CC[C@H](C(=O)O)CC2)nc1C(N)=O,0.83161247
Cc1nc(C)c(-c2ccc3c(c2)CC[C@]32CC[C@@H](C(=O)O)CC2)nc1C(N)=O,0.7483903
CN1CCC[C@H]1CCN1CCCc2cc(NC(=N)c3cccs3)ccc21,0.14673734
COc1ccc2ncc(F)c(CCN3CCC(NCc4cc5c(cn4)OCCO5)CC3)c2n1,1.4203675
COc1ccc(-c2nc(N3CCOCC3)nc(O)c2C#N)cc1,0.8113041
CCOC(=O)Nc1cccc([C@@H](c2ccc(C(=O)N(C)CC)cc2)N2CCN(Cc3nc[nH]c3C)CC2)c1,2.4135113
CCOC(=O)Nc1cccc([C@@H](c2ccc(C(=O)N(C)CC)cc2)N2CCN(Cc3c[nH]c(C)n3)CC2)c1,2.0625236
Cc1cc2n[nH]c(=O)n2c2cc(-c3ccc(C(=O)N4CCOCC4)cc3)ccc12,2.8280432
O=C(CN1C2=NCCN2c2ccccc21)c1ccc(Cl)cc1,2.346002
CCN(C(=O)Cc1ccc(S(C)(=O)=O)cc1)C1CCN(CCC(c2ccc(NC(C)=O)cc2)c2cccc(F)c2)CC1,2.4752975
CN(C(=O)Cc1ccc(C#N)cc1)C1CCN(CCC(c2ccccc2)c2ccccc2)CC1,3.4522567
CCN(C(=O)Cc1ccc([N+](=O)[O-])cc1)C1CCN(CCC(c2ccccc2)c2ccccc2)CC1,3.6669154
CCN(C(=O)Cc1ccc(S(C)(=O)=O)cc1)C1CCN(CC[C@@H](c2ccc(F)cc2)c2ccc(S(C)(=O)=O)cc2)CC1,1.8240634
CCN(C(=O)Cc1ccc(S(C)(=O)=O)cc1)C1CCN(CC[C@H](c2ccc(S(C)(=O)=O)cc2)c2cc(F)c(F)c(F)c2)CC1,2.45459
CCN(C(=O)Cc1ccc(S(C)(=O)=O)cc1)C1CCN(CCC(c2ccccc2)c2ccc(NC(=O)C(C)(C)C)cc2)CC1,3.1554916
CCN(C(=O)Cc1ccc(S(C)(=O)=O)cc1)C1CCN(CC[C@H](c2ccc(S(C)(=O)=O)cc2)c2cc(F)cc(Cl)c2)CC1,2.6905057
CCN(C(=O)Cc1ccc(S(C)(=O)=O)cc1)C1CCN(CCC(c2ccccc2)c2ccc(NS(C)(=O)=O)cc2)CC1,1.9942722
CN(C(=O)Cc1ccc(Cl)cc1)C1CCN(CCC(c2ccccc2)c2ccccc2)CC1,3.7715116
CCN(C(=O)Cc1ccc(C#N)cc1)C1CCN(CCC(c2ccccc2)c2ccccc2)CC1,3.533029
CCN(C(=O)Cc1ccc(S(C)(=O)=O)cc1)C1CCN(CCC(c2ccccc2)c2ccc(NC(C)=O)cc2)CC1,2.233813
CCN(C(=O)Cc1ccc(S(C)(=O)=O)cc1)C1CCN(CCC(c2ccccc2)c2ccc(S(C)(=O)=O)cc2)CC1,1.858978
CCN(C(=O)Cc1ccc(S(N)(=O)=O)cc1)C1CCN(CCC(c2ccccc2)c2ccccc2)CC1,2.6165903
CCN(C(=O)Cc1ccc(S(=O)(=O)N(C)C)cc1)C1CCN(CCC(c2ccccc2)c2ccccc2)CC1,3.3761034
CCN(C(=O)Cc1ccc(S(C)(=O)=O)cc1)C1CCN(CC[C@H](c2ccc(S(C)(=O)=O)cc2)c2cccc(F)c2)CC1,2.1313787
CC(=O)Nc1ccc(CC(=O)N(C)C2CCN(CCC(c3ccccc3)c3ccccc3)CC2)cc1,3.0893443
CCN(C(=O)Cc1ccc(S(C)(=O)=O)cc1)C1CCN(CCC(c2ccccc2)c2ccccc2)CC1,2.880147
CN(C(=O)Cc1ccc(O)cc1)C1CCN(CCC(c2ccccc2)c2ccccc2)CC1,3.4814458
CN(C(=O)Cc1ccc(S(N)(=O)=O)cc1)C1CCN(CCC(c2ccccc2)c2ccccc2)CC1,2.498586
C=CCN(C(=O)Cc1ccc(S(C)(=O)=O)cc1)C1CCN(CCC(c2ccccc2)c2ccccc2)CC1,2.8340015
CCN(C(=O)Cc1ccc(S(C)(=O)=O)cc1)C1CCN(CCC(c2ccc(F)cc2)c2ccc(F)cc2)CC1,3.259919
COC(=O)c1ccc(CC(=O)N(C)C2CCN(CCC(c3ccccc3)c3ccccc3)CC2)cc1,3.6461422
CCN(C(=O)Cc1ccc(S(C)(=O)=O)cc1)C1CCN(CC[C@@H](c2ccccc2)c2ccc(S(C)(=O)=O)cc2)CC1,1.5373971
CCN(C(=O)Cc1ccc(S(C)(=O)=O)cc1)C1CCN(CCC(c2ccccc2)c2ccc(C#N)cc2)CC1,2.6459641
CN(C(=O)Cc1ccc(S(=O)(=O)N(C)C)cc1)C1CCN(CCC(c2ccccc2)c2ccccc2)CC1,3.2669597
COc1ccc(CC(=O)N(C)C2CCN(CCC(c3ccccc3)c3ccccc3)CC2)cc1OC,3.5580955
CCN(C(=O)Cc1ccc(S(C)(=O)=O)cc1)C1CCN(CC[C@H](c2ccc(S(C)(=O)=O)cc2)c2cc(F)cc(F)c2)CC1,2.3168645
CCN(C(=O)Cc1ccc(S(C)(=O)=O)cc1)C1CCN(CC[C@H](c2ccc(S(C)(=O)=O)cc2)c2cccc(Cl)c2)CC1,2.5472522
COCCN1CCC(Cc2ccc(C(=O)NCc3cnc(C#N)nc3NCC(C)(C)C)cc2)CC1,3.2341094
Nc1c2c(nc3c(-c4ncccn4)cccc13)CN(C1CCC1)C2=O,1.9717844
O=C(NCc1ccncn1)c1ccc(Oc2ccc(C#C[C@@]3(O)CN4CCC3CC4)cc2)cc1,1.895276
O=C(NCc1ccncn1)c1ccc(Oc2ccc(C#C[C@]3(O)CN4CCC3CC4)cc2)cc1,1.9703097
O=c1cc(-c2ccco2)[nH]c2ccccc12,2.4821591
N#CN=C(N)c1sc(Nc2ccccc2)nc1N,2.8378468
N=C(NCc1ccc(Cl)cc1)SCCCc1c[nH]cn1,1.2566764
O=C(O)COc1ccc(Cl)cc1CN1CCCN(S(=O)(=O)Cc2ccccc2)CC1,0.46763384
CS(=O)(=O)c1ccc(C(CCNC(=O)c2ccc(C#N)cc2)c2ccc(F)cc2)cc1,2.7570958
O=C(N[C@@H](Cc1ccc(CCCCNc2ccccn2)cc1)C(=O)O)c1c(Cl)cccc1Cl,0.15909648
COc1ccc(C(C)NC(=O)C2(N)CCN(c3ncnc4[nH]ccc34)CC2)cc1OC,1.9641808
CC(NC(=O)C1(N)CCN(c2ncnc3[nH]ccc23)CC1)c1ccc(Cl)cc1,2.8086884
CN(C)C(=O)CC(NC(=O)C1(N)CCN(c2ncnc3[nH]ccc23)CC1)c1ccc(Cl)cc1,1.9907924
CS(=O)(=O)NCCC(NC(=O)C1(N)CCN(c2ncnc3[nH]ccc23)CC1)c1ccc(Cl)cc1,1.7615411
CN(C)CCCC(NC(=O)C1(N)CCN(c2ncnc3[nH]ccc23)CC1)c1ccc(Cl)cc1,1.6520467
CC(NC(=O)C1(N)CCN(c2ncnc3[nH]ccc23)CC1)c1ccc(F)cc1,2.2911208
NC1(C(=O)NC(CCO)c2ccc(Cl)cc2)CCN(c2ncnc3[nH]ccc23)CC1,2.137246
CC(NC(=O)C1(N)CCN(c2ncnc3[nH]ccc23)CC1)c1ccc(S(C)(=O)=O)cc1,0.941293
NC(=O)C(NC(=O)C1(N)CCN(c2ncnc3[nH]ccc23)CC1)c1ccc(Cl)cc1,1.9089204
COCCC(NC(=O)C1(N)CCN(c2ncnc3[nH]ccc23)CC1)c1ccc(Cl)cc1,2.7239106
CS(=O)(=O)NCC(NC(=O)C1(N)CCN(c2ncnc3[nH]ccc23)CC1)c1ccc(Cl)cc1,2.0480695
CC(NC(=O)C1(N)CCN(c2ncnc3[nH]ccc23)CC1)c1ccccc1,2.0186608
NC1(C(=O)NC(CS(N)(=O)=O)c2ccc(Cl)cc2)CCN(c2ncnc3[nH]ccc23)CC1,2.1785948
CC(=O)NCC(NC(=O)C1(N)CCN(c2ncnc3[nH]ccc23)CC1)c1ccc(Cl)cc1,2.3157113
C[C@H](NC(=O)C1(N)CCN(c2ncnc3[nH]ccc23)CC1)c1ccc(Cl)cc1,2.7578785
NC1(C(=O)NC(CO)c2ccc(Cl)cc2)CCN(c2ncnc3[nH]ccc23)CC1,2.1446276
C[C@@H](NC(=O)C1(N)CCN(c2ncnc3[nH]ccc23)CC1)c1ccc(Cl)cc1,2.6034706
CN(Cc1ccc(Cl)cc1)C(=O)C1(N)CCN(c2ncnc3[nH]ccc23)CC1,2.8445277
NC1(C(=O)NCc2ccc(Cl)cc2)CCN(c2ncnc3[nH]ccc23)CC1,2.9925723
Cc1cc(C)c2c(N)c(C(=O)NC3CC3)sc2n1,2.4370382
CC(C)(C)CNc1nc(C#N)nc(N2CCOCC2)c1N,3.1376479
CCC(C)Nc1nc(C#N)nc(N2CCOCC2)c1N,2.1989877
CC(C)Nc1nc(C#N)nc(N2CCOCC2)c1N,2.1763675
CC(C)CNc1nc(C#N)nc(N2CCOCC2)c1N,2.7984934
COc1ccccc1C(C#N)NC(=O)[C@@H]1CCCC[C@H]1C(=O)N1CCN(Cc2ccc(F)cc2)CC1,3.1817489
COc1ccc(CNC(=O)c2ccc(Oc3ccc(C#C[C@]4(O)CN5CCC4CC5)cc3)cc2)nc1,2.700602
CCN(C(=O)Cc1ccc(S(C)(=O)=O)cc1)C1CCN(CC[C@@H](c2cccc(C(F)(F)F)c2)C2CCN(S(C)(=O)=O)CC2)CC1,2.1562598
CCN(C(=O)Cc1ccc(S(C)(=O)=O)cc1)C1CCN(CC[C@@H](c2ccccc2)C2CCN(S(=O)(=O)C(F)(F)F)CC2)CC1,2.5712805
CCN(C(=O)Cc1ccc(S(C)(=O)=O)cc1)C1CCN(CC[C@@H](c2cccc(F)c2)C2CCN(S(C)(=O)=O)CC2)CC1,1.4503322
CCN(C(=O)Cc1ccc(S(C)(=O)=O)cc1)C1CCN(CCC(c2ccccc2)C2CCN(S(=O)(=O)CC)CC2)CC1,1.6523159
CCN(C(=O)Cc1ccc(S(C)(=O)=O)cc1)C1CCN(CC[C@@H](c2ccccc2)C2CCN(S(C)(=O)=O)CC2)CC1,1.1771294
CCN(C(=O)Cc1ccc(S(C)(=O)=O)cc1)C1CCN(CC[C@@H](c2cc(C)cc(C)c2)C2CCN(S(C)(=O)=O)CC2)CC1,2.063297
CCN(C(=O)Cc1ccc(S(C)(=O)=O)cc1)C1CCN(CC[C@@H](c2cc(Cl)cc(Cl)c2)C2CCN(S(C)(=O)=O)CC2)CC1,2.5965366
Nc1ncnc2c1c(COc1cccc(Cl)c1)nn2C1CCOCC1,2.9301388
Cc1ccc2c(c1)C1(CCN(CCc3nc(-c4ccccc4)oc3C)CC1)OC(=O)N2,3.4490082
O=[N+]([O-])c1ccc2[nH]c(-c3ccccn3)nc2c1,2.6642494
Cc1cccc(-c2nc3cc(Cl)ccc3[nH]2)n1,3.3156211
c1ccc(-c2nc3ccccc3[nH]2)nc1,2.434386
Cc1nc(C(=O)N2CCCC3(CCN(Cc4ccc(Cl)cc4)CC3)C2)cs1,1.5479708
Cc1nc(C(=O)N2CCCC3(CCN(Cc4ccccc4)CC3)C2)cs1,0.78653264
Cn1c(N)nc(CCc2cccc(-c3cccnc3)c2)cc1=O,2.2082286
COc1ccc(NC(=O)c2ccnc(N)n2)cc1,1.6118567
Cc1cccc([C@H](C)c2c[nH]c(=S)[nH]2)c1C,3.0122907
COC(=O)c1cccc(Cn2[nH]c(=O)c3[nH]c4cc(Cl)ccc4c(=O)c3c2=O)c1,1.4996204
CN(C)C(=O)Nc1ccc(Cn2[nH]c(=O)c3[nH]c4cc(Cl)ccc4c(=O)c3c2=O)cc1,0.9632993
COC(=O)c1ccc(Cn2[nH]c(=O)c3[nH]c4cc(Cl)ccc4c(=O)c3c2=O)cc1,1.5056611
COC(=O)c1ccc(C(C)n2[nH]c(=O)c3[nH]c4cc(Cl)ccc4c(=O)c3c2=O)cc1,1.6576254
COCCNC(=O)c1cccc(Cn2[nH]c(=O)c3[nH]c4cc(Cl)ccc4c(=O)c3c2=O)c1,0.5949211
CC(C)(C)NC(=O)Nc1cccc(Cn2[nH]c(=O)c3[nH]c4cc(Cl)ccc4c(=O)c3c2=O)c1,1.9497281
O=c1cc(-c2ccccc2)oc2cc(O)cc(O)c12,3.2014332
O=c1cc(-c2ccc(O)cc2)oc2ccc(O)cc12,2.9629812
O=c1cc(-c2ccccc2)oc2ccc(O)cc12,3.1614795
O=c1cc(-c2ccc(O)cc2)oc2cc(O)ccc12,2.968855
Cn1c(=N)n(CC(=O)c2ccc(Cl)cc2)c2ccccc21,1.7344503
COc1ccccc1CNC(=O)c1ccc2cnccc2n1,2.4521408
CCC(c1nc2ccsc2c(=O)n1Cc1ccccc1)N(CC1CCNCC1)C(=O)c1ccc(C)cc1,1.38093
Nc1nc(N)c2nc(-c3ccccc3)c(N)nc2n1,1.4197936
O=C(Oc1ccccc1O)c1cccc2ccccc12,3.3801222
O=C(Oc1ccccc1)N1CCOCC1,1.4973084
CC(=O)Nc1cccc(Nc2ncnc(N3CCC(OCc4ccc(OC(F)(F)F)cc4)CC3)n2)c1C,3.8772984
COc1cc(C(=O)NS(=O)(=O)c2ccccc2C)ccc1Cc1cn(C)c2ccc(C(=O)NCCc3ccccc3)cc12,2.5572872
COc1ccc(C(=O)N2CCCC2=O)cc1,1.031198
Cc1ccc(CO)cc1N(C)c1ccnc(Nc2cc(C(=O)N3CCOCC3)cc(N3CCOCC3)c2)n1,2.464221
CC(C)(C)NC[C@H](O)COc1nsnc1N1CCOCC1,-0.34642935
CC(C)(C)NCC(O)COc1nsnc1N1CCOCC1,-0.48535013
O=C(O)C[C@H]1CC[C@H](c2ccc(-c3ccc(Nc4ccc(C(F)(F)F)nc4)cn3)cc2)CC1,3.2682273
COc1cccc2c1c(NS(=O)(=O)c1ccc(Cl)s1)nn2Cc1cccc(CNC(=O)C(C)(C)O)c1,2.3547964
COc1cc2c(Nc3ncc(NC(=O)c4ccccc4)cn3)ncnc2cc1OCCCN1CCOCC1,2.6821456
CC(C)C(NC(=O)Cn1c(-c2ccccc2)cc2c(O)nc(O)nc2c1=O)C(=O)C(F)(F)F,1.2223406
O=C(O)CN1C(=O)C(NC(=O)c2cc3sc(Cl)c(Cl)c3[nH]2)Cc2ccccc21,0.62876666
CCc1c(C(=O)NC2C3CC4CC(C3)CC2C4)cnn1-c1ccc(C(=O)O)cc1,0.97959745
CSc1c(C(=O)NC2C3CC4CC(C3)CC2C4)cnn1-c1ccc(C(=O)O)cc1,1.0518993
Cc1c(C(=O)NC2C3CC4CC(C3)CC2C4)cnn1-c1ccc(C(=O)O)cc1,0.48861814
O=C(O)c1ccc(-n2ncc(C(=O)NC3C4CC5CC(C4)CC3C5)c2C(F)(F)F)cc1,1.1042098
CC(C)c1c(C(=O)NC2C3CC4CC(C3)CC2C4)cnn1-c1ccc(C(=O)O)cc1,1.4511797
O=c1[nH]nc(Cc2ccccc2)c2ccccc12,2.2567353
O=C(NNc1cccc(Cl)c1)c1cccnc1Cl,2.6073105
CC(=O)N1CCN(CCOc2cc(OC(C)C)c3c(Nc4c(F)ccc5c4OCO5)ncnc3c2)CC1,3.1809378
O=C(NO)[C@@H](Cc1ccc2ccccc2c1)NS(=O)(=O)c1ccc2ccccc2c1,3.3757386
CCOC(=O)c1ccc(COCC2CCN(c3ccc(C)nn3)CC2)cc1,3.3415115
CC(=O)NC[C@H]1CN(c2ccc(N3CCOCC3)c(F)c2)C(=O)O1,0.81674767
COC(=O)c1ccc(C)c(NS(=O)(=O)c2ccc3c(c2)c(=O)sn3C)c1,2.3935492
COc1ccc(-c2ccc3c(N4CCOC[C@@H]4C)nc(-n4ccnc4)nc3n2)cc1CO,2.61115
CSc1ncccc1C(=O)NCC1CCCCC1,2.8759625
COc1cc2c(Nc3c(Cl)ccc4c3OCO4)ncnc2cc1OCC1CCN(C)CC1,2.2631536
Nc1nc(Nc2ccc(S(N)(=O)=O)cc2)nn1C(=O)c1c(F)cccc1F,1.7215328
O=C(Nc1ccc(N2CCOCC2)cc1)c1nnc(NC(=O)C2(c3ccc(Cl)cc3)CCC2)o1,3.1725187
Brc1cnc(NCc2ccccc2)nc1Nc1cc(C2CC2)[nH]n1,3.751378
C[C@H](Nc1nc(NC[C@@H](O)CO)c(Cl)c(Nc2cc(C3CC3)[nH]n2)n1)c1ccc(F)cc1,3.276432
Fc1ccc(CNc2ncc(Br)c(Nc3cc(C4CC4)[nH]n3)n2)cc1,3.7776198
OC[C@H](Nc1ncc(Cl)c(Nc2cc(C3CC3)[nH]n2)n1)c1ccc(F)cc1,3.3907723
CNC(=O)C[C@H](Nc1ncc(Cl)c(Nc2cc(C3CC3)[nH]n2)n1)c1ccc(F)cc1,2.73093
Cc1cc2n[nH]c(=O)n2c2cc(-c3ccncc3)ccc12,2.6404128
Cc1ccc(-c2c[nH]nn2)cc1,1.8097905
Clc1ccc(-c2c[nH]nn2)cc1,2.1413298
Oc1cc(-c2ccccc2)nc2ncnn12,0.33702338
COc1ccc(/C=C2/CCc3ccccc3C2=O)cc1CN1CCOCC1,3.5066285
Cn1ncc(Cl)c1-c1cc(C(=O)N[C@H](CN)Cc2cccc(F)c2)sc1Cl,2.3693929
CC(O)(C(=O)Nc1ccc(S(=O)(=O)c2ccncc2)cc1)C(F)(F)F,2.1924043
CC1=C(C2=C(C)C(=O)c3c(cc(O)c(O)c3Cc3ccccc3)C2=O)C(=O)c2cc(O)c(O)c(Cc3ccccc3)c2C1=O,3.1264715
Cc1ccc(CO)cc1N(C)c1ccnc(Nc2cc(N3CCOCC3)nc(N3CCOCC3)c2)n1,3.389064
Cc1ccc(C(=O)C(C)CN2CCCCC2)cc1,1.9306474
CC(C)C(NC(=O)Cn1c(-c2ccccc2)ccc(NC(=O)CN2CCOCC2)c1=O)C(=O)C(F)(F)F,1.7029171
Nc1[nH]ncc1S(=O)(=O)c1ccccc1,0.2907642
COc1ccc(-c2ccc3nc(N)sc3c2)cn1,3.0540414
Cc1ccc(S(=O)(=O)Nc2c(C(=O)N[C@@H](C)C(C)(C)C)c(C)nn2C2CCOC2)cc1,0.7024541
C[C@@H]1CN(c2ccc3c(n2)NC(=O)CO3)[C@H](c2ccccc2)CO1,2.6552794
FC(F)(F)c1nnc2ccc(N3CCCCC3)nn12,2.7325804
CN(CCOc1ccc(C[C@H](Nc2ccccc2C(=O)c2ccccc2)C(=O)O)cc1)c1nc2ccccc2o1,2.662238
Cc1ccc(S(=O)(=O)N2N=Cc3ccccc3B2O)cc1,0.022063255
CC(C)NCC(O)COc1ccc(CCOCC2CC2)cc1,0.5109706
Nc1cccc2c1C(=O)N(Cc1cccc(Cl)c1)C2=O,2.7779589
CO[C@H]1CC[C@]2(CC1)Cc1ccc(-c3cncc(Br)c3)cc1C21N=C(C)C(N)=N1,3.4912956
Cn1sc(NC(=O)c2cccc(Cl)c2)nc1=O,1.4943426
Cn1sc(NC(=O)c2ccccc2)nc1=O,0.73373234
N#Cc1nc(N2CCCCC2)c(N)c(N2CCOCC2)n1,2.6259637
CCN1C(=O)N(C)c2cnc(Nc3ccc(C(=O)NC4CCN(C)CC4)cc3OC)nc2N1C1CCCC1,2.6363363
Nc1nccc(-n2ccc3ccccc32)n1,2.137921
C=CCC1(CC(C)C)C(=O)NC(=O)NC1=O,1.3539991
CCCCC1(CC)C(=O)NC(=O)NC1=O,1.4738023
CN1CCN(S(=O)(=O)c2ccc(-c3cnc(N)c(C(=O)Nc4cnccc4CN4CCCC4)n3)cc2)CC1,2.282257
COc1cc(CCc2cc(Nc3ccnc(NCc4ccccn4)n3)n[nH]2)cc(OC)c1,3.6346316
CSc1nc(C(N)=O)c(N)s1,1.5408878
N=C(N)Nc1nc(CSCCC(=N)NS(N)(=O)=O)cs1,-1.7524786
CC(C)NCC(O)COc1nccs1,-0.74172187
CCn1c(=O)c2c(=O)cc(O)oc2c2ccccc21,1.0204017
NC1=NN(c2cccc(C(F)(F)F)c2)CC1,2.1577895
Fc1cccc(COc2ccc(Nc3ncnc4ccc(-c5cccc(N6CCOCC6)c5)cc34)cc2Cl)c1,4.31227
C[C@@H]1CN(C(=O)OC(C)(C)C)CCN1c1ncc(OCC2CCN(S(C)(=O)=O)CC2)cn1,3.1554492
Cc1cn([C@H]2CCCN([C@H](C)c3ccc(C(=O)O)c(Oc4cccc(Cl)c4)c3)C2)c(=O)[nH]c1=O,-0.30921054
COc1ccc(Oc2cccc(CN3CCCC(n4cc(C)c(=O)[nH]c4=O)C3)c2)cc1,2.6035628
Cc1cn([C@H]2CCCN(Cc3ccc(C(=O)O)c(Oc4cccc(Cl)c4)c3)C2)c(=O)[nH]c1=O,-0.41245198
Cc1cn([C@H]2CCCN(Cc3cccc(Oc4cccc(Br)c4)c3)C2)c(=O)[nH]c1=O,3.0378075
CCC(CC)C[C@H](c1ccc(C(=O)O)c(Oc2cccc(Cl)c2)c1)N1CCC[C@H](n2cc(C)c(=O)[nH]c2=O)C1,1.5128807
CCC(C)(C)C[C@H](c1ccc(C(=O)O)c(Oc2cccc(Cl)c2)c1)N1CCC[C@H](n2cc(C)c(=O)[nH]c2=O)C1,1.4436762
Cc1cn([C@H]2CCCN([C@@H](CC(C)(C)C)c3ccc(C(=O)O)c(Oc4cccc(Br)c4)c3)C2)c(=O)[nH]c1=O,1.1663761
CCC[C@H](c1ccc(C(=O)O)c(Oc2cccc(Cl)c2)c1)N1CCC[C@H](n2cc(C)c(=O)[nH]c2=O)C1,0.7056247
Cc1cn(C2CCCN(Cc3cccc(Oc4ccc(Cl)cc4)c3)C2)c(=O)[nH]c1=O,3.2289426
CC[C@H](c1ccc(C(=O)O)c(Oc2cccc(Cl)c2)c1)N1CCC[C@H](n2cc(C)c(=O)[nH]c2=O)C1,0.3378036
Cc1cn(C2CCCN(Cc3cccc(Oc4ccccc4)c3)C2)c(=O)[nH]c1=O,2.5645146
CCC[C@@H](c1ccc(C(=O)O)c(Oc2cccc(Cl)c2)c1)N1CCC[C@H](n2cc(C)c(=O)[nH]c2=O)C1,0.64892495
CCCCC[C@H](c1ccc(C(=O)O)c(Oc2cccc(Br)c2)c1)N1CCC[C@H](n2cc(C)c(=O)[nH]c2=O)C1,1.2630316
CC[C@@H](c1ccc(C(=O)O)c(Oc2cccc(Cl)c2)c1)N1CCC[C@H](n2cc(C)c(=O)[nH]c2=O)C1,0.3131044
Cc1cn([C@H]2CCCN([C@H](CC(C)C)c3ccc(C(=O)O)c(Oc4cccc(Cl)c4)c3)C2)c(=O)[nH]c1=O,0.92883456
Cc1cn([C@H]2CCCN(Cc3ccc(C(=O)O)c(Oc4cccc(F)c4)c3)C2)c(=O)[nH]c1=O,-0.78918743
Cc1cn([C@H]2CCCN(Cc3ccc(C(=O)O)c(Oc4cccc(Br)c4)c3)C2)c(=O)[nH]c1=O,-0.3432753
CCCC(C)(C)C[C@H](c1ccc(C(=O)O)c(Oc2cccc(Cl)c2)c1)N1CCC[C@H](n2cc(C)c(=O)[nH]c2=O)C1,1.7802402
Cc1cn([C@H]2CCCN(Cc3ccc(C(=O)O)c(Oc4cccc(C(F)(F)F)c4)c3)C2)c(=O)[nH]c1=O,-0.17852736
Cc1cn([C@H]2CCCN([C@@H](CC(C)C)c3ccc(C(=O)O)c(Oc4cccc(Cl)c4)c3)C2)c(=O)[nH]c1=O,0.9289166
CCC(C)(CC)C[C@H](c1ccc(C(=O)O)c(Oc2cccc(Br)c2)c1)N1CCC[C@H](n2cc(C)c(=O)[nH]c2=O)C1,1.6824197
Cc1cn([C@H]2CCCN([C@@H](C)c3ccc(C(=O)O)c(Oc4cccc(Cl)c4)c3)C2)c(=O)[nH]c1=O,-0.26984572
Cc1cccc(Oc2cc(CN3CCC[C@H](n4cc(C)c(=O)[nH]c4=O)C3)ccc2C(=O)O)c1,-0.5896969
Cc1ccc(Oc2cccc(CN3CCCC(n4cc(C)c(=O)[nH]c4=O)C3)c2)cc1,3.0148447
Cc1cn([C@H]2CCCN([C@H](CC(C)(C)C)c3ccc(C(=O)O)c(Oc4cccc(Br)c4)c3)C2)c(=O)[nH]c1=O,1.237052
NC1(C(=O)NC(CCCN2CCCC2)c2ccc(Cl)cc2)CCN(c2ncnc3[nH]ccc23)CC1,1.7409064
Cc1cc2n[nH]c(=O)n2c2cc(-c3cccnc3)ccc12,2.677823
CC(=O)Nc1ccc(CC(=O)N(C)C2CCN(Cc3ccc(C(F)(F)F)cc3)CC2)cc1,2.903892
CNC(=O)c1ccc(CC(=O)N(C)C2CCN(Cc3ccc(C(F)(F)F)cc3)CC2)cc1,2.5491557
CCN(C(=O)Cc1ccc(S(C)(=O)=O)cc1)C1CCN(Cc2ccc(C(F)(F)F)cc2)CC1,2.6940827
CN(C(=O)Cc1ccc(S(C)(=O)=O)cc1)C1CCN(Cc2ccc(C(F)(F)F)cc2)CC1,2.5677674
CN(C(=O)Cc1ccc(S(C)(=O)=O)cc1)[C@@H]1CCN(Cc2ccc(C(F)(F)F)cc2)C[C@@H]1F,2.673075
CN(C(=O)Cc1ccc(S(C)(=O)=O)cc1F)C1CCN(Cc2ccc(C(F)(F)F)cc2)CC1,2.7419171
CN(C(=O)Cc1ccc(S(C)(=O)=O)c(F)c1)C1CCN(Cc2ccc(C(F)(F)F)cc2)CC1,2.6073472
O=C(NCCNC(=O)c1cn(-c2ccccc2)nc1C(F)(F)F)c1ccc(Cl)cn1,3.166181
COc1ccc(OC)c(CNc2n[nH]c3ccnc(Oc4ccccc4)c23)c1,3.8480742
COc1ccc(Cc2nccc3cc(OC)c(OC)cc23)cc1OC,3.1169329
O=C(NCC12CC3CC(CC(C3)C1)C2)c1cc(C2CCNCC2)ccc1Cl,1.7236747
Cc1nn(-c2ccc(F)cc2)c(NS(=O)(=O)c2cccnc2)c1C(=O)N[C@@H](C)C(C)(C)C,0.05203104
COc1cc2ncnc(N3CC[C@@H](Oc4cnc5ccccc5n4)C3)c2cc1OC,3.5212228
COc1cc(Nc2cc(Oc3cccnc3)ccn2)cc(OC)c1OC,2.6617398
Cc1ccc(Oc2ccnc(Nc3ccc(S(N)(=O)=O)cc3)c2)c(C)n1,2.3616722
COc1cc(Nc2cc(Oc3cccnc3C)ccn2)cc(OC)c1OC,2.9300587
COc1cc(Nc2cc(Oc3ccc(C)nc3)ccn2)cc(OC)c1OC,2.9984305
COc1ccc(NC(=O)CCc2c(C)nc3nc(C)nn3c2C)cc1,1.5458062
CCOc1ccc(NC(=O)CCc2c(C)nc3nc(C)nn3c2C)cc1,1.9231012
CCCCC(NC(=O)CC1CCN(Cc2ccn(-c3ccc(C(F)(F)F)cc3)c2)CC1)c1ccc(=O)[nH]c1,3.323988
NC(=O)c1sc(-c2ccsc2)cc1N,2.318194
NC(=O)Nc1cc(-c2ccsc2)sc1C(N)=O,1.7781047
O=C(O)COc1cccc(C(=O)N2CCC(N3CCC(Oc4ccc(Cl)c(Cl)c4)CC3)CC2)c1,0.9111254
Cc1c(Cl)ccc(OC2CCN(C3CCN(C(=O)c4cccc(S(C)(=O)=O)c4)CC3)CC2)c1Cl,3.0928402
O=C(O)c1ccccc1C(=O)N1CCC(N2CCC(Oc3ccc(Cl)c(Cl)c3)CC2)CC1,1.2614124
O=C(O)CCCS(=O)(=O)c1cccc(C(=O)N2CCC(N3CCC(Oc4ccc(Cl)c(Cl)c4)CC3)CC2)c1,0.69731915
O=C(O)c1cccc(C(=O)N2CCC(N3CCC(Oc4ccc(Cl)c(Cl)c4)CC3)CC2)c1,1.304157
O=C1CN(N=Cc2ccc(-c3ccc([N+](=O)[O-])cc3)o2)C(O)=N1,1.0644368
COc1cc(O)c2c(c1)/C=C/C[C@H](O)[C@H](O)C(=O)/C=C\C[C@H](C)OC2=O,1.2373343
COc1cc2c(Nc3cccc(Cl)c3Cl)c(C(N)=O)cnc2cc1NCCN(C)C,2.6319702
COc1cc(Nc2c(C#N)cnc3cc(OC)c(OC)cc23)cc(OC)c1,3.3791895
COc1cc2ncc(C(N)=O)c(Nc3cccc(F)c3F)c2cc1OC,3.0604587
COc1cc2ncc(C(N)=O)c(Nc3cccc(Cl)c3Cl)c2cc1OC,3.351788
COc1cc2c(Nc3ccc(F)c(Cl)c3)c(C(N)=O)cnc2cc1OCCN(C)CCO,2.4880183
COCCOc1cc2nccc(Nc3cc(O)c(Cl)cc3F)c2cc1OC,3.2899437
COc1cc2ncc(C(N)=O)c(Nc3ccccc3F)c2cc1OC,2.8259373
COc1cc2c(Nc3ccc(F)cc3F)c(C(N)=O)cnc2cc1NCCN(C)C,1.7548902
COc1cc2ncc(C(N)=O)c(Nc3ccc(F)cc3F)c2cc1OC,3.0645962
c1ccc(Nc2ccnc3ccccc23)cc1,3.1237416
COc1cc2ncc(C(N)=O)c(Nc3ccc(F)cc3F)c2cc1NCCN(C)C,1.7432303
COc1cc2ncc(C(N)=O)c(Nc3ccccc3C)c2cc1OC,2.9677372
COc1cc2ncc(C(N)=O)c(Nc3cc(F)ccc3F)c2cc1OC,3.045464
COc1cc2ncc(C(N)=O)c(Nc3cccc(Cl)c3)c2cc1OC,3.3166327
O=C(OCC(O)CO)c1ccccc1Nc1ccnc2cc(Cl)ccc12,2.6991343
COc1cc2ncc(C(N)=O)c(Nc3ccc(F)c(Cl)c3)c2cc1OC,3.3368
COc1cc2ncc(C(N)=O)c(Nc3ccc(C)cc3F)c2cc1OC,3.2386346
COc1cc2ncc(C(N)=O)c(Nc3cccc(Cl)c3F)c2cc1OC,3.3131962
COc1cc2ncc(C(N)=O)c(Nc3cc(C)ccc3F)c2cc1OC,3.2171004
CCN(CC)Cc1cc(Nc2ccnc3cc(Cl)ccc23)ccc1O,3.2050648
COc1cc2ncc(C(N)=O)c(Nc3ccccc3Cl)c2cc1OC,3.1790607
COc1cc2ncc(C(N)=O)c(Nc3ccc(F)cc3)c2cc1OC,3.0176225
CCCCn1c(Cc2cc(OC)c(OC)c(OC)c2)nc2c(N)ncnc21,2.6860902
CN(C)CCCNC(=O)c1nc(Cl)c(N)nc1N,-0.3512323
Nc1ncnc2c1ncn2[C@@H]1O[C@H](CSCCCNC(=O)Nc2ccc(Cl)cc2)[C@@H](O)[C@H]1O,2.0467234
CC(C)c1ccc(NC(=O)NCCCSC[C@H]2O[C@@H](n3cnc4c(N)ncnc43)[C@H](O)[C@@H]2O)cc1,2.4810898
Nc1ncnc2c1ncn2[C@@H]1O[C@H](CSCCCNC(=O)Nc2ccccc2)[C@@H](O)[C@H]1O,1.2382054
NC(=O)Cc1nc(-c2ccccc2)cs1,1.3645201
Nc1nc(-c2ccc(Cl)cc2)cs1,3.1907575
Cc1sc(N)nc1-c1ccccc1,2.719253
Nc1nc(-c2ccccc2)cs1,2.4807568
O=C(O)CSCC(=O)Nc1nc(-c2ccc(F)cc2)cs1,-0.1789887
Cc1ncsc1CCOCCCS(=O)(=O)CCNCCc1ccc(O)c2nc(O)sc12,1.3361127
CN1CCN(C(=O)c2cccc(Cc3n[nH]c(=O)c4ccccc34)c2)CC1,1.1163752
CCC(=O)N1CCN(C(=O)c2cc(Cc3n[nH]c(=O)c4ccccc34)ccc2F)CC1,1.2864611
CN1CCN(C(=O)c2cc(Cc3n[nH]c(=O)c4ccccc34)ccc2F)CC1,1.251387
O=S(=O)(c1ccccc1)C1(c2cc(N3CCOCC3)nc(-c3cccc4[nH]ccc34)n2)CC1,3.3777905
O=C(N[C@@H](Cc1ccc(OCCNc2nc3ccccc3[nH]2)cc1)C(=O)O)c1c(Cl)cccc1Cl,0.17190838
COc1cc2ncnc(Nc3ccc(F)c(Cl)c3)c2cc1OCCCN1CCCCC1,3.2105966
COc1cc(C(=O)N2CCOCC2)ccc1Nc1ncc(Cl)c(-c2cnc3ccccn23)n1,3.2159152
CS(=O)(=O)N1CC[C@H](N(Cc2ccccc2Cl)c2ccc(C#N)c(Cl)c2)C1,3.4139867
Clc1ccc(-c2nnc3cccc(Cl)n23)c(Cl)c1,3.3976398
Clc1cccc(Cl)c1-c1nnc2cccc(Cl)n12,3.1854572
N=C(N)c1cc2c(I)cccc2s1,0.51631784
CC(c1cc2ccccc2s1)N(O)C(N)=O,1.8968008
CCCSc1nc(Oc2ccc(CC(=O)O)cc2)ccc1C(=O)NC1CCCCC1,1.9714652
CN1CCC(Oc2cccc3ncnc(Nc4ccc(OCc5cnccn5)c(Cl)c4)c23)CC1,2.7170856
CS(=O)(=O)c1cccc(Nc2nccc(Nc3cccc4ncoc34)n2)c1,2.5929012
Cc1ccc(S(=O)(=O)NC(=O)NN2CCCCCC2)cc1,-0.49653816
CN1CCC(=C2c3ccccc3C=Cc3ccccc32)CC1,3.0289161
N#Cc1nc(NC2CCCCC2)c(N)c(N2CCOCC2)n1,2.9250488
Cn1c(=O)n(Cc2ccc(C(=O)O)cc2)c(=O)c2cc(C#CCc3ccccc3)ccc21,2.235033
CCCc1cc(OCc2ccccc2)cc(=O)n1Cc1ccc(-c2ccccc2-c2nn[nH]n2)cc1,3.133702
CC(C)(Cc1cccc(CC(=O)NCc2cccc(-c3ccc(O)cc3)c2)c1)NC[C@H](O)c1ccc(O)c(NS(C)(=O)=O)c1,1.7239879
O=c1cc(-c2ccccc2)ccn1-c1ccc2c(cnn2CCN2CCCC2)c1,2.0651944
CC(C)c1ccccc1Cc1cc(C(=O)Nc2ccc(S(=O)(=O)c3ccccc3C(C)(C)C)cc2)c(O)c(O)c1O,3.4223633
CCc1ccc(NC(=O)c2ccc3cc(C(=N)N)ccc3c2)cc1,0.9547745
OCCOCCN1CCN(C(c2ccccc2)c2ccc(Cl)cc2)CC1,3.1477942
O=C(O)COCCN1CCN(C(c2ccccc2)c2ccc(Cl)cc2)CC1,1.3816112
Clc1ccc(C(c2ccccc2)N2CCNCC2)cc1,1.6673794
O=C1C=CC(=O)c2c(O)ccc(O)c21,1.6905342
CC(C)(C)NC(=O)Nc1ccc(-c2c(N)nc(N)nc2COCc2ccccc2)cc1,3.0540943
CC1(c2ccc(Cl)c(Cl)c2)CC(=O)NC(N)=N1,1.682276
CC1(c2ccccc2)CC(=O)NC(N)=N1,0.137887
NC1=NC(c2ccc(Cl)c(Cl)c2)CC(=O)N1,1.6184609
O=C(N[C@@H](Cc1ccc(OCCc2ccc3c(n2)NCCC3)cc1)C(=O)O)c1c(Cl)cccc1Cl,-0.1490295
CS(=O)(=O)c1ccc([C@@H](C[C@H]2CCC(=O)C2)C(=O)Nc2cnccn2)cc1Cl,1.2458767
Cc1cc(Nc2nc(NCc3ccccn3)ncc2Br)n[nH]1,2.5278563
CC(C)Oc1cc(Nc2nc(N[C@@H](C)c3ccc(F)cn3)nc(OC(CO)CO)c2Cl)n[nH]1,2.8619194
Clc1ccc(CN(Cc2ccc(Cl)cc2)c2nn[nH]n2)cc1,2.9444633
c1ccc(CN(Cc2ccccc2)c2nn[nH]n2)cc1,1.502991
CC1(C)N=C(N)N=C(N)N1c1ccc(Oc2ccc(Cl)cc2)c(Cl)c1,0.82614815
Nc1ccnc(-c2cccnc2)n1,0.6790775
Cc1c(Cl)cccc1S(=O)(=O)Nc1nc(CC(=O)N2CCN(C)CC2)cs1,0.6345341
CC(=O)c1c(C)c2cnc(Nc3ccc(N4CCNCC4)cn3)nc2n(C2CCCC2)c1=O,1.3007766
CCn1cc(NC(=O)Cc2ccc(Oc3ccnc4ccc(F)cc34)cc2OC)cn1,3.4546666
COc1ccc2c(Oc3ccc(CC(=O)Nc4cn(C)nc4C)c(OC)c3)ccnc2c1,3.339415
CCn1cc(NC(=O)Cc2ccc(Oc3ccnc4cc(F)ccc34)cc2OC)cn1,3.4656296
CCn1cc(NC(=O)Cc2ccc(Oc3ccnc4cc(OC)c(OC)cc34)cc2OC)cn1,3.417211
CN1CCNc2nc(CCOc3ccc(C[C@H](NC(=O)c4c(Cl)cccc4Cl)C(=O)O)cc3)ccc21,-0.103529215
Cc1cc(CCCOc2c(C)cc(-c3noc(C(F)(F)F)n3)cc2C)on1,3.6265235
O=c1oc(-c2ccccc2)cc2ccccc12,3.3291163
COC1(c2cc(F)cc(OCc3ccc4c(ccc(=O)n4C)c3)c2)CCOCC1,3.352103
CCn1c(=O)ccc2cc(COc3cc(F)cc(C4(OC)CCOCC4)c3)ccc21,3.4898176
COc1cc2c(cc1-c1c(C)noc1C)ncc1[nH]c(=O)n([C@H](C)c3ccccn3)c12,3.096032
O=S1(=O)CC(O)C(N2CCC(c3ccccc3)CC2)C1,1.0123231
Cc1cc([C@H](O)[C@](C)(OCc2ccc(-c3ccccc3)cc2)C(=O)NO)no1,2.6532822
O=C(NCCN1CCCC1)c1ccc(Nc2ncc3cc(-c4ccncc4)ccc3n2)cc1,2.1934206
O=c1[nH]n(Cc2cc3ccccc3s2)c(=O)c2c(=O)c3ccc(Cl)cc3[nH]c12,2.384783
O=C(CCN1CCCCC1)Nc1ccc(-c2cccn3c(=O)cc(N4CCOCC4)nc23)c2sc3ccccc3c12,3.3135521
CC(C)OC(=O)N1CCC(Oc2ncnc3c2cnn3-c2ccc(S(C)(=O)=O)cc2F)CC1,3.02744
CN1CCN(S(=O)(=O)c2ccc(-c3cnc(N)c(C(=O)Nc4cccnc4)n3)c(C(F)(F)F)c2)CC1,3.1501565
CN1CCN(S(=O)(=O)c2ccc(-c3cnc(N)c(C(=O)Nc4cccnc4)n3)cc2F)CC1,2.7013783
Cc1cc(S(=O)(=O)N2CCN(C)CC2)ccc1-c1cnc(N)c(C(=O)Nc2cccnc2)n1,2.8479831
Cc1nc(-c2ccccn2)nc(N2CCCC2)c1Cl,3.1592083
NC(=O)c1ccc(O[C@@H]2C[C@@H]3CC[C@H](C2)N3Cc2ccccc2)nc1,1.0810817
NC(=O)c1cccc(O[C@@H]2C[C@@H]3CC[C@H](C2)N3Cc2ccccc2)n1,1.5911558
O=C(Nc1nccs1)c1ccccc1,2.2074935
CC(C)C(NC(=O)Cn1c(-c2ccccc2)ccc(NC(=O)CN2C(=O)CCC2=O)c1=O)C(=O)C(F)(F)F,1.1345037
NC1(c2ccc(-c3ncc4ccccc4c3-c3ccccc3)cc2)CCC1,3.0947373
COc1ccc(N(C(=O)c2ccccc2)C(C)C(=O)NC2CCCC2)c(OC)c1,3.1273565
Cc1cc(S(=O)(=O)Nc2nc(Nc3ccc(Cl)cc3)n[nH]2)c(S)cc1Cl,2.0850143
O=C(Nc1cc(-c2ccncc2)c[nH]c1=O)[C@H](Cc1ccccc1)NC1(c2ccccn2)CC1,3.012632
Nc1c(C(=O)c2cccc(OC[C@@H](O)CO)c2)cnn1-c1ccc(F)cc1,1.838436
Nc1c(C(=O)c2cccc(OC[C@H](O)CO)c2)cnn1-c1ccc(F)cc1,1.7872633
c1ccc(Nc2ccccc2)cc1,3.1702209
O=C(O)Cc1ccccc1Nc1c(Cl)cccc1Cl,1.198894
COc1ccc(Nc2ccccc2C(=O)O)cc1,0.4607637
Cc1ccc(Nc2c(F)cccc2Cl)c(CC(=O)O)c1,1.0958062
Cc1ccc(Cl)c(Nc2ccccc2C(=O)O)c1Cl,1.8301792
Cc1cccc(Nc2ccccc2C(=O)O)c1C,1.06267
O=C(O)c1ccccc1Nc1cccc(C(F)(F)F)c1,1.3849366
COc1cc(OC2CCN(C)CC2)c2c(Nc3cccc4c3OCCO4)ncnc2c1,2.4266803
C1=C(c2cc3ccccc3o2)C2CCN1CC2,2.8305187
C[C@@H](NC(=O)c1cccnc1Oc1ccccc1)c1ccccc1,3.1353092
C[C@H](NC(=O)c1cccnc1Oc1ccccc1)c1ccccc1,3.3187404
COc1ccc(OC)c(CNC(=O)c2cccnc2Oc2ccccc2)c1,3.4661417
COc1ccc(Oc2ncccc2C(=O)NCc2ccccc2Cl)cc1,3.571662
O=C(NCc1ccccc1Cl)c1cccnc1Oc1ccccc1,3.5665822
O=C(NCc1ccccc1)c1cccnc1Oc1ccccc1,3.4415925
N[C@@H]1CCCN(c2c(/C=C3\SC(=O)NC3=O)cccc2-c2ccncc2)C1,1.422328
C[C@@H](O)[C@H]1C(=O)N2C(C(=O)OCOC(=O)C(C)(C)C)=C(SC3CN(C4=NCCS4)C3)[C@H](C)[C@H]12,1.7708753
O=C(NC1CCCCC1)C1CCCN(S(=O)(=O)c2cccs2)C1,2.5678637
O=C(CCc1ccccc1O)Nc1ccccc1,2.6508384
Cc1c(N)cccc1Cn1ccc(OCCc2cccs2)cc1=O,2.8562672
C[C@@H](NC(=O)[C@H]1CCCNC1)c1ccc(Nc2ncc3cc(-c4ccncc4)ccc3n2)cc1,1.3654554
C[C@H]1CN(c2nc(N3CCOCC3)c3ccc(Nc4ccccc4)nc3n2)C[C@@H](C)O1,4.0350137
Cc1ccc(-c2ccc3c(ccc4sc5c(c43)NC[C@@H](C)NC5=O)n2)cn1,3.4854965
Cc1cc(Cl)ccc1OC1CCN(C[C@H](O)CNC(=O)c2c[nH]nc2C(F)(F)F)CC1,3.1885917
Cc1c(Cl)ccc(OC2CCN(C[C@H](O)CNC(=O)c3c[nH]nc3C(F)(F)F)CC2)c1Cl,3.2854238
O=C(NC[C@@H](O)CN1CCC(Oc2ccc(Cl)c(Cl)c2)CC1)c1c[nH]nc1C(F)(F)F,3.2269692
COc1c(C#N)cc2ccccc2c1C(=O)N(C)C[C@@H](CCN1CCC(N2CCCNC2=O)CC1)c1ccc(Cl)c(Cl)c1,2.9459453
CNC(=O)C1(N2CCCNC2=O)CCN(CC[C@H](CN(C)C(=O)c2c(OC)c(C#N)cc3ccccc23)c2ccc(Cl)c(Cl)c2)CC1,2.433997
Cn1cnc2c(-c3ccc(C4(N)CCC4)cc3)c(-c3ccccc3)ccc21,2.4713118
COC[C@H](O)Cn1c(=O)cnn(-c2ccc(Cl)c(C(=O)NCC3(O)CCCCCC3)c2)c1=O,0.96844137
O=C(NCC1(O)CCCCCC1)c1cc(-n2ncc(=O)[nH]c2=O)ccc1Cl,0.49240685
COC[C@@H](O)Cn1c(=O)cnn(-c2ccc(Cl)c(C(=O)NCC3(O)CCCCCC3)c2)c1=O,1.2213913
COc1ccc(OC)c(-c2cccc3c(N)c(C(=O)NC4(C)CCC4)nnc23)c1,3.6216412
Cc1ccc(CN2[C@H]3CC[C@@H]2C[C@H](Oc2cccc(C(N)=O)c2)C3)s1,2.2563071
Cc1ccc(CN2[C@H]3CC[C@@H]2C[C@@H](Oc2cccc(C(N)=O)c2)C3)s1,2.4490504
O=c1c2sccc2n(CC2COc3ccccc3O2)c(=O)n1O,1.5393395
N#Cc1cnn(-c2ccccc2)c1NC(=O)CN1CCOCC1,0.18636465
CC(C)NC(=O)c1ccc2c(Nc3ccc(Cl)cc3)nc(N3CCOCC3)nc2c1,3.5837133
CC(C)C[C@H](N)c1nnc(S(=O)(=O)Cc2ccc(F)cc2)o1,1.0013283
Cc1csc(NC(=O)c2cc(Sc3nncn3C)ccc2N)n1,2.1883888
Cc1cnc(Nc2ccc(N3CCN(C)CC3)cc2)nc1Nc1cccc(S(=O)(=O)NC(C)(C)C)c1,2.9200234
CN(CCOc1ccc(NS(C)(=O)=O)cc1)CCc1ccc(NS(C)(=O)=O)cc1,0.8758335
CC(COc1ccccc1)NC(C)C(O)c1ccc(O)cc1,0.68536437
CCc1cccc2c3c([nH]c12)C(CC)(CC(=O)O)OCC3,0.5977291
CCC(c1nc2nccnc2c(=O)n1Cc1ccccc1)N(CCCN)C(=O)c1ccc(C)cc1,0.5192009
CC(C)C[C@H](CO)Nc1nc(SCc2ccncc2)nc2nc(N)sc12,2.6097162
Cc1nnc2n1-c1ccc(Cl)cc1C(c1ccccc1)=NC2,2.1411715
CCNC(=O)C[C@@H]1N=C(c2ccc(Cl)cc2)c2cc(OC)ccc2-n2c(C)nnc21,2.2242045
CCNC(=O)C[C@H]1N=C(c2ccc(Cl)cc2)c2cc(OC)ccc2-n2c(C)nnc21,2.3907487
Cc1nnc2n1-c1ccc(Cl)cc1C(c1ccccc1Cl)=NC2,2.7291753
Cc1[nH]c2ccccc2c1CCNCc1ccc(/C=C/C(=O)NO)cc1,1.3418367
CC(C)(C)NS(=O)(=O)c1cncc(-c2ccc3nc(NC(=O)NCC(=O)N4CCCC4)nn3c2)c1,1.1335065
CCCC(=O)C1(c2ccccc2)CCN(C(=O)[C@@H](Cc2ccc(OC)cc2)NC(=O)[C@@H](N)Cc2cncn2C)CC1,2.3902667
C[C@@H]1C[C@H]2[C@@H]3CCC4=CC(=O)C=C[C@]4(C)[C@@]3(F)[C@@H](O)C[C@]2(C)[C@@]1(O)C(=O)CO,1.7848635
CC(=O)[C@@]1(O)CC[C@H]2[C@@H]3C[C@H](C)C4=CC(=O)C=C[C@]4(C)[C@@]3(F)[C@@H](O)C[C@@]21C,2.389123
C[C@H]1C[C@H]2[C@@H]3CC[C@](O)(C(=O)CO)[C@@]3(C)C[C@H](O)[C@@H]2[C@@]2(C)C=CC(=O)C=C12,1.7977573
Cn1sc(=O)c2cc(S(=O)(=O)NC3CC3)ccc21,1.5356433
CC1(COc2cc(-c3cccc4c(=O)cc(N5CCOCC5)oc34)ccc2NC(=O)CN2CCOCC2)COC1,2.390228
Nc1nc(SCc2ccccc2)nc2c1ncn2[C@@H]1O[C@H](CO)[C@@H](O)[C@H]1O,1.217695
CCOC(=O)c1ccc(OCCC2CN(c3ccc(C)nn3)C2)cc1,3.4059753
CCN1CCN(c2ccc(Nc3cc(N(C)C(=O)Nc4c(Cl)c(OC)cc(OC)c4Cl)ncn3)cc2)CC1,3.462751
Cc1[nH]c(C(=O)NC2CCN(c3cc(C(=O)O)cc(Cl)n3)CC2)c(Cl)c1Cl,1.290851
Cc1ccc(C(=O)NC2CCN(c3cc(C(N)=O)cc(Cl)n3)CC2)[nH]1,2.2760258
CC1(c2c(C(=O)NC3C4CC5CC(C4)CC3C5)cnn2-c2ccc(C(=O)O)cc2)CC1,1.6454861
Nc1cc(C(F)(F)F)c(-c2cc(N3CCOCC3)nc(N3CCOCC3)n2)cn1,2.6015797
COc1cc(Nc2cc(Nc3c(Cl)ccc4c3OCO4)ncn2)cc(OC)c1OC,3.4233885
CC(C)(C)OC(=O)N1CCC(c2ncc(OCc3ccc(S(C)(=O)=O)cc3)cn2)CC1,2.868936
Clc1ccc2c(c1Nc1ncnc3cc(OCCCN4CCCC4)cc(OC4CCOCC4)c13)OCO2,2.6488726
CC(=O)CC(c1ccccc1)c1c(O)c2ccccc2oc1=O,1.7545872
CCOC(=O)c1ccc(OCCC2CN(c3ccc(C)nn3)CCO2)cc1,3.0606813
O=C(c1ccc(-c2ccc(Cl)cc2)o1)N(Cc1ccccn1)c1ccc(N2CCNCC2)cc1,2.8733873
NC1CCN(c2nccc(C(=O)NCC34CC5CC(CC(C5)C3)C4)c2Cl)CC1,1.7358268
CN[C@@H](C)C(=O)N[C@H](C(=O)N[C@H]1CCCN(CCc2ccccn2)C1)C(C)(C)C,0.26003003
CCCCC(c1ccncc1)n1[nH]c(=O)c2nc3cc(Cl)ccc3c(O)c2c1=O,1.3571923
CC(C)CC(c1ccncc1)n1[nH]c(=O)c2nc3cc(Cl)ccc3c(O)c2c1=O,1.4091179
COc1ccc2ccc(=O)n(CCN3CCC(NCc4cc5c(cn4)OCCO5)CC3)c2n1,1.0670661
CSCCC(NC(=O)c1sccc1Cl)c1nc2ccccc2[nH]1,3.37358
O=C(Nc1ccc(Cl)nc1)c1ccc(F)c(Cl)c1,3.1740336
O=C(Nc1ccc(Cl)nc1)c1ccc(F)c(F)c1,3.017674
Nc1cc(N2CCCCC2)nc(N)[n+]1[O-],0.75091875
CC(C)Cn1c(=O)n(C)c(=O)c2c(C(=O)N3C[C@H](O)CO3)c(Cc3ccnc4ccccc34)sc21,2.4078245
Clc1cc(Nc2ncnc3[nH]nc(OCCN4CCCC4)c23)ccc1OCc1ccccn1,2.93735
CS(=O)(=O)c1ccc(-c2nnc(/C=C/c3nnc(-c4ccc(C#N)cc4)o3)n2-c2ccccc2Cl)nc1,3.4354014
Cc1nc(CSc2nc(N[C@H](C)CO)c3sc(=O)[nH]c3n2)cs1,1.4808636
COc1ccccc1OCCNCC(O)COc1cccc2[nH]c3ccccc3c12,2.5283208
NC(=O)c1ccn2c(-c3ccccc3)c(-c3ccc(C4(N)CCC4)cc3)nc2c1,1.7233189
NC1(c2ccc(-c3nc4ccccn4c3-c3ccccc3)cc2)CCC1,2.636822
CCc1nn(C2CCCC2)c2c1CCn1c(-c3cccs3)nnc1-2,3.5516858
N#Cc1ccc(C(c2ccc(C#N)cc2)n2cncn2)cc1,1.8889058
CCN1CCC[C@@H](C(=O)N2CCN(C(=O)Nc3ccc(Cl)c(Cl)c3)CC2)C1,1.786365
FC(F)(F)c1nnc2ccc(-n3ccnc3)nn12,1.5387326
Cc1ccc(COC(=O)N2CCC(CNc3ncccn3)CC2)cc1,3.322618
Cc1ccc(COC(=O)N2CC[C@H](CNc3ncccn3)[C@H](F)C2)cc1,3.2890453
COc1ccc(COC(=O)N2CCC(CNc3ncccn3)CC2)cc1,2.9923449
Cc1ccc(NC(=O)c2cccc(N(C)C)c2)cc1C(=O)Nc1cccnc1,2.5289822
COc1cncc(NC(=O)c2cc(NC(=O)c3cccc(C(C)(C)C#N)c3)ccc2C)c1,3.1119928
Cc1ccc(NC(=O)c2cccc(OCC(C)C)c2)cc1C(=O)Nc1cccnc1,3.472288
Nc1ncc(NC(=O)c2cc(NC(=O)c3cccc(C(F)(F)F)c3)ccc2Cl)cc1Cl,3.2678328
Cc1ccc(NC(=O)c2ccc(Cl)c(C(F)(F)F)c2)cc1C(=O)Nc1cccnc1,3.361679
O=S(=O)(Cc1ccccc1)NCC(c1ccccc1)N1CCCCCC1,2.4351988
O=S(=O)(Cc1cc(Cl)cc(Cl)c1)NCC(c1ccccc1)N1CCCCCC1,3.3417294
Clc1ccc(C2(c3ccc(-c4cn[nH]c4)cc3)CCNCC2)cc1,1.7014326
CC(C)C(NC(=O)Cn1c(-c2ccccc2)ncc(NC(=O)OCC(F)(F)F)c1=O)C(=O)C(F)(F)F,1.9907267
CC(C)C(NC(=O)Cn1c(-c2cc(F)cc(F)c2)ncc(N)c1=O)C(=O)C(F)(F)F,1.4837824
COC(=O)Nc1cnc(-c2ccc(F)cc2)n(CC(=O)NC(C(=O)C(F)(F)F)C(C)C)c1=O,1.5493847
CNc1cnc(-c2ccc(F)cc2)n(CC(=O)NC(C(=O)C(F)(F)F)C(C)C)c1=O,1.3933042
CC(C)C(NC(=O)Cn1c(-c2ccc(F)cc2)ncc(N)c1=O)C(=O)C(F)(F)F,1.2700629
C(#Cc1n[nH]c2ccccc12)c1ccccc1,3.663775
Cc1nc(-c2ccccc2)c(-c2ccc(CN3CCC(n4c(=O)[nH]c5ccccc54)CC3)cc2)[nH]c1=O,3.5933995
CCC(CC)NC(=O)c1cnn(-c2ccccn2)c1NS(=O)(=O)c1ccc(C)cc1,0.47676063
CN[C@@H](C)C(=O)N[C@H](C(=O)N1CC[C@H]2CCN(CCc3ccccc3)C[C@H]21)C1CCCCC1,1.924132
CCCCOc1nc(N)c2[nH]c(=O)n(Cc3cccc(CC(=O)O)c3)c2n1,0.41488183
CCCCOc1nc(N)c2[nH]c(=O)n(Cc3cccc(CC(=O)OC)c3)c2n1,3.2345128
COCCOc1nc(N)c2[nH]c(=O)n(Cc3ccccc3)c2n1,2.287712
COCCOc1nc(N)c2[nH]c(=O)n(Cc3cccc(CC(=O)OC)c3)c2n1,2.2047322
O=S(=O)(NCCNc1ncccn1)c1cccc2cnccc12,1.059896
COc1ccc(N2CCN(C(=O)[C@@H]3CCCC[C@H]3C(=O)NC3(C#N)CC3)[C@H](C)C2)nc1OC,2.4842167
c1ccc(-c2ccc(COc3ccc4c(c3)CCC(CCN3CCCCC3)C4)cc2)cc1,4.0549617
Clc1ccc2c(c1)C(N1CCNCC1)=Nc1ccccc1O2,2.0868223
CN1CCN(C2=Nc3ccccc3Oc3ccc(Cl)cc32)CC1,3.4012594
CC(C)CNCc1ccc(-c2ccccc2S(=O)(=O)N2CCCC2)cc1,1.8691529
OCC[C@@]1(c2cc3ccccc3o2)CCCNC1,0.09452677
OCC[C@]1(c2cc3ccccc3o2)CCCNC1,0.11090827
O=C(NC[C@@H](O)CN1CCC(Oc2ccc(Cl)c(Cl)c2)CC1)c1c[nH]nc1C1CC1,3.3049185
N#Cc1nc(NC2CCOC2)c(N)c(N2CCOCC2)n1,1.3476532
Cc1ccc(CO)cc1N(C)c1ccnc(Nc2cc(N3CCOCC3)nc(N3CCOCC3)n2)n1,3.4254103
O=C(Nc1cccc(Cl)c1)c1ccccn1,2.831212
Nc1ccccc1NC(=O)c1ccccn1,1.2434671
CC[C@H](NC(=O)c1c([S+]([O-])CC)c(-c2ccccc2)nc2ccccc12)c1ccccc1,3.3378716
CC[C@H](NC(=O)c1c([S+](C)[O-])c(-c2ccc(F)cc2)nc2ccccc12)c1ccccc1,3.458634
CC[C@H](NC(=O)c1c(O)c(-c2ccccc2)nc2ccccc12)c1ccccc1,3.1586611
CC[C@H](NC(=O)c1c(CN(C)C)c(-c2ccccc2)nc2ccccc12)c1ccccc1,3.454687
CC[C@H](NC(=O)c1c([S+](C)[O-])c(-c2ccccc2)nc2cc(F)ccc12)c1ccccc1,3.4703908
CC[C@H](NC(=O)c1c([S+](C)[O-])c(-c2ccccc2)nc2ccccc12)c1ccccc1,3.42663
CC[C@H](NC(=O)c1c(S(C)(=O)=O)c(-c2ccccc2)nc2ccccc12)c1ccccc1,2.9363334
CC[C@H](NC(=O)c1c([S+](C)[O-])c(-c2ccccc2)nc2cc(CN(C)C)ccc12)c1ccccc1,2.5736277
CC[C@H](NC(=O)c1c([S+](C)[O-])c(-c2ccccc2)nc2c(F)cccc12)c1ccccc1,3.4736795
CC[C@H](NC(=O)c1c([S+](C)[O-])c(-c2ccccc2)nc2cc(Br)ccc12)c1ccccc1,3.574563
CC[C@H](NC(=O)c1c([S+]([O-])C(C)C)c(-c2ccccc2)nc2ccccc12)c1ccccc1,3.5360713
CC[C@H](NC(=O)c1c(CC[S+](C)[O-])c(-c2ccccc2)nc2ccccc12)c1ccccc1,2.5934753
CC[C@H](NC(=O)c1c([S+](C)[O-])c(-c2cccc(F)c2)nc2ccccc12)c1ccccc1,3.4525938
CC[C@H](NC(=O)c1c([S+](C)[O-])c(-c2ccccc2)nc2cc(Cl)ccc12)c1ccccc1,3.5413718
CC[C@H](NC(=O)c1c(N)c(-c2cccc(F)c2)nc2ccccc12)c1ccccc1,3.6786108
CC[C@H](NC(=O)c1c(N)c(-c2ccccc2)nc2ccccc12)c1ccccc1,3.6523333
CC[C@H](NC(=O)c1c(CS(C)(=O)=O)c(-c2ccccc2)nc2ccccc12)c1ccccc1,3.0984547
O=S(=O)(CCOCc1cccc2ccccc12)NCCCNCCc1ccc(O)c2nc(O)sc12,1.8482031
CC1=C2C[C@H]3[C@@H](CC=C4C[C@@H](O)CC[C@@]43C)[C@@H]2CC[C@]12O[C@@H]1C[C@H](C)CN[C@H]1[C@H]2C,2.4097614
Cn1ncnc1-c1c2c(=O)n(C)c(=O)n(CC3CC3)c2nn1Cc1ccnc2ccc(Cl)cc12,3.1351724
c1ccc2c(OCC3=NCCN3)cccc2c1,1.2661188
C[C@H]1CN(Cc2nnc(-c3cc(-c4cccc5[nH]ccc45)cc4[nH]ncc34)o2)C[C@@H](C)O1,3.544786
O=C(NC[C@@H](O)CN1CCC(Oc2ccc(Cl)c(Cl)c2)CC1)c1cnnc2ccccc12,3.3831973
Oc1ccc2c3c1O[C@H]1c4[nH]c5c(c4C[C@@]4(O)[C@@H](C2)N(CC2CC2)CC[C@]314)C[C@@]1(O)[C@H]2Cc3ccc(O)c4c3[C@@]1(CCN2CC1CC1)[C@H]5O4,1.2944186
NS(=O)(=O)c1cc(C(=O)O)c(NCc2ccco2)cc1Cl,-0.93929935
CSc1ncccc1C(=O)NCCc1ccc(Cl)cc1,3.3108451
Cc1oc(C#N)cc1-c1c2c(=O)n(C)c(=O)n(CC3CC3)c2nn1Cc1ccnc2ccc(Cl)cc12,3.7476134
Cc1oc(S(C)(=O)=O)cc1-c1c2c(=O)n(C)c(=O)n(CC3CC3)c2nn1Cc1ccnc2ccc(Cl)cc12,3.303559
Cc1cc(N)c2cc(NC(=O)CC(=O)Nc3ccc4nc(C)cc(N)c4c3)ccc2n1,1.0924661
CC(C)[C@@H](CN1CC[C@@](C)(c2cccc(O)c2)[C@@H](C)C1)NC(=O)[C@H]1Cc2ccc(O)cc2CN1,2.4151838
C[C@@]1(c2cc(-c3cncnc3)c(F)cc2F)CCSC(N)=N1,0.8819059
O=C1C2CCC(N2)C(=O)N1Cc1ccccc1,1.690481
O=C(COCc1ccccn1)N1CCN(c2ccc(Cl)cc2Cl)CC1,3.000201
Cc1cccc([C@H](C)c2c[nH]cn2)c1C,2.742535
Nc1ccccc1NC(=O)c1ccc(C2CCN(CCC(=O)Nc3ccccc3F)CC2)cc1,2.0825047
CCCc1c(OCc2ccc(-c3nn[nH]n3)cc2OC)ccc(C(C)=O)c1O,2.5013156
CCCc1c(OCc2ccc(-c3nn[nH]n3)cc2)ccc(C(C)=O)c1O,2.4503884
Cc1nc(-c2ccc(CN3CCC(n4c(=O)[nH]c5ccccc54)CC3)cc2)c(-c2ccccc2)[nH]c1=O,3.594812
COc1ccc(-c2ccccc2)cc1N1CC(=O)NS1(=O)=O,-1.056283
O=C(NCC12CC3CC(CC(C3)C1)C2)c1cc(O[C@H]2CCCNC2)ccc1Cl,2.3971596
C#CCn1c(=O)c2c(-c3nc(C#N)cn3C)n(Cc3ccnc4ccc(Cl)cc34)nc2n(CC2CC2)c1=O,3.6185803
Cn1cc(S(C)(=O)=O)nc1-c1c2c(=O)n(C)c(=O)n(CC3CC3)c2nn1Cc1ccnc2ccc(Cl)cc12,3.1142194
C=CCn1c(=O)c2c(-c3nc(C#N)cn3C)n(Cc3ccnc4ccc(Cl)cc34)nc2n(CC2CC2)c1=O,3.7707124
O=C(C1CCN(c2nnc(-n3cccc3)s2)CC1)N1CCN(Cc2ccc3c(c2)OCO3)CC1,2.7977202
CNCC[C@H](Oc1cccc2ccccc12)c1cccs1,1.4915912
O=S(=O)(Cc1cc(N2CCOCC2)nc(-c2ccccn2)n1)c1ccc(F)cc1,1.7573031
O=S(=O)(Cc1cc(N2CCOCC2)nc(-c2ccccn2)n1)c1ccccc1,1.5084755
CCCCCCCCCC(=O)N[C@@H](Cc1c[nH]c2ccccc12)C(=O)N[C@@H](CC(N)=O)C(=O)N[C@@H](CC(=O)O)C(=O)N[C@@H]1C(=O)NCC(=O)N[C@@H](CCCN)C(=O)N[C@@H](CC(=O)O)C(=O)N[C@H](C)C(=O)N[C@@H](CC(=O)O)C(=O)NCC(=O)N[C@H](CO)C(=O)N[C@@H]([C@H](C)CC(=O)O)C(=O)N[C@@H](CC(=O)c2ccccc2N)C(=O)O[C@@H]1C,-1.2899249
COc1ccccc1N1CCN(Cc2c(Br)c(=O)n(-c3ccccc3)n2C)CC1,2.4780767
C[C@H](NC(=O)Cc1cc(F)cc(F)c1)C(=O)NC1C(=O)N(C)c2ccccc2-c2ccccc21,3.573917
CO[C@@H]1CN(CCn2c(=O)ccc3ccc(C#N)cc32)CC[C@H]1NCc1ccc2c(n1)NC(=O)CO2,0.7483851
CO[C@H]1CN(CCn2c(=O)ccc3ccc(C#N)cc32)CC[C@H]1NCc1ccc2c(n1)NC(=O)CO2,0.7194334
N#Cc1ccc2ccc(=O)n(CCN3CC[C@H](NCc4ccc5c(n4)NC(=O)CO5)[C@H](O)C3)c2c1,0.34839463
N#Cc1ccc2ccc(=O)n(CCN3CC[C@@H](NCc4ccc5c(n4)NC(=O)CO5)[C@@H](F)C3)c2c1,0.781801
c1ccc(-c2cc(NCCCCCCCCNc3cc(-c4ccccc4)nc4ccccc34)c3ccccc3n2)cc1,4.5370383
C[C@H](Nc1nc(Nc2ncc(C#N)s2)cc(N2CCOCC2)n1)c1ccc(F)cn1,3.4112654
CC#CCn1c(=O)c2c(-c3cncn3C)n(Cc3ccnc4ccc(Cl)cc34)nc2n(CC2CC2)c1=O,3.6090622
CCn1c(=O)c2c(-c3cncn3C)n(Cc3ccnc4ccc(Cl)cc34)nc2n(CC2CC2)c1=O,3.6827712
C#CC(C)n1c(=O)c2c(-c3cncn3C)n(Cc3ccnc4ccc(Cl)cc34)nc2n(CC2CC2)c1=O,3.4993076
C#CCn1c(=O)c2c(-c3cncn3C)n(Cc3ccnc4ccc(Cl)cc34)nc2n(CC2CC2)c1=O,3.4288983
C=CCn1c(=O)c2c(-c3cncn3C)n(Cc3ccnc4ccc(Cl)cc34)nc2n(CC2CC2)c1=O,3.5936735
Cn1cncc1-c1c2c(=O)n(CC#CCO)c(=O)n(CC3CC3)c2nn1Cc1ccnc2ccc(Cl)cc12,2.848982
Cn1cncc1-c1c2c(=O)n(C)c(=O)n(CC3CC3)c2nn1Cc1ccnc2ccc(Cl)cc12,3.3859663
CC(C)n1c(=O)c2c(-c3cncn3C)n(Cc3ccnc4ccc(Cl)cc34)nc2n(CC2CC2)c1=O,3.7899427
Cc1cccc(-c2nn3c(c2-c2ccnc4ccc(C(N)=O)cc24)CCC3)n1,1.9947143
O=C(CC12CC3CC(CC(C3)C1)C2)Nc1cccc2nc(NCCNCCO)ccc12,2.2410743
O=C(CC12CC3CC(CC(C3)C1)C2)Nc1cccc2ncccc12,3.723545
Cc1ccc2nc(CCNCCCO)ccc2c1NC(=O)CC12CC3CC(CC(C3)C1)C2,1.9476136
CCc1cc(OCc2ccc(-c3ccccc3-c3nn[nH]n3)cc2)c2c(n1)CCCC2,2.6974905
Cc1ccc(-c2nnc(N3CCN(C(=O)c4ccco4)CC3)c3ccccc23)cc1,3.686203
CCNCc1cncc(-c2ccc(F)cc2OC)n1,1.664263
COCCNCc1cncc(-c2ccc(F)cc2OC)n1,1.2995951
Cc1cnc(Nc2cc(N3CCOCC3)nc(N[C@@H](C)c3ncc(F)cn3)n2)s1,2.7557733
Cc1cnc(Nc2nc(N[C@@H](C)c3ncc(F)cn3)nc(N3CCOCC3)c2F)s1,2.935722
C[C@H](Nc1nc(Nc2ncc(C#N)s2)cc(N2CCOCC2)n1)c1ncc(F)cn1,2.7719886
Cn1c(N)nc(CCc2cccc(-c3ccccc3)c2)cc1=O,3.3377051
CC1=C(C)C(=O)C(C(CCCCCC(=O)O)c2ccccc2)=C(C)C1=O,1.9044948
O=C(NC[C@@H](O)CN1CCC(Oc2ccc(Cl)c(Cl)c2)CC1)n1c(=O)[nH]c2ccccc21,3.4064078
O=C(OC1CN2CCC1CC2)C(O)(c1ccccc1)c1ccccc1,1.0414761
Cc1[nH]c(C(=O)NC2CCN(c3nc(C(=O)O)cs3)CC2)c(Cl)c1Cl,0.6499034
Cc1[nH]c(C(=O)NC2CCN(c3ncc(C(=O)O)s3)CC2)c(Cl)c1Cl,0.12237573
CONC(=O)c1cnc(N2CCC(NC(=O)c3[nH]c(C)c(Cl)c3Cl)CC2)s1,2.9577084
CC1(C)Oc2ncnc(N)c2N=C1c1ccc([C@H]2CC[C@H](CC(=O)O)CC2)cc1,1.2836094
O=c1cc(N2CCOCC2)oc2c(-c3cccc4c5c(sc34)CCCC5)cccc12,4.0957575
CC(C)C(NC(=O)Cn1c(-c2ccccc2)ccc(NS(N)(=O)=O)c1=O)C(=O)C(F)(F)F,1.4115174
CC(=O)Nc1ccc(-c2ccccc2)n(CC(=O)NC(C(=O)C(F)(F)F)C(C)C)c1=O,1.9721694
CNS(=O)(=O)Nc1ccc(-c2ccccc2)n(CC(=O)NC(C(=O)C(F)(F)F)C(C)C)c1=O,1.423745
CC(C)C(NC(=O)Cn1c(-c2ccccc2)ccc(NS(C)(=O)=O)c1=O)C(=O)C(F)(F)F,1.3259327
CC(C)C(NC(=O)Cn1c(-c2ccccc2)ccc(NS(=O)(=O)C(F)(F)F)c1=O)C(=O)C(F)(F)F,1.4898114
CCNc1ccc(-c2ccccc2)n(CC(=O)NC(C(=O)C(F)(F)F)C(C)C)c1=O,2.5714998
CC(C)C(NC(=O)Cn1c(-c2ccccc2)ccc(N)c1=O)C(=O)C(F)(F)F,2.0454404
CC(C)C(NC(=O)Cn1c(-c2ccccc2)ccc(NC=O)c1=O)C(=O)C(F)(F)F,1.849617
Nc1nc2cc3c(cc2s1)CCN(Cc1cccc(F)c1)CC3,3.0579438
CN(C)C(=O)c1ccc(CN2CCc3cc4nc(N)sc4cc3CC2)cc1,1.7854283
Nc1nc2cc3c(cc2s1)CCN(Cc1ccccc1)CC3,2.7786884
Cc1cn([C@H]2CCCN(S(=O)(=O)c3ccc(O)c(Oc4ccc(Cl)cc4)c3)C2)c(=O)[nH]c1=O,2.2402678
Cc1cn([C@H]2CCCN(S(=O)(=O)c3ccc(O)c(Oc4cccc(F)c4)c3)C2)c(=O)[nH]c1=O,1.7131858
Cc1cn([C@H]2CCCN(S(=O)(=O)c3ccc(O)c(Oc4ccccc4)c3)C2)c(=O)[nH]c1=O,1.4629943
Cc1cn([C@H]2CCCN(S(=O)(=O)c3ccc(O)c(Oc4cccc(Br)c4)c3)C2)c(=O)[nH]c1=O,2.2782104
Cc1cn([C@H]2CCCN(S(=O)(=O)c3ccc(CO)c(Oc4cccc(Cl)c4)c3)C2)c(=O)[nH]c1=O,2.181048
COc1ccc(S(=O)(=O)N2CCC[C@H](n3cc(C)c(=O)[nH]c3=O)C2)cc1Oc1cccc(Cl)c1,2.8838048
Cc1cn([C@H]2CCCN(S(=O)(=O)c3ccc(C(=O)O)c(Oc4ccc(Cl)c(Cl)c4)c3)C2)c(=O)[nH]c1=O,-0.027393341
Cc1cn([C@H]2CCCN(S(=O)(=O)c3ccc(O)c(Oc4cccc(C(F)(F)F)c4)c3)C2)c(=O)[nH]c1=O,2.4269729
Cc1cn([C@H]2CCCN(S(=O)(=O)c3cccc(Oc4ccccc4)c3)C2)c(=O)[nH]c1=O,2.2457552
Cc1cn([C@H]2CCCN(S(=O)(=O)c3ccc(O)c(Oc4cc(F)cc(Cl)c4)c3)C2)c(=O)[nH]c1=O,2.348495
Cc1cc(Oc2cc(S(=O)(=O)N3CCC[C@H](n4cc(C)c(=O)[nH]c4=O)C3)ccc2O)ccc1Cl,2.7145169
Cc1cn([C@H]2CCCN(S(=O)(=O)c3ccc(C(=O)O)c(Oc4cccc(Cl)c4)c3)C2)c(=O)[nH]c1=O,-0.6622882
Cc1cn([C@H]2CCCN(S(=O)(=O)c3ccc(C(N)=O)c(Oc4cccc(Cl)c4)c3)C2)c(=O)[nH]c1=O,1.6329539
CN1CCN(CCOc2n[nH]c3ncnc(Nc4ccc(OCc5ccccn5)c(Cl)c4)c23)CC1,2.7152157
Cc1ncc(-c2ccnc(Nc3ccc(S(=O)(=O)CCCN4CCOCC4)cc3)n2)n1C(C)C,2.3989797
O=C(Cc1c(C(=O)O)[nH]c2ccccc12)Nc1cccc(C(F)(F)F)c1,1.4648108
COc1cc2ncnc(Nc3ccc(F)c(Cl)c3)c2cc1OCCCN1CCCC1,2.9731982
NCc1ccc(NC(=O)c2cc(Nc3ncccn3)c3cc(/C(N)=N/O)ccc3c2)cc1,-0.66827965
COc1cc2c(cc1OC)C(=O)C(CC1CCN(Cc3ccccc3)CC1)C2,3.257729
Cc1nc2nc(NC(=O)c3ccc(F)cc3)nn2c(O)c1Cc1ccccc1,2.160566
Cc1ccc(NC(=O)c2ccnc(N3CCOCC3)c2)cc1Nc1ccnc(OC2CCN(C)CC2)n1,1.7797632
CC(=O)c1ccc2[nH]c(-c3cccnc3)cc(=O)c2c1,1.967282
CNC(=O)c1ccc2c(=O)cc(-c3cccnc3)[nH]c2c1,1.0697135
Nc1nc(-c2ccccn2)nc(N)c1Cc1ccccc1F,2.1213126
COc1ccc(-c2c(-c3ccc(O)cc3O)n[nH]c2C)cc1,3.2318428
Cc1nc(C)c(-c2ccc(C34CCC(CC(=O)O)(CC3)CC4)cc2)nc1C(N)=O,1.3702505
Cc1nc(C)c(-c2ccc(C34CCC(C(=O)O)(CC3)CC4)cc2)nc1C(N)=O,1.3394997
COc1cccc(S(=O)(=O)c2c(C)n(CC(=O)O)c3ccc(C)cc23)c1,-0.31640434
CC(=O)Nc1cccc2c1c(S(=O)(=O)c1ccc(Cl)cc1)c(C)n2CC(=O)O,-0.5425322
Cc1ccc2c(c1)c(S(=O)(=O)c1ccc(Cl)cc1)c(C)n2CC(=O)O,0.22763252
Cc1c(S(=O)(=O)c2ccc(Cl)cc2)c2cc(F)ccc2n1CC(=O)O,0.11266065
Cc1c(S(=O)(=O)c2ccc(Cl)cc2)c2c(NS(C)(=O)=O)cccc2n1CC(=O)O,-0.7755029
CCc1cccc(N(C)C(=N)Nc2cccc3ccccc23)c1,1.9540627
Cn1cnc2cc(C#Cc3ccccc3)cnc21,3.3618717
CCCc1nc2c(C)cc(-c3nc4ccccc4n3C)cc2n1Cc1ccc(-c2ccccc2C(=O)O)cc1,3.1167872
CC(=O)NC[C@H]1CN(c2ccc(-n3cnc(C#N)c3)c(F)c2)C(=O)O1,1.2399638
CC(=O)NC[C@H]1CN(c2ccc(-n3ccnc3)c(F)c2)C(=O)O1,0.99217343
Nc1nc(N)c2cc(NCc3ccc(Cl)c(Cl)c3)ccc2n1,3.2761679
O=C1COc2ccc(CNC3CCN(CCN4C(=O)COc5ccc(-c6ccco6)cc54)CC3)nc2N1,1.2460685
OB1c2ccccc2N=C(S)N1c1cccnc1,-0.6566324
COc1ccc(-c2nc3c(NCCCNC(=O)c4ccccc4)c(Br)cnc3[nH]2)cc1,3.4615214
Cc1ncc(-c2ccnc(Nc3ccc(S(=O)(=O)CC4CCCO4)cc3)n2)n1C(C)C,2.9273748
O=C(NCC12CC3CC(CC(C3)C1)C2)c1cc(-n2ncc(=O)[nH]c2=O)ccc1Cl,2.1385908
CC(CN(C)C)CN1c2ccccc2CCc2ccccc21,2.7567964
NC(=O)N1c2ccccc2C[C@H](O)c2ccccc21,0.67405486
CN(C)CCCN1c2ccccc2CCc2ccc(Cl)cc21,3.1133988
CNCCCN1c2ccccc2CCc2ccccc21,1.1301275
CN(C)CCCN1c2ccccc2CCc2ccccc21,2.3960447
CNC(=O)c1nc(-c2ccc(Cl)c(S(=O)(=O)Nc3cccc(F)c3F)c2)cnc1N,2.9212377
CN1CC=C(c2cccc(O)c2)CC1,0.9445305
O=C1NC(c2ccc(Br)cc2)Nc2ccccc21,2.8725505
C#CC[C@@H](C(=O)N[C@H](/C=C/C(=O)OCC)C[C@@H]1CCNC1=O)n1cccc(NC(=O)c2cc(C)on2)c1=O,1.2852803
COc1ncc(-c2ccc3nccc(-c4ccnnc4)c3c2)cc1NS(=O)(=O)c1ccc(F)cc1F,2.380756
Nc1nc(Nc2cccc(Br)c2)c2nc[nH]c2n1,2.9333088
Nc1nc(Nc2ccc(F)c(Cl)c2)c2nc[nH]c2n1,3.0558631
N#Cc1cccnc1-c1ccc(C(=O)Nc2ccccc2N)cc1,1.6194236
C[C@H](Nc1ncc(F)c(Nc2cc(C3CC3)[nH]n2)n1)c1ccc(F)cn1,3.2156222
NC(=O)N1c2ccccc2C=Cc2ccccc21,2.0423884
c1ccc(OCC2CNCCO2)cc1,-0.14243841
N=C(N)NC(=O)c1nc(Cl)c(NCc2ccccn2)nc1N,-0.331908
CN(C(=O)Cc1ccc(-n2cnnn2)cc1)C1CCN(Cc2nc3c(s2)CCCC3)CC1,2.2786174
O=C(Nc1ccccc1F)N[C@H]1N=C(c2ccccc2)c2ccccc2NC1=O,3.6726499
O=C(Nc1ccccc1F)NC1N=C(c2ccccc2)c2ccccc2NC1=O,3.6019619
O=C1Nc2ccc(S(=O)(=O)N3CCC[C@H]3CNc3ccccc3)cc2C1=O,2.7612102
CCN(C(=O)Cc1ccc(S(C)(=O)=O)cc1)C1CCN(CCC(c2ccccc2)C2CCN(Cc3ccccc3)CC2)CC1,2.5014915
COc1cc(F)ccc1-c1cncc(CNCC2CC2)n1,1.621506
Fc1cccc(-c2cncc(CNCC3CC3)n2)c1F,1.7724185
c1cncc(-c2ccc(-c3nnc(C4CN5CCC4CC5)o3)o2)c1,1.1536517
O=C(c1ccc(F)cc1)C1CCN(CCn2c(=O)[nH]c3ccccc3c2=O)CC1,2.7294602
O=S(=O)(Nc1ccc2[nH]c(-c3ccc(Br)o3)nc2c1)c1ccccc1,3.5820942
COc1ccc(-n2sc3ccccc3c2=O)cc1,2.9768014
CC(=O)c1noc(C)c1C(=O)Nc1nccs1,1.9094286
Cc1onc(CO)c1C(=O)Nc1nccs1,1.2569346
Cc1onc(C(N)=O)c1C(=O)Nc1nccs1,1.3363832
COc1cc(N2CC3COCC(C2)N3)ccc1Nc1ncc(Cl)c(-c2cnc3ccccn23)n1,3.3667583
Cc1cc(N)n(-c2ccccc2)n1,1.4693358
CCN(CC)CC(=O)Nc1c(C#N)cnn1-c1ccccc1,0.21087003
Cc1cc(C)n(-c2cccc(Cl)c2C#N)n1,2.4289443
Fc1ccc(CN2CCN(C3=Nn4c(nnc4C(F)(F)F)CC3)CC2)cc1,2.1177702
COc1ccc(-c2cncc(CNC3CCCC3)n2)c(OC)c1,1.704028
NC1(c2ccc(-c3ncc4ncccc4c3-c3ccccc3)cc2)CCC1,2.1948423
O=c1[nH][nH]c(=O)c2c1[nH]c1cc(Cl)cc(Cl)c12,1.2228975
COc1ccnc(C[S+]([O-])c2nc3cc(OC(F)F)ccc3[nH]2)c1OC,1.3335127
COCCCOc1ccnc(C[S+]([O-])c2nc3ccccc3[nH]2)c1C,0.7667947
Cc1c(OCC(F)(F)F)ccnc1C[S+]([O-])c1nc2ccccc2[nH]1,1.6692102
Cn1nnc(-c2ccc(-c3ccc(N4C[C@H](COc5ccon5)OC4=O)cc3F)cn2)n1,1.1454426
Nc1nc(OC2CCCC2)nc2c1ncn2[C@@H]1O[C@H](CO)[C@H](Cl)[C@H]1O,1.8370032
Nc1nc(OC2CCCC2)nc2c1ncn2[C@@H]1O[C@H](CF)[C@@H](O)[C@H]1O,1.5840323
Nc1nc(OC2CCCC2)nc2c1ncn2[C@@H]1O[C@H](CO)[C@@H](O)[C@H]1O,0.93914735
C[C@H]1O[C@@H](n2cnc3c(N)nc(OC4CCCC4)nc32)[C@H](O)[C@H]1Cl,3.4228292
Cc1ccc(-c2cccc([S@]3(=O)=NC(=O)[C@H](C)N3)c2)cc1,1.2726879
C[C@@H]1N[S@](=O)(c2cccc(-c3cccc(C#N)c3)c2)=NC1=O,0.61257493
N#Cc1cnn2c(N)cc(-c3cccs3)nc12,2.1963165
O=C1[C@H]2[C@H]3CC[C@H](C3)[C@H]2C(=O)N1[C@H]1CC[C@H](C(=O)Nc2cccc3cccnc23)CC1,3.6982627
Cc1ccc(N2CC(COc3ccc(-c4noc(C)n4)cc3)C2)nn1,2.6919665
Cc1cc(Oc2ccnc(Nc3cccc(N4CCOCC4)c3)c2)c(-c2ccccn2)nc1C,3.4651773
C[C@H]1CN(c2c(F)c(N)c3c(=O)c(C(=O)O)cn(C4CC4)c3c2F)C[C@@H](C)N1,-0.25497127
O=C(O)c1cn(C2CC2)c2cc(N3CCNCC3)c(F)cc2c1=O,-0.97320366
O=C(O)c1cn(C2CC2)c2cc(N3CCN(C(=O)CC[N+](=O)[O-])CC3)c(F)cc2c1=O,-0.57955647
COc1c(N2CCNC(C)C2)c(F)cc2c(=O)c(C(=O)O)cn(C3CC3)c12,-0.9835961
CC(C#Cc1ccccc1)n1[nH]c(=O)c2[nH]c3cc(Cl)ccc3c(=O)c2c1=O,1.7255893
O=c1[nH]n(CC#Cc2ccccc2)c(=O)c2c(=O)c3ccc(Cl)cc3[nH]c12,1.7386537
O=C(O)C[C@@H]1c2ccccc2C[C@H]1NC(=O)c1cc2cc(Cl)ccc2[nH]1,1.7700734
O=C(O)C[C@@H]1c2ccccc2C[C@H]1NC(=O)c1cc2cc(F)ccc2[nH]1,1.2184274
O=C(O)CCC[C@@H]1c2ccccc2C[C@H]1NC(=O)c1cc2cc(F)ccc2[nH]1,1.5970405
CC(C)(CS(=O)(=O)N1CCN(c2ccc(F)cc2)CC1)N(O)C=O,0.93576014
OCC(O)CN1CCN(c2ccccc2)CC1,0.36670876
Cc1cnc(Nc2cc(N3CCN(C)CC3)nc(N[C@@H](C)c3ccc(F)cn3)n2)s1,3.1364968
O=S(=O)(Nc1cccnc1)c1cccs1,0.59374845
COc1ccc(N(C(=O)c2ccccc2)C(C(=O)NC2CCCC2)c2ccccc2F)c(OC)c1,3.5045056
C=C(C)[C@H]1Cc2c(ccc3c2O[C@@H]2COc4cc(OC)c(OC)cc4[C@@H]2C3=O)O1,3.6915107
Cc1cc2c(C(=O)NC[C@H](C)c3ccccc3)c(O)c(O)cc2c(O)c1-c1c(C)cc2c(C(=O)NC[C@H](C)c3ccccc3)c(O)c(O)cc2c1O,3.3201761
O=C(NCc1ccco1)c1ccc2[nH]c(COc3ccc(C45CC6CC(CC(C6)C4)C5)cc3)nc2c1,4.4708757
O=C(CSc1ccccc1)N1CCN(c2ccccc2)CC1,3.237616
Cc1cc(C)c(CNC(=O)c2cc(C3CC3)nc3c2cnn3C(C)C)c(O)n1,3.2828722
Cc1ccc(S(=O)(=O)Nc2c(C(=O)NCc3ccccc3)cnn2-c2ccccc2)cc1,2.0213737
Cc1c(Sc2ccc(Cl)cc2)c2cc(-c3ccccc3)ccc2n1CC(=O)O,2.6447968
CCC(=O)N[C@H]1CC[C@@H](C(=O)N(C)c2ccc(-c3nc4ccccc4o3)cc2)C1,3.081487
O=C1CCC(=O)N1C(CCc1ccncc1)COc1ccc(-c2cccc([N+](=O)[O-])c2)cc1,3.1578522
O=C(O)c1cccnc1Nc1cccc(C(F)(F)F)c1,0.74709666
NC(=O)c1cccc(O[C@H]2C[C@@H]3CC[C@H](C2)N3CC2CC2)c1,0.24721718
CC(=O)NC1CC(C)N(C(=O)c2ccccc2)c2ccccc21,2.0531054
CN1CCC(C#N)(c2cccc3ccccc23)CC1,1.8219674
Cc1cnc(Nc2ccc(OCCN3CCCC3)cc2)nc1Nc1cccc(S(=O)(=O)NC(C)(C)C)c1,2.69998
COC(=O)C1=C(C)NC(C)=C(C(=O)OC(C)C)[C@@H]1c1cccc2nonc12,3.5730433
O=[N+]([O-])c1ccc2c(c1)nc1n2CCCCC1,2.5306358
CC(C)[C@H]1C(=O)N[C@H](CO)Cc2ccccc2N1C,2.029915
CC(C)C[C@H](NC(=O)N1CCOCC1)C(=O)N[C@H](/C=C/S(=O)(=O)c1ccccc1)CCc1ccccc1,3.3541455
N#CC1(NC(=O)[C@@H]2CCCC[C@H]2C(=O)N2CCN(c3nc4ncccc4s3)CC2)CC1,1.871488
COc1cc(OC)c(S(=O)(=O)N2c3ccccc3CCC2C)cc1NC(=O)CSCC(=O)O,-0.8295078
COc1cc(OC)c(S(=O)(=O)N2c3ccccc3CCC2C)cc1NC(=O)COC(C)=O,2.1909359
COc1cc(O)c(S(=O)(=O)N2c3ccccc3CCC2C)cc1NC(=O)CCC(=O)O,-0.7265992
COc1cc(OC)c(S(=O)(=O)N2c3ccccc3CCC2C)cc1NC(C)=O,2.0133412
COc1cc(OC)c(S(=O)(=O)N2c3ccccc3CCC2C)cc1NC(=S)NCC(=O)O,-0.7227001
COc1cc(OC)c(S(=O)(=O)N2c3ccccc3CCC2C)cc1NC(=O)NCC(=O)O,-0.7971022
COc1cc(OC)c(S(=O)(=O)N2c3ccccc3CCC2C)cc1NC(=O)CCC(=O)O,-0.4764595
CCn1c(SCC(=O)Nc2c(C#N)cnn2-c2ccccc2)nnc1-c1cccs1,2.210377
Cn1nnc2c(C(N)=O)ncn2c1=O,-1.0909266
CC(C)n1c(=O)n(C)c(=O)c2c(C(=O)N3CCS(=O)(=O)C3)c(Cc3ccccc3C(F)(F)F)sc21,2.665601
O=C(NCC12CC3CC(CC(C3)C1)C2)c1ccnc(NCC2CCNCC2)c1Cl,0.8582947
O=C(CSc1nccn(-c2ccc(F)c(F)c2)c1=O)NC1CCCC1,2.0091286
Cc1noc(C)c1CCC1CCN(S(=O)(=O)CC2(N(O)C=O)CCOCC2)CC1,0.78435385
CS(=O)(=O)c1ccc(-c2cnc(N)c(-c3ccc(C(F)(F)F)nc3)c2)cc1,2.5696442
CS(=O)(=O)c1ccc(Oc2ccc(C#C[C@]3(O)CN4CCC3CC4)cc2)cc1,1.8035591
CNC(=O)c1ccc(Oc2ccc(C#C[C@]3(O)CN4CCC3CC4)cc2)cc1,1.7795987
CNS(=O)(=O)c1ccc(Oc2ccc(C#C[C@]3(O)CN4CCC3CC4)cc2)cc1,1.9522463
Oc1nc2ccccc2nc1NCc1ccccc1,2.831419
CCOC(=O)c1ccc(OCCC2CCN(c3ccc(C)nn3)CC2)cn1,3.3161924
O=C(NCC(=O)N(CCO)c1ccccc1)c1cc2cc(Cl)ccc2[nH]1,3.0722408
COc1cc(F)ccc1-c1cncc(CNC(=O)c2ccccn2)c1,2.8087418
O=C(NCC12CC3CC(CC(C3)C1)C2)c1cc(CC2CCNCC2)ccc1Cl,1.7215445
CCCCCc1cc(=O)[nH]c(N)n1,1.104043
O=C1CCOc2nc(COc3ccccc3)ccc21,2.5193045
Cc1nc(C)c(-c2ccc([C@H]3CC[C@H](Cc4nnn[nH]4)CC3)cc2)nc1C(N)=O,1.5512009
O=C1O[C@@H](COc2ccon2)CN1c1ccc(C2=CCOCC2)c(F)c1,2.427638
N#C/C(=C(/N)Sc1ccc(N)cc1)c1ccccc1C(F)(F)F,3.199214
N#C/C(=C(\N)Sc1ccc(N)cc1)c1ccccc1C(F)(F)F,3.1792862
Cc1sc(N2CCN(C)CC2)nc1CCOc1ccc(C[C@H](Nc2ccccc2C(=O)c2ccccc2)C(=O)O)cc1,2.0559413
CCCN1CCN(c2ccc(C(=O)NC3(C(=O)NCC#N)CCCCC3)cc2)CC1,1.2548559
O=C1COc2c(CCNCCN(C(=O)CCNCCc3ccc(Cl)c(Cl)c3)C3CCCCC3)ccc(O)c2N1,2.3881633
COc1cccc(NC(=O)c2cccc(Cc3c(C)nn(CCO)c3-c3ccccc3)c2)c1,3.519433
CC(CCc1ccccc1)NCC(O)c1ccc(O)c(C(N)=O)c1,0.51611686
Cc1ncc(-c2ccnc(Nc3ccc(C(=O)N(C)C)c(F)c3)n2)n1C(C)C,2.7409215
Cc1ncc(-c2nc(Nc3ccc(C(N)=O)cc3)ncc2F)n1C(C)C,2.7109628
Cc1ncc(-c2ccnc(Nc3ccc(F)cc3)n2)n1C(C)C,3.5061927
CCn1c(-c2ccnc(Nc3ccc(C(=O)NC)cc3)n2)cnc1C,2.0614638
Cc1ncc(-c2ccnc(Nc3ccc(C(=O)NCCN(C)C)c(F)c3)n2)n1C(C)C,1.9520957
CCn1c(-c2ccnc(Nc3ccc(S(=O)(=O)NCCOC)cc3)n2)cnc1C,2.3408108
Cc1ncc(-c2ccnc(Nc3ccc(C#N)cc3)n2)n1C(C)C,3.2748725
Cc1ncc(-c2ccnc(Nc3ccc(C(N)=O)c(F)c3)n2)n1C(C)C,2.5596488
Cc1ncc(-c2ccnc(Nc3ccccc3)n2)n1C(C)C,3.4594388
CCCS(=O)(=O)c1ccc(Nc2nccc(-c3cnc(C)n3C(C)C)n2)cc1,3.3371305
Cc1ncc(-c2ccnc(Nc3ccc(S(=O)(=O)CCCN(C)C)cc3)n2)n1C(C)C,1.5013341
Cc1ncc(-c2nc(Nc3ccc(C(=O)N(C)C)c(F)c3)ncc2F)n1C(C)C,3.0204492
Cc1ncc(-c2nc(Nc3ccc(C(=O)NCCN(C)C)c(F)c3)ncc2F)n1C(C)C,2.239701
Cc1ncc(-c2nc(Nc3ccc(C(=O)N(C)C)cc3)ncc2F)n1C(C)C,2.881411
Cc1ncc(-c2ccnc(Nc3ccc(C(=O)N(C)C)cc3)n2)n1C(C)C,2.5939715
Cc1ncc(-c2ccnc(Nc3ccc(S(N)(=O)=O)cc3)n2)n1C,1.3582178
CNC(=O)c1ccc(Nc2ncc(F)c(-c3cnc(C)n3C(C)C)n2)cc1F,2.9687452
COc1ccc(Nc2nccc(-c3cnc(C)n3C(C)C)n2)cc1,3.4797382
Cc1ncc(-c2ccnc(Nc3ccc(C(N)=O)cc3)n2)n1C(C)C,2.4234574
CNC(=O)c1ccc(Nc2ncc(F)c(-c3cnc(C)n3C(C)C)n2)cc1,2.8208652
Cc1ncc(-c2nc(Nc3ccc(C(N)=O)c(F)c3)ncc2F)n1C(C)C,2.8386467
COCCS(=O)(=O)c1ccc(Nc2nccc(-c3cnc(C)n3C(C)C)n2)cc1,2.8338833
Cc1ncc(-c2ccnc(Nc3ccc(N(C)C)cc3)n2)n1C(C)C,3.4633522
Cc1ncc(-c2ccnc(Nc3ccc(C(=O)NCCO)cc3)n2)n1C(C)C,2.1884797
CNC(=O)c1ccc(Nc2nccc(-c3cnc(C)n3C(C)C)n2)cc1F,2.6884165
Cc1cc(Nc2ncc(F)c(-c3cnc(C)n3C(C)C)n2)ccc1C(=O)N(C)C,3.157413
CNC(=O)c1ccc(Nc2nccc(-c3cnc(C)n3C(C)C)n2)cc1,2.5334797
COCCOc1ccc(C(=O)Nc2cc(NC(=O)c3cccc(N(C)C)c3)ccc2C)cc1,3.258223
Cc1ccc(NC(=O)c2cccc(N(C)C)c2)cc1NC(=O)c1ccc(OC(C)C)cc1,3.6848135
COc1cc(C(=O)Nc2cc(NC(=O)c3cccc(N(C)C)c3)ccc2C)cc(OC)c1OC,3.0834272
COc1ccc(C(=O)Nc2cccc(NC(=O)c3cccc(N(C)C)c3)c2)cc1OC,3.0603642
COc1ccc(C(=O)Nc2cc(NC(=O)c3cccc(N(C)C)c3)ccc2Br)cc1OC,3.3080082
COc1ccc(C(=O)Nc2cc(NC(=O)c3cccc(N(C)C)c3)ccc2C)cc1,3.2939281
Cc1ccc(NC(=O)c2cccc(N(C)C)c2)cc1NC(=O)c1ccc(O)cc1,3.0539308
COc1ccc(C(=O)Nc2cc(NC(=O)c3cccc(N(C)C)c3)ccc2C)cc1OC,3.213268
CC(C)c1nnc2ccc(-c3ocnc3-c3cc(F)ccc3F)cn12,3.3633454
Oc1nc(-c2ccccc2)nc2ccccc12,2.319263
COc1ccc(CNC(=O)CSc2nc3cccnc3s2)cc1,2.5445592
COc1ccccc1CN1C(=O)c2ccccc2C1C(=O)NC1CCC(C)CC1,3.4906073
COc1cc(N2CCN(C(C)=O)CC2)ccc1Nc1ncc(Cl)c(-c2cnc3cc(N4CCCC4)ccn23)n1,3.5913062
CCC(c1nc2snc(C)c2c(=O)n1Cc1ccccc1)N(CCCN)C(=O)c1ccc(C)cc1,1.5761371
COc1ccc(-c2cc(=O)c3ccccc3[nH]2)cc1,3.1559622
O=c1cc(-c2ccc(O)cc2)[nH]c2ccccc12,2.9031827
C[C@]12CC[C@H]3[C@@H](C=CC4=CC(=O)CC[C@@]43C)[C@@H]1CC[C@@]21CCC(=O)O1,3.093544
O=S(=O)(Nc1nc(-c2sccc2Cl)cs1)c1cc(Cl)ccc1Cl,2.9156573
C[C@@]1(C(=O)Nc2ccc(F)nc2)CCCN1c1nc(Nc2cc(C3CC3)[nH]n2)c2cccn2n1,3.6591606
Cc1ncc(-c2nc(Nc3ccc(C(=O)N4CC[C@@H](N(C)C)C4)cc3)ncc2F)n1C(C)C,2.1423533
CN[C@H]1CCN(C(=O)c2ccc(Nc3nccc(-c4cnc(C)n4C(C)C)n3)cc2)C1,1.2540408
Cc1ncc(-c2nc(Nc3ccc(C(=O)N4CC[C@H](N(C)C)C4)cc3)ncc2F)n1C(C)C,2.1506855
Cc1cc(Nc2ccnc(NCc3cc(C4CC4)no3)n2)n[nH]1,2.8975613
CCOc1nc2cccc(C(=O)O)c2n1Cc1ccc(-c2ccccc2-c2nnn[nH]2)cc1,0.43113875
CC(C)c1ccc2oc3nc(N)c(C(=O)O)cc3c(=O)c2c1,0.41641295
COc1cccc([C@H](O)C2CCN(CCc3ccc(F)cc3)CC2)c1OC,1.8517859
CC(C)COCC(CN(Cc1ccccc1)c1ccccc1)N1CCCC1,3.3806229
CCCCC1C(=O)N(c2ccccc2)N(c2ccccc2)C1=O,1.0164421
O=C(CO)N1CCC[C@@H]1COc1cccc2ncnc(Nc3ccc(OCc4ccccn4)c(Cl)c3)c12,3.233284
O=C(CO)N1CCC[C@H]1COc1cccc2ncnc(Nc3ccc(OCc4ccccn4)c(Cl)c3)c12,3.313577
CCOc1ccc(-n2c([C@@H](C)N(CC3CCN(C)CC3)C(=O)Cc3ccc(F)c(C(F)(F)F)c3)nc3ncccc3c2=O)cc1,2.856824
COc1cc(Nc2ncc(C)s2)nc(N[C@@H](C)c2ncc(F)cn2)n1,2.911946
C[C@@H]1CN(CC2(C(N)=O)CC2)CCN1S(=O)(=O)c1ccc(C(C)(O)C(F)(F)F)cc1,1.2010438
COc1cc(OC)cc(-c2ccc(NC(=O)OCc3ccccc3)c(=O)n2CC(=O)NC(C(=O)C(F)(F)F)C(C)C)c1,3.1318808
CC(C)C(NC(=O)Cn1c(-c2ccccc2)ccc(NC(=O)OCc2ccc(C(=O)O)cc2)c1=O)C(=O)C(F)(F)F,0.98706865
CC(C)C(NC(=O)Cn1c(-c2cccc(C(=O)O)c2)ccc(NC(=O)OCc2ccccc2)c1=O)C(=O)C(F)(F)F,0.8004484
COc1cc(CCc2cc(Nc3ccnc(NCc4cc(C)no4)n3)n[nH]2)cc(OC)c1,3.7195086
Cc1cc(CNc2nccc(Nc3cc(CCc4ccccc4)[nH]n3)n2)on1,3.6836395
CCN(C)C(=O)c1ccc(C(=C2CCN(Cc3ccc(F)cc3)CC2)c2ccccc2NC(C)=O)cc1,3.0721796
CCN(CC)C(=O)c1ccc(C(=C2CCN(Cc3ccc(F)cc3)CC2)c2ccc(NC(=O)OC)cc2)cc1,3.6633992
O=C(Cc1ccc(Cl)c(C(F)(F)F)c1)Nc1cccc2c(=O)n(CCO)ccc12,2.9503627
C[C@H](CO)n1ccc2c(NC(=O)Cc3ccc(Cl)c(C(F)(F)F)c3)cccc2c1=O,3.0934196
CCC(c1nc2sccc2c(=O)n1Cc1ccccc1)N(CCCN)C(=O)c1ccc(C)cc1,1.874396
Cc1cc(C)cc(-c2nnc(SCC(=O)N3CCN(C(=O)c4ccco4)CC3)o2)c1,2.6014514
Cc1c(CN(C)C(=O)/C=C/c2cnc3c(c2)CCC(=O)N3)oc2ccccc12,2.8850937
CCc1[nH]c2nc(Sc3cnc4ccc[n+]([O-])c4c3)nc(N3CC[C@@H](N)C3)c2c1Cl,1.9554006
CO[C@H]1CC[C@]2(CC1)Cc1ccc(OCC(C)C)cc1C21N=C(C)C(N)=N1,3.5093412
O=C(NCC12CC3CC(CC(C3)C1)C2)c1cc(OCCCNCCCO)ccc1Cl,1.5676185
COc1ccc(Cl)c(C(=O)NCC23CC4CC(CC(C4)C2)C3)c1,3.9001696
O=C(NCC12CC3CC(CC(C3)C1)C2)c1cccc(Cl)c1Cl,3.9372592
Cc1ccccc1C(=O)NCC12CC3CC(CC(C3)C1)C2,3.9261675
O=C(NCC12CC3CC(CC(C3)C1)C2)c1ccccc1,3.7307162
COc1ccccc1C(=O)NCC12CC3CC(CC(C3)C1)C2,3.7561913
CN(C)C[C@H](O)Cc1ccc(Cl)c(C(=O)NCC23CC4CC(CC(C4)C2)C3)c1,1.9816377
CNC[C@H](O)c1ccc(Cl)c(C(=O)NCC23CC4CC(CC(C4)C2)C3)c1,1.2883451
O=C(O)CNCCNc1ccc(Cl)c(C(=O)NCC23CC4CC(CC(C4)C2)C3)c1,1.164948
Nc1cccc(C(=O)NCC23CC4CC(CC(C4)C2)C3)c1Cl,3.321884
O=C(NCC12CC3CC(CC(C3)C1)C2)c1ccccc1Br,3.9060488
O=C(NCC12CC3CC(CC(C3)C1)C2)c1ccccc1Cl,3.8741403
Nc1ccc(Cl)c(C(=O)NCC23CC4CC(CC(C4)C2)C3)c1,3.396059
CN[C@@H](C)C(=O)N[C@H](C(=O)N[C@H]1CCCN(CCCc2ccccc2)C1)C1CCCCC1,1.8398222
NC1(C(=O)NC(c2ccccc2)c2ccc(Cl)cc2)CCN(c2ncnc3[nH]ccc23)CC1,3.618413
CCC(CC)NC(=O)c1cnn(Cc2ccccc2)c1NS(=O)(=O)c1ccc(C)cc1,1.8798661
Cc1cc2n[nH]c(=O)n2c2cc(-c3cn[nH]c3)ccc12,2.2698374
CCCN(C)c1nc(N2CCC[C@@H](CC(=O)O)C2)ccc1C(=O)NC1CCCCC1,2.24772
CCCSc1nc(N2CCCC(C(=O)O)C2)ccc1C(=O)NC1CCCCC1,1.6312623
CCCOc1nc(N2CCC[C@@H](CC(=O)O)C2)ccc1C(=O)NC1CCCCC1,2.2707427
CCCSc1nc(N2CCC(C(=O)O)CC2)ccc1C(=O)NC1CCCCC1,1.73903
CCCNc1nc(N2CCC[C@@H](CC(=O)O)C2)ccc1C(=O)NC1CCCCC1,2.0096965
CCCSc1nc(N2CCC[C@H](CC(=O)O)C2)ccc1C(=O)NC1CCCCC1,2.0515242
CCCSc1nc(N2CCCCC2C(=O)O)ccc1C(=O)NC1CCCCC1,1.0621768
Cc1ccccc1C(=O)N1CCN(c2ccccn2)CC1,2.3379562
O=C(c1cccc(Cl)c1Cl)N1CCN(c2ccccn2)CC1,3.0482383
C[C@@H](Oc1ccc(S(C)(=O)=O)cc1C(=O)N1CCN(c2ncc(C(F)(F)F)cc2F)CC1)C(F)(F)F,3.0719814
COc1cc(C(=O)Nc2ccc(Cl)c(-c3nc4ccccc4[nH]3)c2)cc(OC)c1OC,3.51195
Nc1[nH]nc2ccccc12,0.95222723
Nc1[nH]nc2cccc(Cl)c12,1.561275
CNS(=O)(=O)CCc1ccc2[nH]cc(C3CCN(C)CC3)c2c1,0.525658
CC(C)C(NC(=O)Cn1c(-c2ccccc2)ccc(NS(=O)(=O)NCc2ccccc2)c1=O)C(=O)C(F)(F)F,2.5615752
O=c1[nH]c2c(O)ccc([C@@H](O)CNCCSCCCOCCc3ccccc3)c2s1,1.6604881
O=C(NCc1ccnc2ccccc12)c1ccc(Oc2ccc(C#C[C@]3(O)CN4CCC3CC4)cc2)cc1,3.2745123
CCOc1ccc(-n2c([C@@H](C)N(Cc3cccnc3)C(=O)Cc3ccc(OC(F)(F)F)cc3)nc3ncccc3c2=O)cc1,3.5804381
COc1ccc(COc2ccc(Cc3cnc(N)nc3N)cc2OC)cc1,2.7787561
O=C(N[C@H]1CN2CCC1CC2)c1ccc(Cl)cc1,1.1107334
O=C(O)CCC(=O)N1CCC(c2nc(-c3cccs3)no2)CC1,-0.9999337
NS(=O)(=O)c1ccc(CCNc2ccc3nnc(-c4ccccc4)n3n2)cc1,2.5658553
C[C@@H](NC1=CC(=O)CCC1)c1ccc(Nc2ncc3cc(-c4ccncc4)ccc3n2)cc1,3.2572494
C[C@H]1O[C@@H](n2cnc3c(N)nc(Oc4ccccc4)nc32)[C@H](O)[C@@H]1O,1.189208
CN1CCN2c3ncccc3Cc3ccccc3C2C1,2.2058558
O=C(O)c1cncc(-c2ccc(Cl)c(C(=O)NCC34CC5CC(CC(C5)C3)C4)c2)c1,1.1299397
Nc1cc(C(=O)Nc2cccc(-c3nnn[nH]3)c2)cc(C(F)(F)F)c1,1.085874
O=C(Nc1cccc(-c2nnn[nH]2)c1)c1cc(O)cc(C(F)(F)F)c1,1.6126255
CC(C)Cn1c(=O)n(C)c(=O)c2c(C(=O)N3CC[C@@H](O)C3)c(Cc3cccc4ncccc34)sc21,1.8925612
CNc1c(Br)cnc2[nH]c(-c3ccc(OCCN4CCCCC4)cc3)nc12,2.9054847
Nc1ccc(N=Nc2ccccc2)c(N)n1,2.5363324
O=C(COCc1ccncc1)N1CCC(F)(c2ccc(Cl)cc2)CC1,2.7283933
O=C(COCc1ccncc1)N1CCC(c2ccc(F)cc2Cl)CC1,2.9491045
CC1(c2ccc(Cl)cc2)CCN(C(=O)COCc2ccncc2)CC1,3.0240102
O=C(COCc1ccncc1)N1CCC(c2ccc(Cl)cc2Cl)CC1,3.2176418
O=C(COCc1ccncc1)N1CCC(c2ccc(Cl)cc2)CC1,2.6766815
COc1ccccc1CN(C(C)=O)c1cnccc1Oc1ccccc1,3.3174777
CCC1(c2ccc(N)cc2)CCC(=O)NC1=O,0.46025395
COC(=O)Nc1nc2ccc(C(=O)c3ccccc3)cc2[nH]1,3.242312
Nc1nc2ccc(C(=O)c3ccccc3)cc2[nH]1,2.698237
Cc1ccn2c(-c3ccnc(N)n3)c(C)nc2c1,2.0831556
Cc1nc2ccc(Cl)cn2c1-c1ccnc(N)n1,2.3755083
Cc1c(Sc2ccc(Cl)cc2)c2cc(Cl)ccc2n1Cc1nnn[nH]1,3.268126
N[C@H]1CCN(c2c(Cl)cccc2/C=C2\SC(=O)NC2=O)C1,1.5063347
O=c1ncn2nc(Sc3ccc(F)cc3F)ccc2c1-c1c(Cl)cccc1Cl,3.4566116
Cc1nn(-c2ccccc2)c(NS(=O)(=O)C2CCCCC2)c1C(=O)N[C@@H](C)C(C)(C)C,1.5951643
CN(C)C(=O)N1CCC(C(=O)NCc2cccs2)CC1,0.81331646
O=C(NCC12CC3CC(CC(C3)C1)C2)c1cc(N2CCNCC2)ncc1Cl,1.9851756
O=C(NCC12CC3CC(CC(C3)C1)C2)c1ccnc(N2CCNCC2)c1Cl,1.597757
COc1cc(OC)c(S(=O)(=O)N2c3ccccc3Oc3ccccc32)cc1NC(=O)Cc1ccnc(F)c1,3.048827
CCN1CCN(C(=O)c2cc3ccccc3[nH]2)CC1,1.6840277
CCN1CCN(C(=O)c2cc3cc(Cl)ccc3[nH]2)CC1,2.4886785
COc1ccc2[nH]c(C(=O)N3CCN(C)CC3)cc2c1,1.6910087
CC1CN(C(=O)c2cc3ccccc3[nH]2)CCN1,0.48001385
O=C(c1cc2ccccc2[nH]1)N1CCNCC1,0.2822498
CN1CCN(C(=O)c2cc3ccccc3[nH]2)CC1,1.6310965
CN1CCN(C(=O)c2cc3ccccc3n2C)CC1,1.5819597
O=C(c1cc2cc(Cl)ccc2[nH]1)N1CCNCC1,1.0514522
CN1CCN(C(=O)c2cc3cc(Cl)ccc3[nH]2)CC1,2.4357474
CN1CCN(C(=O)c2cc3cc(F)ccc3[nH]2)CC1,1.8796799
CCN1CCN(C(=O)c2cc3cc(F)ccc3[nH]2)CC1,1.9326111
CN1CCN(C(=O)c2cc3cc(Br)ccc3[nH]2)CC1,2.5255387
Cc1ccc2[nH]c(C(=O)N3CCN(C)CC3)cc2c1,2.1021934
CCn1cnc(-c2ccccc2)c1-c1nc2c(N)ncnc2s1,3.0532103
Cn1cnc(-c2ccccc2)c1-c1nc2c(N)ncnc2s1,2.532064
CC(C)Cn1cnc(-c2ccccc2)c1-c1nc2c(N)ncnc2s1,3.5408022
O=C(N[C@H]1CN2CCC1CC2)c1ccc(-c2ccccn2)s1,0.98416734
C(=C/c1c(-c2ccccc2)nc2sccn12)\c1ccncn1,3.325747
O=C(Nc1cccc(O)c1)c1ccc(OCCCN2CCCC2)cc1OCc1ccccn1,1.8341008
NC(=O)c1cc(C(N)=O)n(-c2cccc(-c3cc(C(F)(F)F)ccc3C(F)(F)F)c2)n1,3.398934
CCCCCSc1nc(O)c2sc(N)nc2n1,2.6412094
Nc1cc2n[nH]c(=O)n2c2cc(-c3cccs3)ccc12,2.826968
Cc1ccc(S(=O)(=O)N2N=Cc3oc(C)cc3B2O)cc1,-0.22257543
CN(CCCc1ccccc1)S(=O)(=O)c1cc(C(=O)N2CCc3ccc(S(=O)(=O)NCCc4ccccc4)cc3C2)c(O)c(O)c1O,0.8606063
Cc1ccc(NC(=O)c2ccnc(N3CCOCC3)c2)cc1Nc1ccnc(OCC(C)(C)CN(C)C)n1,2.0478487
Cc1ccc(NC(=O)c2ccnc(N3CCOCC3)c2)cc1Nc1ccnc(OCCCN(C)C)n1,1.3061864
Cc1ccc(NC(=O)c2ccnc(N3CCOCC3)c2)cc1Nc1ccnc(Cl)n1,2.9050694
CN(C)c1nc(N(C)C)nc(N(C)C)n1,2.4845035
N#Cc1ccc(C(=O)N2CCC3(CC2)N=C(N)c2c(F)cccc2N3)cc1,0.61551523
N#Cc1ccc(C(=O)N2CCC3(CC2)N=C(N)c2c(F)ccc(F)c2N3)cc1,0.75908935
O=C(Cc1ccccn1)c1ccc(Cl)cc1,2.8145046
CN1CCN(CC(=O)N2c3ccccc3C(=O)Nc3cccnc32)CC1,0.28571713
C[C@@H](Oc1cc(-c2cnn(C3CCNCC3)c2)cnc1N)c1c(Cl)ccc(F)c1Cl,2.1579988
COc1cc2ncnc(Nc3cccc(Cl)c3F)c2cc1CN(C)[C@H](C)C(N)=O,3.0926685
c1ccc(Nc2ncnc3ccccc23)cc1,2.9925518
Cc1cccc(Nc2ncnc3ccccc23)c1,3.3483663
COc1cc2ncnc(Nc3cccc(O)c3)c2cc1OC,2.9017954
COc1cc2ncnc(Nc3cccc(C)c3)c2cc1OC,3.4066377
COc1cc2ncnc(Nc3ccc(F)c(Cl)c3)c2cc1OCCCN(C)C,2.6677358
COc1cc2ncnc(Nc3ccc(F)c(Cl)c3)c2cc1OCCN(C)C,2.7724857
COc1cc2ncnc(Nc3ccc(F)c(Cl)c3)c2cc1OC,3.4605117
C#Cc1cccc(Nc2ncnc3cc(OCCOC)c(OCCOC)cc23)c1,3.4702125
COc1cc2ncnc(Nc3ccc(Cl)c(O)c3)c2cc1OC,3.3037953
Nc1ccc2ncnc(Nc3ccc(F)c(Cl)c3)c2c1,3.2020657
Cc1ccccc1Nc1ncnc2ccccc12,3.1680996
Clc1cccc(Nc2ncnc3ccccc23)c1,3.4143586
COc1cc2ncnc(Nc3cccc(Cl)c3F)c2cc1CN(C)[C@@H](C)C(N)=O,3.1766574
COc1cc2ncnc(Nc3ccccc3)c2cc1OC,3.040888
C=CC(=O)Nc1ccc2ncnc(Nc3cccc(C)c3)c2c1,3.390056
COc1cc2ncnc(Nc3ccc(F)cc3)c2cc1OC,3.259931
COc1cccc(Nc2ncnc3cc(OC)c(OC)cc23)c1,3.1079183
N#Cc1cccc(-c2ccc(C3(CNC(=O)Nc4cc(Cl)cc(Cl)c4)CCN(CC4CC4)CC3)cc2)c1,3.9096248
COc1ccc(-c2cccc3c(N)c4c(nc23)CN(C2CCC2)C4=O)c(C)n1,3.3493876
COc1ncccc1-c1cccc2c(N)c3c(nc12)CN(C1CCC1)C3=O,3.05273
CCN(CC)CCCC(C)Nc1c2ccc(Cl)cc2nc2ccc(OC)cc12,2.8299952
COc1ccc2nc3ccccc3c(N)c2c1,2.1382816
[O-]c1c2c(nn1-c1ccc(Cl)cc1)c1ccccc1c[n+]2Cc1ccccc1,3.5296288
CCCc1c(OCCCOc2ccc3c(=O)cc(C(=O)O)oc3c2CCC)ccc(C(C)=O)c1O,2.7372959
Cc1c(Sc2ccc(Cl)cc2)c2c(-c3cnccn3)cccc2n1CC(=O)O,1.156848
O=C(CC12CC3CC(CC(C3)C1)C2)Nc1c(Cl)ccc2nc(CN3CCN(CCO)CC3)ccc12,3.1546347
NC(=O)c1cncc(-c2ccc([C@H]3CC[C@H](CC(=O)O)CC3)cc2)c1,0.21329165
CC(=O)Nc1ccc(S(=O)(=O)Nc2ccccn2)cc1,0.51600695
COc1ccc(S(=O)(=O)Nc2ccccn2)cc1,1.1813022
Nc1ccc(S(=O)(=O)Nc2ccccn2)cc1,0.23596716
O=C(c1ccc(F)cc1)C1CCN(C(=O)N2CCOCC2)CC1,1.6440979
Cc1nsc(C)c1CCC1CCN(S(=O)(=O)CC2(N(O)C=O)CCOCC2)CC1,1.141565
COc1ccc(C(=O)NCc2cccnc2)cc1C(=O)NCc1cccnc1,1.1476916
NC(=O)c1cnc(-c2ccc(C3(N)CCC3)cc2)c(-c2ccccc2)c1,1.17784
CC(C)(C)OC(=O)c1ncn2c1[C@@H]1CCCN1C(=O)c1c(Br)cccc1-2,3.1603348
c1nc(N2CCCCC2)c2nc[nH]c2n1,1.7501848
COc1ccc2c(Oc3ccc(CC(=O)Nc4n[nH]c(C)c4C)c(OC)c3)ccnc2c1,3.430564
Cc1ccc(C(=O)NC2CC2)cc1-c1ccc(C(=O)NCC2CC2)nc1,2.8434212
Nc1nc(N)c(-c2ccc(NC(=O)C3CC3)cc2)c(COCc2ccccc2)n1,2.4573722
COc1ccccc1C(=O)Nc1nc2ccccc2s1,3.4800153
COc1cccc2sc(NC(=O)c3ccccc3)nc12,3.4908435
COc1cc(NC(=O)Nc2cccc(CNC(=O)O[C@H]3CCOC3)c2)ccc1-c1cnco1,3.005331
Cc1c(Sc2ccc(Cl)cc2)c2c(Cl)nccc2n1CC(=O)O,1.0135102
CCN(C)C(=O)c1ccc(C(=C2CCN(Cc3cscn3)CC2)c2cccc3cccnc23)cc1,2.5114455
CN(C)C(=O)c1ccc(C(=C2CCN(Cc3cscn3)CC2)c2cccc3cccnc23)cc1,2.1969635
CC(C)NC[C@@H](C(=O)N1CCN(c2ncnc3c2[C@H](C)C[C@H]3O)CC1)c1ccc(Cl)cc1,1.2131004
N#Cc1cnn2c(NC3CC3)cc(-n3ccc4ccc(CO)cc43)nc12,2.9270058
CS(=O)(=O)Cc1ccc2ccn(-c3cc(NC4CC4)n4ncc(C#N)c4n3)c2c1,2.9536946
CC(=O)Nc1cc2c(ccn2-c2cc(NC3CC3)n3ncc(C#N)c3n2)cc1C,3.161273
CC(=O)Nc1ccc2ccn(-c3cc(NC4CC4)n4ncc(C#N)c4n3)c2c1,2.970671
CC(=O)N(C)c1ccc2ccn(-c3cc(NC4CC4)n4ncc(C#N)c4n3)c2c1,2.9513588
Cn1sc(=O)c2cc(S(N)(=O)=O)ccc21,0.5667596
NC1(C(=O)NC(c2ccc(Cl)cc2)C2CC2)CCN(c2ncnc3[nH]ccc23)CC1,3.4351048
O=C(CCc1ccncc1)Nc1ccc(C(=O)c2ccccc2)cc1,2.8774478
Cc1ccc(S(=O)(=O)Nc2ccc(/C=C/C(=O)Nc3ccccc3N)cc2)cc1,3.1637073
COc1ccc(S(=O)(=O)Nc2ccc(/C=C/C(=O)Nc3ccccc3N)cc2)cc1OC,2.6707125
Cc1ccc(NC(=O)c2ccnc(N3CCOCC3)c2)cc1Nc1ccnc(N(C)C2CCN(C)CC2)n1,2.1198423
O=C(COCc1ccncc1)N1CCN(c2ccc(F)cc2Cl)CC1,2.4673057
O=C(COCc1ccncc1)N1CCN(c2ccc(Cl)cc2F)CC1,2.5148087
O=C(COCc1ccncc1)N1CCN(c2ccc(Cl)cc2Cl)CC1,3.0285892
Cc1cc(Cl)ccc1N1CCN(C(=O)COCc2ccncc2)CC1,2.7135997
CCOC(=O)C1=C(C)NC(C)=C(C(C)=O)[C@H]1c1cccc2c(=O)cc(C)oc12,3.0913932
NNc1nc2ccccc2[nH]c1=O,0.31524014
CC(C(=O)N1CCc2ccccc2C1)N1C(=O)c2ccccc2C1=O,2.3233168
NC(=O)C1CCN(CC(=O)Nc2ccc3c(c2)OCO3)CC1,0.32839692
CN[C@@H](C)C(=O)N[C@H](C(=O)N[C@H]1CCCN(S(=O)(=O)c2ccccc2)C1)C(C)(C)C,1.3722745
COc1ccc(-c2nc3c(NCC4CCNCC4)c(Br)cnc3[nH]2)cc1,0.88414145
CC[C@H]1OC(=O)[C@H](C)[C@@H](O[C@H]2C[C@@](C)(OC)[C@@H](O)[C@H](C)O2)[C@H](C)[C@@H](O[C@@H]2O[C@H](C)C[C@H](N(C)C)[C@H]2O)[C@](C)(O)C[C@@H](C)/C(=N\OCOCCOC)[C@H](C)[C@@H](O)[C@]1(C)O,1.2866964
Clc1ccc2[nH]ccc2c1,2.8696623
CCc1cccc2c(C#N)cn(CC(=O)NCCOC)c12,1.7029507
CC(C)NCC(O)COc1cccc2[nH]ccc12,-0.041475773
NC(Cc1c[nH]c2ccccc12)C(=O)O,-1.1106529
O=C(O)CSc1c[nH]c2ccccc12,-0.86779404
NCCCCCc1c[nH]c2ccc(F)cc12,0.7369373
N[C@H](Cc1c[nH]c2ccccc12)C(=O)O,-0.8674884
CNS(=O)(=O)Cc1ccc2[nH]cc(CCN(C)C)c2c1,-0.28097105
N[C@@H](Cc1c[nH]c2ccccc12)C(=O)O,-1.1030877
Cn1cc(-c2ccc(O)cc2)c(=O)c2c(O)cc(O)cc21,2.9870937
c1cnc2cccnc2c1,0.9181646
NC(=O)c1cccc(O[C@H]2C[C@@H]3CC[C@H](C2)N3CCc2ccccc2)c1,1.4310068
Oc1ccc(-c2nc3ccccc3nc2-c2ccc(O)cc2)cc1,3.481925
FC(F)(F)c1nnc2ccc(NCn3nnc4ccccc43)nn12,2.5836363
CCN(CC)C(=O)c1ccc(C(=C2CCN(Cc3ccc(F)cc3)CC2)c2cccc3cccnc23)cc1,3.7201607
CCc1nc2ccc(C(=O)NCc3ccc4c(c3)OCO4)cn2c1N(C)Cc1cccs1,3.7192478
O=c1[nH]c2c(O)ccc([C@@H](O)CNCCc3cccc(CNCCCc4ccccc4)c3)c2s1,1.0097315
CCCc1nc2c(N)nc3ccccc3c2s1,3.386636
O=S(=O)(CCCOCCc1cc2ccccc2o1)CCNCCc1ccc(O)c2nc(O)sc12,2.575613
COc1ccnc(CCc2nc3cc(Br)cnc3[nH]2)c1,2.599384
COc1ccnc(CCc2nc3c(C)ccnc3[nH]2)c1,2.0999565
COc1ccnc(CCc2nc3cccnc3[nH]2)c1,1.8153231
COc1cc(-c2nc(N3CCOCC3)cc(C3(S(C)(=O)=O)CC3)n2)c2cc[nH]c2c1,2.301647
CC[C@@H]1COCCN1c1cc(C2(S(C)(=O)=O)CC2)nc(-c2cccc3[nH]ccc23)n1,2.8138351
C[C@@H]1COCCN1c1cc(C2(S(C)(=O)=O)CC2)nc(-c2cccc3[nH]ccc23)n1,2.4260595
CNC(=O)c1cc(-c2nc(N3CCOCC3)cc(C3(S(C)(=O)=O)CC3)n2)c2cc[nH]c2c1,1.2390244
C[C@H]1COCCN1c1cc(C2(S(C)(=O)=O)CC2)nc(-c2cccc3[nH]ccc23)n1,2.4591203
CS(=O)(=O)C1(c2cc(N3CCOCC3)nc(-c3cccc4[nH]ccc34)n2)CC1,2.1678205
Cc1ccc2[nH]ccc2c1-c1nc(N2CCOCC2)cc(C2(S(C)(=O)=O)CC2)n1,2.3656971
NC1(c2ccc(-n3c(-c4ccccc4)nc4ccccc4c3=O)cc2)CCC1,1.707806
CCNC(=O)c1cc2c(-n3ccc(C(F)(F)F)n3)c(-c3cnc(OC)c(-c4n[nH]c(=O)o4)c3)cnc2[nH]1,2.1826406
CCNC(=O)c1cc2c(-n3ccc(C(F)(F)F)n3)c(-c3cc(-c4n[nH]c(=O)o4)cnc3OC)cnc2[nH]1,2.2136471
CCNC(=O)c1cc2c(-n3ccc(C(F)(F)F)n3)c(-c3cncc(-c4n[nH]c(=O)o4)c3)cnc2[nH]1,1.7125148
O=c1[nH]c2c(O)ccc([C@@H](O)CNCCc3ccc(CNCCc4c(Cl)cccc4Cl)cc3)c2s1,2.1959133
O=c1[nH]c2c(O)ccc([C@@H](O)CNCCc3ccc(CNCCc4ccccc4)cc3)c2s1,0.675473
COc1ccccc1CCNCc1ccc(CCNC[C@H](O)c2ccc(O)c3[nH]c(=O)sc23)cc1,0.62654257
O=c1[nH]c2c(O)ccc([C@@H](O)CNCCc3ccc(CNCCc4ccccc4F)cc3)c2s1,0.9512836
CC(=O)N1CCOc2nc(OCc3ccccc3)ccc21,2.4652042
Nc1c2c(nc3ccc(Br)cc13)N(c1ccccc1)CC2,3.4515781
O=C(N1CCN(c2ccncc2Cl)CC1)N1CCN(S(=O)(=O)c2ccc(C(F)(F)F)cc2)CC1,3.2741508
COc1cc(C)c(S(=O)(=O)N(C)CCOCC(=O)N2CCC(C3CCN(C)CC3)CC2)c(C)c1,0.51191664
NC1C2CN(c3nc4c(cc3F)c(=O)c(C(=O)O)cn4-c3ccc(F)cc3F)CC12,-0.19637561
CN1CCCC1c1cccnc1,-0.0040438175
CCc1[nH]c2nc(Sc3cnc4ccc[n+]([O-])c4c3)nc(N3C[C@H]4[C@H](N)[C@H]4C3)c2c1Cl,2.190682
C[C@H]1O[C@@H](n2cnc3c(N)nc(OC(C4CC4)C(F)(F)F)nc32)[C@H](O)[C@@H]1O,1.7095256
Nc1n[nH]c(N)c1Cc1ccc2c(c1)OCO2,0.55121446
CN1CCc2c1nc1ccccc1c2NC(=O)Cc1ccccc1,3.287602
CC(=O)Nc1ccc(S(=O)(=O)Nc2ccc(Cc3ccncc3)cc2)cc1,2.215472
Cc1cc(Oc2ccnc(Nc3ccc(S(N)(=O)=O)cc3)c2)c(-c2ccccn2)nc1C,2.7667537
COc1ccc(Nc2cc(Oc3cc(C)c(C)nc3-c3ccccn3)ccn2)cc1,3.5605931
COc1ccccc1Nc1cc(Oc2cc(C)c(C)nc2-c2ccccn2)ccn1,3.5248904
COc1cc(Nc2cc(Oc3cc(C)c(C)nc3-c3ccccn3)ccn2)cc(OC)c1OC,3.4557483
Nc1ccccc1NC(=O)c1ccc(N2CCOCC2)cc1,1.2712231
O=C1NC(=O)C(Cc2ccc3ccccc3c2)S1,2.2041044
O=C(NCc1ccncc1)c1ccc(Oc2ccc(C#CC3(O)CN4CCC3CC4)cc2)cc1,2.3766894
O=C(NCc1ccncc1)c1ccc(Oc2ccc(C#C[C@@]3(O)CN4CCC3CC4)cc2)cc1,2.225141
O=C(NCc1ccncc1)c1ccc(Oc2ccc(C#C[C@]3(O)CN4CCC3CC4)cc2)cc1,2.3001747
COC[C@H](C)Oc1cc(O[C@@H](C)Cc2ccccc2)cc(C(=O)Nc2ccc(C(=O)O)cn2)c1,1.4826412
O=C(c1ccc(CCC(COc2ccc(-c3cccc([N+](=O)[O-])c3)cc2)N2C(=O)CCCC2=O)cc1)N1CCCC1,3.4477386
CN(C(=O)Cc1ccccc1)[C@H]1CC[C@@]2(CCCO2)C[C@@H]1N1CCCC1,0.969455
O=C(CO)N1CCC(c2[nH]nc(-c3ccc(Cl)cc3F)c2-c2ccncn2)CC1,1.8551952
Clc1cccc(Cl)c1/C(=C/n1cncn1)OC1CCCCCC1,3.8528128
N#Cc1ccc2ccc(=O)n(CCN3CC[C@H](NCc4cc5c(cn4)OCCO5)[C@H](O)C3)c2c1,0.70390224
N#Cc1ccc2ccc(=O)n(CCN3CC[C@@H](NCc4cc5c(cn4)OCCO5)[C@@H](O)C3)c2c1,0.7498498
CO[C@H]1CN(CCn2c(=O)ccc3ccc(C#N)cc32)CC[C@H]1NCc1cc2c(cn1)OCCO2,1.0789582
COc1ccc2c(C)cc(=O)n(CCN3CCC(NCc4cc5c(cn4)OCCO5)CC3)c2c1,1.6877842
COc1ccc2ccc(=O)n(CCN3CCC(NCc4cc5c(cn4)OCCO5)CC3)c2c1,1.2678262
CO[C@H]1CN(CCn2c(=O)ccc3ccc(C#N)cc32)CC[C@@H]1NCc1cc2c(cn1)OCCO2,1.0111252
CC(C)Cn1c(=O)n(C)c(=O)c2c(C(=O)N3C[C@H](O)CO3)c(Cc3ccccc3C(F)(F)F)sc21,3.1607342
Cc1nn(C)c2ccc(N3CCN(C(=O)[C@@H]4CCCC[C@H]4C(=O)NC4(C#N)CC4)[C@H](C)C3)cc12,2.3815536
COc1cc(F)ccc1-c1cncc(CNC[C@@H]2CCCO2)n1,1.5123222
Cc1ccc(C(=O)Nc2ccon2)cc1-n1cnc2ccc(N3CCN(C)CC3)cc2c1=O,2.0761864
CC(=O)N1CCN(c2ccc(OCC3COC(Cn4ccnc4)(c4ccc(Cl)cc4Cl)O3)cc2)CC1,3.474444
c1ccc(-c2cc(NCCCCNc3cc(-c4ccccc4)nc4ccccc34)c3ccccc3n2)cc1,4.297598
Cc1ccc(NC(=O)c2ccnc(N3CCOCC3)c2)cc1NC(=O)c1ccc(OCc2ccccn2)cc1,3.0548341
Cc1cc2c(C(C)C)c(O)c(O)c(C=O)c2c(O)c1-c1c(C)cc2c(C(C)C)c(O)c(O)c(C=O)c2c1O,2.8286762
CC(=O)Nc1cc(CN2C(=O)N(c3ccc(SC(F)(F)F)cc3)C(=O)C2(C)C)ccn1,3.1619852
NC1(c2ccc(-c3c(-c4ccccc4)ccc4ccnn34)cc2)CCC1,2.5007913
N=C(N)Nc1nc2ccccc2o1,0.022476673
Cc1ccc2c(n1)c(Sc1ccc(Cl)cc1)c(C)n2CC(=O)O,0.79795194
CS(=O)(=O)N1CCN(Cc2cc3nc(-c4cccc5[nH]ncc45)nc(N4CCOCC4)c3s2)CC1,3.07577
CC(=O)NC(C)c1ccc(Nc2ncc3cc(-c4ccncc4)ccc3n2)cc1,2.8603582
COc1cc(-c2ccncc2)cc2cnc(Nc3ccc([C@@H](C)NC(C)=O)cc3)nc12,2.7722147
COCCC(=O)Nc1ccc(Nc2ncc3cc(-c4ccncc4)ccc3n2)cc1,3.1311903
CC(=O)Nc1ccc(Nc2ncc3cc(-c4ccncc4)ccc3n2)cc1,3.0366282
CN(C)CCNCc1ccc(Nc2ncc3cc(-c4ccncc4)ccc3n2)cc1,0.94194543
CC(=O)N[C@@H](C)c1ccc(Nc2ncc3cc(-c4ccncc4)ccc3n2)cc1,2.669561
COCCNCc1ccc(Nc2ncc3cc(-c4ccncc4)ccc3n2)cc1,2.030954
COCCC(=O)NC(C)c1ccc(Nc2ncc3cc(-c4ccncc4)ccc3n2)cc1,3.0077167
CC(=O)N[C@H](C)c1ccc(Nc2ncc3cc(-c4ccncc4)ccc3n2)cc1,2.8167772
COCCNC(=O)c1ccc(Nc2ncc3cc(-c4ccncc4OC)ccc3n2)cc1,3.0852134
COCCNC(=O)c1cccc(Nc2ncc3cc(-c4ccncc4)ccc3n2)c1,2.9259434
COCCNC(=O)c1ccc(Nc2ncc3cc(-c4ccncc4)ccc3n2)cc1C,3.2261286
CC(=O)N(C)c1ccc(Nc2ncc3cc(-c4ccncc4)ccc3n2)cc1,3.0001974
CC(=O)N[C@H](C)c1ccc(Nc2ncc3cc(-c4ccncc4)cc(C)c3n2)cc1,3.2006173
COCCC(=O)N[C@H](C)c1ccc(Nc2ncc3cc(-c4ccncc4)ccc3n2)cc1,2.9489884
CN(C)CCNC(=O)c1ccc(Nc2ncc3cc(-c4ccncc4)ccc3n2)cc1,2.0139365
COCCOc1ccc(Nc2ncc3cc(-c4ccncc4)ccc3n2)cc1,3.5007262
CC(=O)N[C@H](C)c1ccc(Nc2ncc3cc(-c4ccncc4)c(C)cc3n2)cc1,3.1865463
COCCN(C)Cc1ccc(Nc2ncc3cc(-c4ccncc4)ccc3n2)cc1,2.793823
COCCC(=O)N(C)c1ccc(Nc2ncc3cc(-c4ccncc4)ccc3n2)cc1,3.1445599
COCCC(=O)N[C@@H](C)c1ccc(Nc2ncc3cc(-c4ccncc4)ccc3n2)cc1,2.7577412
COCCNC(=O)c1ccc(Nc2ncc3cc(-c4ccnc(C)c4)ccc3n2)cc1,3.2841327
COc1cc2nc(Nc3ccc([C@@H](C)NC(C)=O)cc3)ncc2cc1-c1ccncc1,2.7064824
OC(Cn1cncn1)(Cn1cncn1)c1ccc(F)cc1F,0.4358586
Cc1nc2ncnn2c(O)c1CCOC(=O)c1c(F)cccc1F,0.90789115
Cc1nc2ncnn2c(O)c1CCOC(=O)c1ccccc1F,0.9666426
O=CNc1cc([C@@H](O)CNCCc2ccc(NC[C@H](O)c3ccccc3)cc2)ccc1O,0.40542042
Cc1ccc(CNC(=O)C2CCCN2S(=O)(=O)c2ccc(F)cc2)cc1,3.198715
CCOC(=O)[C@H](CCc1ccccc1)N[C@@H](C)C(=O)N1[C@H](C(=O)O)C[C@@H]2CCC[C@@H]21,-0.27995276
O=C(/C=C/Sc1nc[nH]n1)c1ccc(Cl)cc1,2.640769
O=C(O)C[C@H](O)C[C@H](O)/C=C/c1c(C2CC2)nc2ccccc2c1-c1ccc(F)cc1,0.3600639
CCN(C(=O)Cc1ccc(S(C)(=O)=O)cc1)C1CCN(CCC(c2ccccc2)c2ccc(NC(=O)Cc3ccccc3)cc2)CC1,3.3884182
CCCCCOC(=O)Nc1nc(=O)n([C@@H]2O[C@H](C)[C@@H](O)[C@H]2O)cc1F,0.53089917
Nc1ccn([C@@H]2O[C@H](CO)[C@@H](O)C2(F)F)c(=O)n1,-1.2587004
CC(=O)NC[C@H]1CN(c2ccc(-n3cc(C#N)nn3)c(F)c2)C(=O)O1,0.6773323
CCN(CC)C(=O)c1ccc(C(=C2CCNCC2)c2ccccc2)cc1,0.7374033
CCN(CC)C(=O)c1ccc(C(=C2CCNCC2)c2ccc(Cl)c(Cl)c2)cc1,2.154457
CCN(CC)C(=O)c1ccc(C(=C2CCNCC2)c2ccccc2OC)cc1,0.6936779
CCN(CC)C(=O)c1ccc(C(=C2CCNCC2)c2cccc(C(F)(F)F)c2)cc1,1.7495897
COC(=O)COc1ccc(C(=O)Nc2ccc(F)cc2)cn1,2.2164185
O=C(c1ccc(OCCCc2c[nH]cn2)cc1)C1CC1,2.642274
CCn1c2nc(=O)n(C)c(=O)c-2cc2ccccc21,1.5587906
O=C([C@@H](O)CO)N1CC=C(c2ccc(N3C[C@H](COc4ccon4)OC3=O)cc2F)CC1,1.2767248
O=CN1CC=C(c2c(F)cc(N3C[C@H](COc4ccon4)OC3=O)cc2F)CC1,1.7606965
COc1cc(F)ccc1-c1cccc(CNC2CCCC2)c1,2.4989152
CSc1ccc(N2C(N)=NC(N)=NC2(C)C)cc1,-0.98462725
CC1N=C(N)N=C(N)N1c1ccc(Cl)cc1,-0.760303
O=C1CN(C(=O)c2ccco2)c2ccccc2N1,1.1353958
NC1(c2ccc(-c3nc4ccn5c(=O)[nH]nc5c4cc3-c3ccccc3)cc2)CCC1,2.14652
CC(C)N1CCN[C@@H](CN2CCN(C(=O)Nc3ccc(Cl)c(Cl)c3)CC2)C1,1.7624612
O=C(Nc1ccc(F)cc1)c1ccc(Cl)[n+]([O-])c1,1.6712831
CS(=O)(=O)c1ccc(C(=O)Nc2ccc(F)cc2)c[n+]1[O-],0.7771505
CCNC(=O)Nc1nc2cc(-c3cccnc3)ccc2[nH]1,2.5829198
Cc1cc(Nc2nc(N[C@@H](C)c3ncc(F)cn3)ncc2Br)n[nH]1,2.075835
Cc1cc(Nc2nc(N[C@@H](C)c3ncc(F)cn3)ncc2F)n[nH]1,1.7403182
C[C@H](Nc1ncc(F)c(Nc2cc(N(C)C)[nH]n2)n1)c1ncc(F)cn1,1.8597634
C[C@H](Nc1ncc(Cl)c(Nc2cc(N(C)C)[nH]n2)n1)c1ncc(F)cn1,2.063281
Cc1cc(Nc2nc(N[C@@H](C)c3ncc(F)cn3)ncc2C)n[nH]1,1.6675522
COc1cc(Nc2nc(N[C@@H](C)c3ncc(F)cn3)ncc2Cl)n[nH]1,2.2654872
COc1cc(Nc2nc(N[C@@H](C)c3ncc(F)cn3)ncc2Br)n[nH]1,2.3625777
COc1ccc(CCN2CN=C(SCc3ccc(Cl)cc3)NC2)cc1OC,2.0500066
Nc1nc(NCc2ccccc2)nc2c1nc(O)n2Cc1ccccc1,3.55665
C[C@H]1O[C@@H](n2cnc3c(N)nc(OCC4CC45CC5)nc32)[C@H](O)[C@H]1Cl,3.198309
C[C@H]1O[C@@H](n2cnc3c(N)nc(OCC4CC45CC5)nc32)[C@H](O)[C@@H]1O,1.2706444
COc1cc(F)ccc1-c1cncc(CNC(C)C)c1,1.7251506
CCCC(=O)NCc1cncc(-c2ccc(F)cc2OC)c1,2.741673
Cc1c(-c2ccccc2F)c(=O)n(C[C@H](N)c2ccccc2)c(=O)n1Cc1c(F)cccc1F,2.8132124
O=c1ccc2ccccc2[nH]1,1.6353693
Cc1cc(=O)[nH]c2ccccc12,2.0024893
CCCCC(O)c1[nH]c2cc(C)c(C(=O)O)cc2c1CCc1ccccc1,2.1434438
CCN(CC)C(=O)Cc1csc(NS(=O)(=O)c2cccc(Cl)c2C)n1,1.4714403
O=S(=O)(Nc1nccs1)c1cc(Cl)ccc1Cl,1.4940954
CCOC(=O)Cc1csc(NS(=O)(=O)c2ccc(Cl)cc2)n1,1.3916056
O=S(=O)(Nc1nccs1)c1ccc(O)cc1,0.47428775
Nc1ccc(S(=O)(=O)Nc2nccs2)cc1,-0.13801551
C[C@H](CO)Nc1nc(SCc2ccco2)nc2[nH]c(=O)sc12,2.05979
O=S(=O)(CCCOCCNc1ccccc1)CCNCCc1ccc(O)c2nc(O)sc12,1.75124
Oc1ccc2[nH]c(CN3CCC(Cc4ccc(F)cc4)CC3)nc2c1,3.3575802
N#Cc1ccc2c(c1)NC(=O)C2c1ncnc2cc(OCCCN3CCOCC3)ccc12,1.6338851
NC(=O)c1ccc(N(C(N)=O)c2c(F)cccc2F)nc1-c1ccc(F)cc1F,2.0351672
Cc1ccc(NC(=O)c2cncs2)cc1-n1cnc2ccc(N3CCN(C)CC3)cc2c1=O,1.856662
Cc1cn([C@H]2CCCN([C@H](CC3CCOCC3)c3ccc(C(=O)O)c(Oc4cccc(Cl)c4)c3)C2)c(=O)[nH]c1=O,0.058927774
Nc1ncccc1NCc1cccc(-c2cccnc2)c1,2.5435433
Cc1sc(CN2CCNCC2)cc1C(=O)NCC12CC3CC(CC(C3)C1)C2,1.6732743
Cc1ccc(S(=O)(=O)N2CCN(C(=O)c3ccco3)CC2)cc1,2.4338646
CC(C)(C)C(=O)NCc1ccc(NC(=O)N2CCCC(O)(c3ccc(Cl)c(Cl)c3)C2)cc1,3.6362395
NC1(c2ccc(-c3nn4cccc4cc3-c3ccccc3)cc2)CCC1,2.525134
NC1(c2ccc(-c3nn4ccc(=O)nc4cc3-c3ccccc3)cc2)CCC1,1.3923678
COc1cc(C(=O)NS(=O)(=O)c2ccccc2)ccc1Cn1ccc2ccc(NC(=O)OC3CCCC3)cc21,2.4177418
NC(=O)c1ccc(=O)n(Cc2ccc(F)c(F)c2)c1,1.5478511
NC(=O)c1ccc(=O)n(Cc2ccc(Cl)cc2Cl)c1,2.54549
CS(=O)(=O)c1ccccc1C(=O)NC[C@@H](O)CN1CCC(Oc2ccc(Cl)c(Cl)c2)CC1,2.6425824
N#Cc1cccc(C(=O)NC[C@@H](O)CN2CCC(Oc3ccc(Cl)c(Cl)c3)CC2)c1,3.2546787
COc1cc(C(=O)NC[C@@H](O)CN2CCC(Oc3ccc(Cl)c(Cl)c3)CC2)ccc1N,2.9580116
Cc1ccc(Cl)c(Nc2cc(Nc3ccc(OCC(O)CN(C)C)cc3)ncn2)c1,2.1606004
COc1ccc(Nc2cc(Nc3ccc(OCC(O)CN(C)C)cc3)ncn2)cc1,1.302213
CN(C)CC(O)COc1ccc(Nc2cc(Nc3ccc(F)cc3F)ncn2)cc1,1.5549089
Cc1ccc(N(CC#N)c2cc(Nc3ccc(OCC(O)CN(C)C)cc3)ncn2)c(Br)c1,2.0641096
CN(C)CC(O)COc1ccc(Nc2cc(N(CC#N)c3cc(Cl)ccc3Cl)ncn2)cc1,2.2165916
C#CCN(c1cc(Nc2ccc(OCC(O)CN(C)C)cc2)ncn1)c1cc(Cl)ccc1Cl,2.9446063
CN(C)CC(O)COc1ccc(Nc2cc(Nc3cc(Cl)ccc3Cl)ncn2)cc1,2.447611
CN(C)CC(O)COc1ccc(Nc2cc(N(CCC#N)c3cc(Cl)ccc3Cl)ncn2)cc1,2.1806738
N=C(N)c1cc2c(OCc3ccccc3)cccc2s1,1.5729954
NC1=NC(c2ccco2)Nc2c(F)ccc(F)c21,1.1981738
O=C(OCCN1CCCCC1)c1c[nH]c2ccccc12,1.7387456
CCCNC(=O)c1nnc2c(-c3cc(C)ccc3OC)cccc2c1N,3.5603638
CCCNC(=O)c1nnc2c(-c3ccc(OC)cc3OC)c(F)ccc2c1N,3.3974504
COc1ccc(OC)c(-c2c(F)ccc3c(N)c(C(=O)NC(C)C)nnc23)c1,3.4140527
COc1ccc(OC)c(-c2cccc3c(N)c(C(=O)NC(C)C)nnc23)c1,3.4514809
CCCNC(=O)c1nnc2c(-c3ccccc3)cccc2c1N,3.452948
OC1(C#Cc2ccc(-c3ccccc3)cc2)CN2CCC1CC2,2.9297962
O=C(O)CCc1ccc(OCc2cc(Cl)ccc2-c2ccccc2)cc1,2.8027506
Cc1ccc(-c2ccc(F)cc2COc2ccc(CCC(=O)O)cc2)cc1,2.7813916
c1ccc(CSc2nc3cccnc3[nH]2)cc1,3.052046
CNc1cccc(CCOc2ccc(C[C@H](NC(=O)c3c(F)cccc3Cl)C(=O)O)cc2)n1,-0.21837378
CNc1cccc(CCOc2ccc(C[C@H](NC(=O)c3c(Cl)cccc3Cl)C(=O)O)cc2F)n1,0.088469744
CNc1cccc(CCOc2ccc(C[C@H](NC(=O)c3c(Cl)cccc3Cl)C(=O)O)cc2C)n1,0.28036177
CNc1cccc(CCOc2ccc(C[C@H](NC(=O)c3ccc(F)cc3Cl)C(=O)O)cc2)n1,0.018426895
CNc1cccc(CCOc2ccc(C[C@H](NC(=O)c3ccccc3Cl)C(=O)O)cc2)n1,-0.20790648
CNc1cccc(CCOc2ccc(C[C@H](NC(=O)c3c(Cl)cccc3Cl)C(=O)O)cc2)n1,-0.050499916
CNc1cccc(CCOc2ccc(C[C@H](NC(=O)c3c(C)cc(C)cc3C)C(=O)O)cc2)n1,0.16351771
O=C(O)COc1cccc(N2CCC(CN3CCC(Oc4ccc(Cl)c(Cl)c4)CC3)CC2)c1,1.647091
O=C(O)c1cccc(N2CCC(CN3CCC(Oc4ccc(Cl)c(Cl)c4)CC3)CC2)c1,2.054369
O=C(O)Cc1ccc(N2CCC(CN3CCC(Oc4ccc(Cl)c(Cl)c4)CC3)CC2)cc1,1.9000357
O=C(O)c1ccc(N2CCC(CN3CCC(Oc4ccc(Cl)c(Cl)c4)CC3)CC2)cc1,2.0707953
O=C(O)Cc1cccc(N2CCC(CN3CCC(Oc4ccc(Cl)c(Cl)c4)CC3)CC2)c1,1.8809404
O=C(O)COc1ccccc1N1CCC(CN2CCC(Oc3ccc(Cl)c(Cl)c3)CC2)CC1,1.596647
O=C(O)c1ccccc1N1CCC(CN2CCC(Oc3ccc(Cl)c(Cl)c3)CC2)CC1,2.1740165
NC12CCC(c3ccccc3)(CC1)CC2,0.24330401
NC1=NC(c2cccc(-c3cncnc3)c2)(c2ccnc(C(F)(F)F)c2)c2cccc(F)c21,2.9094877
CN(CCOc1ccc(C[C@H](Nc2ccccc2C(=O)c2ccccc2)C(=O)O)cc1)c1ccccn1,1.4691046
COc1ccc(-c2cc3c(C)nc(N)nc3n([C@H]3CC[C@H](OCCO)CC3)c2=O)cn1,1.777204
Fc1ncccc1OC[C@@H]1CCN1,-0.66808724
c1ccc2[nH]c(CCCc3nc4ccccc4[nH]3)nc2c1,3.1868641
Fc1ccc(C2CCN(C(=S)COCc3ccncc3)CC2)c(Cl)c1,3.2464805
CN1CCN([C@H]2C[C@@H](c3nc(-c4ccc5ccc(-c6ccccc6)nc5c4)c4c(N)nccn43)C2)CC1,2.7856998
NC(=O)Nc1sc(-c2ccccc2)cc1C(=O)N[C@H]1CCCNC1,1.1957763
CNC(=O)c1ccc(-c2cc(C(=O)N[C@H]3CCCNC3)c(NC(N)=O)s2)cc1,0.32299292
CS(=O)(=O)c1ccc(-c2cc(C(=O)N[C@H]3CCCNC3)c(NC(N)=O)s2)cc1,0.4231168
NC(=O)Nc1sc(-c2cc(F)cc(F)c2)cc1C(=O)N[C@H]1CCCNC1,1.6520417
NC(=O)Nc1sc(-c2ccc(F)cc2)cc1C(=O)N[C@H]1CCCNC1,1.4530318
CC(=O)Nc1cnc2ccn(-c3cc(NC4CC4)n4ncc(C#N)c4n3)c2c1,2.5206172
C[C@H](CO)Nc1nc(SCc2cccc(F)c2F)nc2nc(N)cnc12,3.010225
C[C@H](CO)Nc1nc(SCc2cccc(F)c2F)nc2nccnc12,3.18548
Cc1cnc2c(N[C@H](C)CO)nc(SCc3cccc(F)c3F)nc2n1,3.2707925
Cc1cnc2nc(SCc3cccc(F)c3F)nc(N[C@H](C)CO)c2n1,3.2701569
Cc1ccc(C(=O)Oc2ccc(C(O)CNC(C)(C)C)cc2OC(=O)c2ccc(C)cc2)cc1,3.296924
OCC(CO)Nc1nc(SCc2cccc(F)c2F)nc2nc(NC3CC3)sc12,3.637386
C[C@H](CO)Nc1nc(SCc2cccc(F)c2F)nc2nc(NC3CC3)sc12,3.8944292
Nc1ncnc(Nc2ccccc2)n1,1.22721
CCNc1nc(C#N)nc(Nc2ccccc2)n1,2.8788035
CC(C)(N)C(=O)N[C@H](COCc1ccccc1)C(=O)N1CCC2(CC1)CN(S(C)(=O)=O)c1ccccc12,1.1495929
CCNC(=O)c1cc2c(-n3ccc(C(F)(F)F)n3)c(-c3cncc(C(=O)NC)c3)cnc2[nH]1,1.997381
CCCNC(=O)c1cc2c(-n3ccc(C(F)(F)F)n3)c(-c3cncc(C(=O)O)c3)cnc2[nH]1,-0.24025226
CCNC(=O)c1cc2c(-n3ccc(C(F)(F)F)n3)c(-c3cncc(C(N)=O)c3)cnc2[nH]1,1.8732498
CCNC(=O)c1cc2c(-n3ccc(C(F)(F)F)n3)c(-c3cncc(C#N)c3)cnc2[nH]1,2.5531082
CC(C)NC(=O)c1cc2c(-n3ccc(C(F)(F)F)n3)c(-c3cncc(C(=O)O)c3)cnc2[nH]1,-0.31255674
CCNC(=O)c1cc2c(-n3ccc(C(F)(F)F)n3)c(-c3cncc(C(=O)O)c3)cnc2[nH]1,-0.5017388
CCNC(=O)c1cc2c(-n3nc(C(F)(F)F)cc3C)c(-c3cncc(C(=O)O)c3)cnc2[nH]1,-0.361094
C[C@@H](NCc1ccccc1-c1ccc(CCNC[C@H](O)c2ccc(O)c3[nH]c(=O)sc23)cc1)c1ccccc1,2.3777816
Cn1cnc([N+](=O)[O-])c1Sc1ncnc2nc[nH]c12,0.035777807
O=C1Nc2ccccc2C1(O)c1ccccc1,2.1459243
CCN(CC)CCN1C(=O)[C@@](O)(c2ccccc2Cl)c2c1cc(C(N)=O)cc2C(F)(F)F,2.0918388
O=c1[nH]c2c(O)ccc([C@@H](O)CNCCc3ccccc3CNCCc3ccccc3F)c2s1,1.2897487
CCN(C(=O)Cc1ccc(S(C)(=O)=O)cc1)C1CCN(CC[C@@H](c2cc(F)cc(F)c2)N2CCN(S(C)(=O)=O)CC2)CC1,1.6518779
CCN(C(=O)Cc1ccc(S(C)(=O)=O)cc1)C1CCN(CC[C@@H](c2ccccc2)N2CCN(S(=O)(=O)CC(F)(F)F)CC2)CC1,1.8581225
CCN(C(=O)Cc1ccc(S(C)(=O)=O)cc1)C1CCN(CC[C@@H](c2ccccc2)N2CCN(S(=O)(=O)C(F)(F)F)CC2)CC1,2.4207933
Cc1ncccc1Oc1ncnc(OC2CCN(C(=O)OC(C)C)CC2)c1C,3.2684782
CCCc1c(OCc2ccc(/C=C/c3nn[nH]n3)cc2)ccc(C(C)=O)c1O,2.9894147
Cn1cnc(-c2ccccc2)c1/C=C/c1ccnc(N)n1,2.3832617
Cc1ccnc(NCc2c(O)ccc3ccccc23)c1,3.5271106
Cc1cc2n[nH]c(=O)n2c2ccccc12,2.3096774
Cc1ccc(-c2nnc(O)c3ccccc23)c(C)c1,2.8441784
Cc1cnc(NC(=O)C2C(=O)c3ccccc3S(=O)(=O)N2C)s1,0.8945625
NC(=O)Nc1sc(-c2ccc(CN3CCCCC3)cc2)cc1C(N)=O,1.9184213
Cc1ccc(-n2c(C)cc(C(=O)NS(=O)(=O)c3ccc(C)cc3)c2C)cc1,1.44657
CC(C)(CCCCCOCCc1ccccc1)NCCc1ccc(O)c2nc(O)sc12,2.5689564
Oc1nc2c(O)ccc(CCNCCCCCCOCCc3ccccc3)c2s1,2.1061711
COc1cc(C(=O)NS(=O)(=O)c2ccccc2)ccc1Cn1ncc2ccc(NC(=O)OC3CCCC3)cc21,1.969674
CCCCNc1cc(C(=O)O)cc(S(N)(=O)=O)c1Oc1ccccc1,-0.41023874
NC(Cc1cc(I)c(Oc2ccc(O)c(I)c2)c(I)c1)C(=O)O,0.7638328
CCc1cc(O)c(Oc2ccc(C(N)=O)cc2F)cc1F,2.6350155
CC(C(=O)O)c1cccc(Oc2ccccc2)c1,0.29789758
O=C(Cc1ccc(Oc2ccccc2)cc1)NO,1.8334591
C[C@@H]1C2CCCC1(c1cccc(O)c1)CCN2C,0.86284983
c1ccc(C2CCNCC2)cc1,-0.28605294
CCOC(=O)C1(c2ccccc2)CCN(C)CC1,1.1401027
NC1(c2ccc(-c3ncc4cccn4c3-c3ccccc3)cc2)CCC1,2.4006379
CS(=O)(=O)N1CCC(NC(=O)NC23CC4CC(CC(C4)C2)C3)CC1,2.145532
CCN(CC)CC#CCOC(=O)C(O)(c1ccccc1)C1CCCCC1,3.2109523
COc1ccc(C(CN(C)C)C2(O)CCCCC2)cc1,1.30604
CN[C@@H](C)C(=O)N[C@H](C(=O)N1CCC[C@H]1C(=O)N[C@H](C(=O)OC)C(c1ccccc1)c1ccccc1)C1CCCCC1,2.4678366
N=S(=O)(O)Cc1noc2ccccc12,0.697124
CC(C)Cn1c(=O)n(C)c(=O)c2c(C(=O)N3CC[C@@H](O)C3)c(Cc3c[nH]c4ccccc34)sc21,2.190035
COc1cccc(C(=O)N2CCC(n3c(=O)[nH]c4ccccc43)CC2)c1,2.6311197
CCOC(=O)c1c(C)n(Cc2ccco2)c2ccc(O)cc12,3.0251858
O=S(=O)(Cc1c(F)cccc1F)N1CCN(c2ncccc2C(F)(F)F)CC1,3.440418
CNc1c(Br)cnc2[nH]c(-c3cnn(C4CCN(C)CC4)c3)nc12,1.9431746
CNC1CCN(c2ccc(NC(=O)c3ccc(-c4ccccc4)cc3)cn2)C1,1.908303
O=C(c1ccc(Cl)cc1)C1CCN(C(=O)C2CC2)CC1,2.7699203
COc1ccccc1N1CCN(CCN(C(=O)C2CCCCC2)c2ccccn2)CC1,3.319633
CS(=O)(=O)C1(c2cc(N3CCOCC3)nc(-c3cccc(N)c3)n2)CC1,1.150373
CS(=O)(=O)C1(c2cc(N3CCOCC3)nc(-c3ccccc3)n2)CC1,2.0063481
O=C(N[C@@H](c1ccccc1)[C@@H]1CCCCN1)c1cccc(C(F)(F)F)c1Cl,2.3473814
c1ccc(CCNCc2ccccc2)cc1,1.6077487
CCN1CCO[C@@H](CN2CCN(C(=O)Nc3ccc(Cl)c(Cl)c3)CC2)C1,2.3691165
CC(C)N1CCO[C@@H](CN2CCN(C(=O)Nc3ccc(Cl)c(Cl)c3)CC2)C1,2.5748959
Cc1cc(C)cc(-c2[nH]c3ccccc3c2CCNCCCCc2ccncc2)c1,3.2024915
CCN(CC)C(=O)c1ccc2[nH]c(-c3cc(C)cc(C)c3)c(CCNCCCCc3ccncc3)c2c1,3.1069555
O=C1C(=O)N(Cc2ccc(Cl)cc2)c2ccccc21,3.3383722
CC(=O)Nc1cccc(OCc2cnc(Cl)s2)c1,2.31686
Cc1oc(-c2ccccc2)nc1CCOc1ccc(C[C@H](Nc2ccccc2C(=O)c2ccccc2)C(=O)O)cc1,2.8805
NC(=O)Nc1cc(-c2ccccc2)sc1C(=O)N[C@H]1CCCNC1,0.9159986
N#Cc1ccc(-c2cc(NC(N)=O)c(C(=O)N[C@H]3CCCNC3)s2)cc1,0.7025268
NC(=O)Nc1cc(-c2cccc(F)c2F)sc1C(=O)N[C@H]1CCCNC1,1.2663648
c1ccc2[nH]c(CCc3nc4ccccc4[nH]3)nc2c1,2.990324
CC[S+]([O-])c1ncccc1C1(O)CCN(CC23CC(c4ccccc42)c2ccccc23)CC1,1.9995102
C[C@@H]1CN(c2nc(C(F)(F)F)no2)CCN1c1ncc(OCc2ccncc2C#N)cn1,3.3118105
CC(C)c1noc(N2CCN(c3ncc(OCc4ccncc4C#N)cn3)[C@H](C)C2)n1,3.2769961
CN(C)c1ccnc2sc3c(=O)n(-c4ccccc4)cnc3c12,2.5839784
O=c1[nH]c2cc(Cl)ccc2o1,2.3641918
Cc1ccc(C(NC(=O)c2ccccc2O)C(=O)Nc2c(C)cccc2C)s1,3.6995199
Cc1cc(Nc2cc(N3CCN(C)CC3)nc(Sc3ccc(NC(=O)C4CC4)cc3)n2)n[nH]1,3.3023
CN(C)CC1CCn2c(c(C3=C(c4cn(C)c5ccccc45)C(=O)NC3=O)c3ccccc32)C1,2.5366168
COc1cc2c(c(OC)c1OC)-c1ccc(O)cc1[C@@H](NC(C)=O)CC2,1.8711281
CC(=O)Nc1ccc(CNc2[nH]nc3ccnc(Oc4ccccc4)c23)cc1,3.4589968
Cc1ccsc1C(=CCCN1CCC[C@@H](C(=O)O)C1)c1sccc1C,1.5699586
Nc1ccc(Cl)c(-c2nc3ncccc3o2)c1,2.3833623
CCCC(=O)Nc1ccc(Cl)c(-c2nc3ncccc3o2)c1,3.1299322
CC[C@H](NC(=O)c1c([S+](C)[O-])c(-c2cccs2)nc2ccccc12)c1ccccc1,3.3773887
O=C1CC2(CCCC2)CC(=O)N1CCCCN1CCN(c2ncccn2)CC1,1.50659
Cc1cc(-c2ccc(N3C[C@H](Cn4ccnn4)OC3=O)cc2F)on1,2.0135326
CCOC(=O)c1ccc(COC2CN(c3ccc(C)nn3)C2)cc1,2.8319707
O=C1CN(C(=O)c2ccco2)C(c2ccccc2)c2cc(Cl)ccc2N1,3.225389
Cc1cc(NC(=O)Nc2ccc(Cl)cc2)n(-c2ccccc2)n1,3.5345125
C[C@@H]1CN[C@@H](C2CC2)C(=O)N(C)[C@H](C)C(=O)N[C@H](Cc2ccc(F)cc2)C(=O)NCCCc2ccccc2O1,3.129838
CN[C@@H](C)C(=O)N[C@H](C(=O)N[C@H]1C[C@@H]2CC[C@H]1N(CCc1ccccc1)C2)C1CCCCC1,1.5926821
N#Cc1cccc(NCC(=O)Nc2c(Cl)ccc3nc(N4CC[C@@H](O)C4)ccc23)c1,2.5670352
COc1cc2ncnc(Nc3ccc(F)c(Cl)c3)c2cc1OCCN1CCCC1,3.0864449
NS(=O)(=O)c1ccc(Nc2nccc(-c3ccccc3)n2)cc1,2.6394575
Nc1ccccc1NC(=O)c1ccc(-c2ncc(CN3CCCCC3)s2)cc1,2.2557995
COc1ccc2ncc(=O)n(CCN3CC[C@H](NCc4cc5c(cn4)OCCO5)[C@H](O)C3)c2c1,0.5691682
COc1ccc2ncc(=O)n(CCN3CC[C@@H](NCc4cc5c(cn4)OCCO5)[C@@H](O)C3)c2c1,0.6147804
COc1ccc2ncc(=O)n(CCN3CC[C@@H](NCc4cc5c(cn4)OCCO5)[C@H](O)C3)c2c1,0.697188
COc1ccc2ncc(=O)n(CCN3CCC(NCc4cc5c(cn4)OCCO5)CC3)c2c1,0.76338303
COc1ccc2ncc(=O)n(CCN3CC[C@H](NCc4cc5c(cn4)OCCO5)[C@@H](OC)C3)c2c1,0.8647145
CC(=O)NCc1ccc(CN2CCN(c3ccc(F)cc3F)CC2)cc1,2.5827878
CC(=O)NCc1ccc(CN2CCN(c3ccccc3)CC2)cc1,2.0648923
NS(=O)(=O)c1cc2c(cc1Cl)NCNS2(=O)=O,-0.3169508
NS(=O)(=O)c1cc2c(cc1Cl)NC(C(Cl)Cl)NS2(=O)=O,0.637463
Cc1cc(Nc2nc(O[C@H](C)c3ccc(F)cn3)c(C#N)nc2C)n[nH]1,2.727748
Cc1cc(Nc2nc(O[C@@H](C)c3ccc(F)cn3)c(C#N)nc2C)n[nH]1,2.800557
Cc1cc(C)nc(SCC(=O)Nc2cc(C)on2)n1,1.9412372
Nc1[nH]ncc1-c1cc(Cl)ccc1Oc1cc(F)c(S(=O)(=O)Nc2cscn2)cc1Cl,1.9678031
Nc1n[nH]cc1-c1cc(C(F)(F)F)ccc1Oc1cc(F)c(S(=O)(=O)Nc2cscn2)cc1Cl,2.3814821
CCCC(=O)N1CCN(c2nnc(-c3ccccc3)c3ccccc23)CC1,3.536096
CC(C)(C)OC(=O)N1CCN(c2ccc(OCc3ccc(S(C)(=O)=O)cc3)cc2)CC1,3.4150124
C[C@@H](O)[C@H](NC(=O)c1ccc(C#Cc2ccc(CN3CCOCC3)cc2)cc1)C(=O)NO,2.2084284
CC(C)(C)Cn1c(CN2C(=O)CC3(CCNCC3)C2=O)cc2cnc(C#N)nc21,0.25493145
O=C(NC[C@@H](O)CN1CCC(Oc2ccc(Cl)c(Cl)c2)CC1)c1c[nH]c(=O)c2cc(S(=O)(=O)NC3CC3)ccc12,3.10989
CNCCCC12CCC(c3ccccc31)c1ccccc12,1.4559355
CCS(=O)(=O)c1ccc(Oc2cc3nc(-c4ccccn4)[nH]c3cc2CN2C(=O)CCC2=O)cc1,2.3050265
CN[C@@H](C)C(=O)N[C@H](C(=O)N[C@H]1CCCN(CCc2ccccc2)C1)C1CCCCC1,1.7275219
CN[C@@H](C)C(=O)N[C@H](C(=O)N(C)[C@H]1CCCN(CCc2ccccc2)C1)C1CCCCC1,1.9258685
CN[C@@H](C)C(=O)N[C@H](C(=O)N[C@H]1CCCN(CCc2ccccc2F)C1)C1CCCCC1,1.9663638
CN[C@@H](C)C(=O)N[C@H](C(=O)N[C@H]1CCCN(CCc2ccc(F)cc2)C1)C1CCCCC1,1.9669454
CN[C@@H](C)C(=O)N[C@H](C(=O)N[C@H]1CCCN(CCc2cccc(F)c2)C1)C1CCCCC1,1.9657156
Cc1n[nH]c(C)c1Cc1sc2c(c1C(=O)N1C[C@H](O)CO1)c(=O)n(C)c(=O)n2CC(C)C,1.0137331
CCN(CC)CCOc1ccc(/C(=C(/Cl)c2ccccc2)c2ccccc2)cc1,3.8042023
CC/C(=C(\c1ccccc1)c1ccc(/C=C/C(=O)O)cc1)c1ccccc1,3.410717
COc1ccc2nc(C)cc(-n3cc(CNC(C)=O)nn3)c2c1,1.5670927
COc1cc(F)ccc1-c1cncc(C2CCCN2)c1,1.0673709
CCN(c1ccccc1)c1cc(NC)[n+](C)c(C)n1,-0.8742225
COc1ccc(CN2C(=O)CCC2(C)C(=O)NC2CCCCC2)c(OC)c1,2.4173849
CC(=O)N1CCN(CCOc2ccc(C3(O)CCN(c4ccc5nnc(C(F)(F)F)n5n4)CC3)cc2)CC1,2.1112099
CC(=O)N1CCN(CCOc2ccc(C3CCN(c4ccc5nnc(C(F)(F)F)n5n4)CC3)cc2)CC1,3.1299162
O=C(NCCCCc1ccccc1)c1ccccc1,3.1016521
COc1cc(N2CCN(C(=O)[C@@H]3CCCC[C@H]3C(=O)NC3(C#N)CC3)[C@H](C)C2)ccc1C1CC1,3.144199
O=C(c1ccc(F)cc1)C1CCN(C(=O)NCc2ccccc2)CC1,3.3276691
OCCN1CC=CC[C@H](c2ccc(Cl)c(Cl)c2)C1,2.665151
CN1CC=CCC(c2ccc(Cl)c(Cl)c2)C1,2.929705
Clc1ccc([C@H]2CC=CCNC2)cc1Cl,1.8507097
Fc1ccc(C2CC=CCNC2)cc1Cl,1.488519
Clc1ccc(C2CC=CCNC2)cc1Cl,1.9715912
COc1cccc([C@@H](C)NCCCc2ccccc2Cl)c1,3.1592252
CCN(CC)C(=O)c1ccc(C(=C2CCN(Cc3ccc(F)cc3)CC2)c2ccccn2)cc1,3.3536062
CCCSc1nc(NC[C@H]2CC[C@H](C(=O)O)CC2)ccc1C(=O)NC1CCCCC1,2.2471075
Cc1ccc(S(=O)(=O)c2ccccc2)cc1,3.0998554
CC(O)(C(=O)Nc1ccc(S(=O)(=O)c2ccc(O)cc2)cc1)C(F)(F)F,2.940005
Nc1ccc(S(=O)(=O)c2ccc(N)cc2)cc1,0.83776355
CC(O)(C(=O)Nc1ccc(S(=O)(=O)c2ccccc2)cc1)C(F)(F)F,3.1418896
CC(O)(C(=O)Nc1ccc(S(=O)(=O)c2ccc(F)cc2)cc1)C(F)(F)F,3.217079
O=S(=O)(Nc1nncs1)c1cc(Cl)c(Oc2ccc(C(F)(F)F)cc2-c2ccnnc2)cc1F,1.9458295
O=C(NCCCCCCNCCc1ccc(O)c2nc(O)sc12)Nc1ccccc1,1.7167586
CN(C(=O)Cc1ccc(-n2cnnn2)cc1)[C@@H]1CCN(Cc2ccc(C(F)(F)F)cn2)C[C@@H]1F,2.2064402
CN(C(=O)Cc1ccc(-n2cnnn2)cc1)C1CCN(Cc2ccc(C(F)(F)F)cn2)CC1,2.109294
Cn1cncc1-c1c2c(=O)n(CC3CC3)c(=O)n(CC3CC3)c2nn1Cc1ccnc2ccc(Cl)cc12,3.9624496
COc1ccc(Cc2c(N)n[nH]c2N)cc1,0.66159725
Clc1ccc2c(c1Nc1ccnc(Nc3cc(N4CCOCC4)cc(N4CCOCC4)c3)n1)OCO2,3.4867764
O=c1[nH]n(C(c2ccccn2)C2CCCC2)c(=O)c2c(O)c3ccc(Cl)cc3nc12,1.7730811
CN[C@@H](C)C(=O)N[C@H](C(=O)N[C@H]1CCN(Cc2ccccc2)C1)C1CCCCC1,1.5436002
COc1ccc(CNCc2ccc(-c3cc(C(N)=O)c(NC(N)=O)s3)cc2)cc1,2.0110135
Cn1c(=O)n(Cc2ccc(Br)cc2)c2ccccc21,3.4994192
O=C(c1ccc(-c2noc(=O)[nH]2)cc1)N1CCC(N2CCC(Oc3ccc(Cl)c(Cl)c3)CC2)CC1,2.8964195
O=C(O)Cc1csc(-c2ccc(Cl)cc2)n1,-0.0048069954
Cc1nc(-c2ccc(OCC(C)C)c(C#N)c2)sc1C(=O)O,0.39353335
CC1=C(C(=O)O)N2C(=O)[C@@H](NC(=O)[C@H](N)c3ccc(O)cc3)[C@H]2SC1,-1.3334646
COc1cc(F)ccc1-c1cncc(CNC(=O)C2CCC2)c1,2.9600244
CNCc1ccc(-c2[nH]c3cc(F)cc4c3c2CCNC4=O)cc1,0.8689778
COc1ccc2nc(C)cc(N3CC(CNC(=O)C4CC4)OC3=O)c2c1,1.6743965
Oc1nc2cc(Cl)cc(Cl)c2c(O)c1-c1ccccc1,2.995603
Oc1nc2ccccc2c(O)c1-c1ccccc1,1.9828651
Cn1c(N)nc(CCc2ccc3cc[nH]c3c2)cc1=O,2.0279415
Cc1nn(-c2ccccc2)c(NS(=O)(=O)c2cccc(CN3CCOCC3)c2)c1C(=O)N[C@@H](C)C(C)(C)C,0.2712196
CC(C)(C(N)=O)C(=O)NCCCNc1nc(Nc2cccc(NC(=O)N3CCCC3)c2)ncc1Br,2.1991656
Cc1ccc(S(=O)(=O)Nc2c(C(=O)N[C@@H](C)C(C)(C)C)c(C)nn2C2CCOCC2)cc1,0.7380029
N=C(N)c1cc2c(-c3ccccc3)cccc2s1,1.5278707
CCOc1noc2cc(OCCC3CCN(c4ccc(C)nn4)CC3)ccc12,3.8853104
COc1ccc2ncc(=O)n(CCN3CCC(NCc4cc5c(cn4)OCCO5)CC3)c2n1,0.7309257
CNC1=Nc2ncccc2C(c2ccco2)=NC1c1ccns1,1.465204
CS(=O)(=O)c1cccc(Nc2nccc(Nc3cccc4c3OCC4)n2)c1,2.9497085
CN(C(=O)C1CCC1)C1CCN(CCC(c2ccccc2)c2ccccc2)CC1,3.2354956
O=c1[nH]c2cc(Cl)ccc2c(O)c1-c1cccc(Oc2ccccc2)c1,3.5485575
Cc1ccc(C(=O)C2CCN(C(=O)c3ccc(C)cc3)CC2)cc1,3.3998647
Cc1ccc(C(=O)N2CCC(C(=O)c3ccc(Cl)cc3)CC2)cc1,3.4275188
O=C(c1ccc(Cl)cc1)C1CCN(C(=O)c2ccc(F)cc2)CC1,3.3280714
COc1ccc(C(=O)C2CCN(C(=O)c3ccc(F)cc3)CC2)cc1,2.9729881
Cc1cccc(C(=O)N2CCC(C(=O)c3ccc(F)cc3)CC2)c1,3.2909539
COc1ccc(C(=O)N2CCC(C(=O)c3ccc(F)cc3)CC2)cc1,2.9770975
O=C(c1ccc(F)cc1)C1CCN(C(=O)c2ccc(F)cc2)CC1,3.1429765
O=C(CSc1nc2c(c(=O)n1-c1ccccc1)SCC2)Nc1ncc(-c2ccccc2)s1,3.7307682
CC1CC(CN)CC(CO)C1,-0.79196906
NC(=O)C1CCCCC1,0.8095746
CC1(C)CCC(NC(=O)[C@@H](N)CCC(=O)O)CC1,-0.8215358
O=c1[nH]c(-c2ccc([N+](=O)[O-])cc2)nc2ccccc12,2.6031635
O=c1[nH]c(-c2ccccc2)nc2cc(Cl)ccc12,3.0398364
CN1C2CCC1CC(OC(=O)C(CO)c1ccccc1)C2,-0.53628564
CN1[C@H]2CC[C@@H]1C[C@H](OC(=O)C(CO)c1ccccc1)C2,-0.887609
CN1[C@H]2CC[C@@H]1C[C@H](OC(=O)C(O)c1ccccc1)C2,-0.93484426
Oc1ncnc2onc(-c3ccc(F)cc3)c12,1.5831325
CC1Cc2ccccc2N1NC(=O)c1ccc(Cl)c(S(N)(=O)=O)c1,1.7900516
Nc1ncnc2sc(-c3c(-c4ccccc4)ncn3C[C@H]3CCCO3)nc12,2.896084
O=C(O)c1cc2cc(OCc3ccccc3)ccc2[nH]1,1.067759
N#CCc1c[nH]c2ccc(OCc3ccccc3)cc12,3.4182074
Cn1c(=O)c(Oc2ccc(F)cc2F)cc2cnc(NC3CCOCC3)nc21,2.437844
O=c1cc(N2CCOCC2)nc2n(Cc3cccc(Cl)c3Cl)ccn12,3.2241924
Cc1cccc(Cn2ccn3c(=O)cc(N4CCOCC4)nc23)c1,2.5773635
Cc1ccccc1Cn1ccn2c(=O)cc(N3CCOCC3)nc12,2.5685694
COC[C@H](C)Oc1cc(Oc2ccc(S(C)(=O)=O)cc2)cc(C(=O)Nc2ccc(C(=O)O)cn2)c1,-0.117529154
COC[C@H](C)Oc1cc(Oc2ccccc2)cc(C(=O)Nc2ccc(C(=O)O)cn2)c1,0.813673
COC[C@H](C)Oc1cc(Oc2ccc(Cl)cc2)cc(C(=O)Nc2ccc(C(=O)O)cn2)c1,1.6091591
COC[C@H](C)Oc1cc(Oc2cc(F)cc(F)c2)cc(C(=O)Nc2ccc(C(=O)O)cn2)c1,1.2956747
O=S(=O)(Nc1cccnc1)c1ccc2c(c1)OCCO2,0.85754776
Cc1ccc(NC(=O)c2cscn2)cc1-n1cnc2ccc(N3CCN(C)CC3)cc2c1=O,2.183699
O=c1ccnc2ccccn12,0.7019967
O=C(Nc1ccc(F)cc1)c1cccnc1Oc1ccccc1,3.4574442
CC(C)Cn1c(=O)n(C)c(=O)c2c(C(=O)N3CC=CC3)c(Cc3ccccc3C(F)(F)F)sc21,3.3574796
COc1ccc(-c2cc(N)n3ncc(C#N)c3n2)cc1,2.3205378
N#Cc1cnn2c(N)cc(-c3ccccc3)nc12,2.2662683
N#Cc1cnn2c(N)cc(-c3ccc(F)cc3)nc12,2.5169551
Oc1cc(-c2ccccc2)nc2ccnn12,1.0496721
O=C(Cc1cccc2ccccc12)Nc1ccccc1,3.4322262
COc1ccccc1CNCc1ccc(CCNC[C@H](O)c2ccc(O)c3[nH]c(=O)sc23)cc1,0.6559261
CCCCNc1nc(SCCC)nc2c1nnn2[C@@H]1C[C@H](CO)[C@@H](O)[C@H]1O,2.6447926
COc1ccc(OC)c(-c2c(F)ccc3c(N)c(C(=O)NC4CC4)nnc23)c1,3.3718097
CCN(CC)S(=O)(=O)c1ccc(-c2nnc(SCC(=O)N3CCc4ccccc43)o2)cc1,3.437953
N#Cc1ccc(C(=O)Nc2ccc(-n3ccnc3)nc2)cc1,1.8401053
C1CCC(NC2CCCCC2)CC1,0.11540532
COc1ccc2c(c1)[nH]c1c(C)nccc12,2.6881168
CN[C@@H](C)C(=O)N[C@H]1CN(C(=O)CC(C)C)CC[C@H]2CC[C@@H](C(=O)NC(c3ccccc3)c3ccccc3)N2C1=O,1.6017776
COc1cc(Nc2nccc(Oc3cnc4ccccc4c3)n2)cc(OC)c1OC,3.5748777
Cc1ccc(/C(=C\CN2CCCC2)c2ccccn2)cc1,1.8545661
CCOC(=O)N1CCN(C(=O)[C@H](Cc2cccc(C(=N)N)c2)NS(=O)(=O)c2c(C(C)C)cc(C(C)C)cc2C(C)C)CC1,1.9436717
N#CCNC(=O)[C@@H]1CCCC[C@H]1C(=O)N1CCCCC1,0.9395801
COc1ccccc1Oc1c(NS(=O)(=O)c2ccc(C(C)(C)C)cc2)nc(-c2ncccn2)nc1OCCO,1.6775067
O=c1[nH]c2c(O)ccc([C@@H](O)CNCCCOCCOCCc3ccccc3)c2s1,1.0201458
CC(C)Cn1c(=O)n(C)c(=O)c2c(S(=O)(=O)N3CC[C@@H](O)C3)c(Cc3ccccc3C(F)(F)F)sc21,3.279838
CC(C)Oc1ccc(S(C)(=O)=O)cc1C(=O)N1CCN(c2ccc(C(F)(F)F)cc2)CC1,3.2073452
Cc1ccc(NC(=O)c2cccc(N3CCOCC3)c2)cc1NC(=O)c1ccc(OCc2ccccn2)cc1,3.2422178
Cc1occc(=O)c1OCc1ccccc1,2.0234404
Cc1occc(=O)c1OCc1ccc(F)cc1,2.2934952
COc1cc(/C=C2/SC(=O)NC2=O)cc(OC)c1O,0.5458535
COc1ccc(C=C2SC(=O)NC2=O)cc1OC,1.6399785
Cc1nc(CSc2ccc(Cl)cc2)cc(N2CCOCC2)n1,3.3888059
O=C(NCC12CC3CC(CC(C3)C1)C2)c1cc(CN2CCNCC2)ccc1Cl,1.6766598
CC(C)Oc1cc(Nc2nc3c(cc2F)ncn3[C@@H](CO)c2ccc(F)cn2)n[nH]1,3.1298032
CCOc1cc(Nc2nc3c(cc2F)ncn3[C@@H](CO)c2ccc(F)cn2)n[nH]1,2.4317038
COc1cc(Nc2nc3c(cc2F)ncn3[C@@H](CO)c2ccc(F)cn2)n[nH]1,2.0368717
Cc1cc(NS(=O)(=O)c2ccc(N)cc2)no1,-0.27716017
CN1CCN(C(=O)[C@@H]2CCCC[C@H]2C(=O)NCC#N)CC1,0.18580043
NS(=O)(=O)c1ccc2c(C(=O)NC[C@@H](O)CN3CCC(Oc4ccc(Cl)c(Cl)c4)CC3)c[nH]c(=O)c2c1,2.4544501
Cc1cc(Cl)ccc1OC1CCN(C[C@H](O)CNC(=O)c2c[nH]c(=O)c3cc(S(C)(=O)=O)ccc23)CC1,2.4416254
CN(C)S(=O)(=O)c1ccc2c(C(=O)NC[C@@H](O)CN3CCC(Oc4ccc(Cl)c(Cl)c4)CC3)c[nH]c(=O)c2c1,3.015556
CS(=O)(=O)c1ccc2c(C(=O)NC[C@@H](O)CN3CCC(Oc4ccc(C#N)c(Cl)c4)CC3)c[nH]c(=O)c2c1,1.6229182
O=C(NC[C@@H](O)CN1CCC(Oc2ccc(Cl)c(Cl)c2)CC1)c1c[nH]c(=O)c2c(F)cccc12,3.3066607
CS(=O)(=O)c1ccc2c(C(=O)NC[C@@H](O)CN3CCC(Oc4ccc(Cl)c(Cl)c4)CC3)c[nH]c(=O)c2c1,2.60715
O=C(NC[C@@H](O)CN1CCC(Oc2ccc(Cl)c(Cl)c2)CC1)c1c[nH]c(=O)c2ccccc12,3.3336375
Cc1c(Cl)ccc(OC2CCN(C[C@H](O)CNC(=O)c3c[nH]c(=O)c4cc(S(C)(=O)=O)ccc34)CC2)c1Cl,2.8477216
O=C(NC[C@@H](O)CN1CCC(Oc2ccc(Cl)c(Cl)c2)CC1)c1c[nH]c(=O)c2cc(S(=O)(=O)NCCO)ccc12,2.1037283
N#Cc1ccc(OC2CCN(C[C@H](O)CNC(=O)c3c[nH]c(=O)c4ccccc34)CC2)cc1Cl,2.5409832
CNS(=O)(=O)c1ccc2c(C(=O)NC[C@@H](O)CN3CCC(Oc4ccc(Cl)c(Cl)c4)CC3)c[nH]c(=O)c2c1,2.6359468
O=C(NC[C@@H](O)CN1CCC(Oc2ccc(Cl)c(Cl)c2)CC1)c1c[nH]c(=O)c2ccc(F)cc12,3.3891766
Cc1cc(Cl)ccc1OC1CCN(C[C@H](O)CNC(=O)c2c[nH]c(=O)c3c(F)cccc23)CC1,3.2872138
O=C1CCOc2nc(C#CC3CCCCC3)ccc21,3.5034757
COc1cc(Nc2nccc(N(C)c3cc(CO)ccc3C)n2)cc(N2CCOCC2)c1,3.4340878
Cc1ccc(CO)cc1N(C)c1ccnc(Nc2cc(N3CCOCC3)cc(S(C)(=O)=O)c2)n1,2.3523762
COCCOc1cc(Nc2nccc(N(C)c3cc(CO)ccc3C)n2)cc(N2CCOCC2)c1,3.38893
Cn1cc(C#N)cc1-c1c2c(=O)n(CC#CCn3cncn3)c(=O)n(CC3CC3)c2nn1Cc1ccnc2ccc(Cl)cc12,3.3119483
Cc1cccc(Br)c1C(=O)N[C@@H](Cc1ccc(NC(=O)c2c(Cl)cccc2Cl)cc1)C(=O)O,0.2529068
O=C(O)C1Cc2c([nH]c3ccccc23)C(c2ccccc2)N1,0.5089897
COc1ccc(N(C(=O)c2ccccc2)C(C(=O)NC[C@@H](C)O)c2ccccc2F)c(OC)c1,2.5169988
Cc1sc2ncnc(SCC(=O)N3CCN(C(=O)c4ccco4)CC3)c2c1C,2.467837
CCCN(CCC)C(=O)c1cccc(C(=O)N[C@@H](Cc2ccccc2)[C@H](O)CNCc2cccc(OC)c2)c1,2.7404
CC[C@@H](Nc1c(Nc2cccc(C(=O)N(C)C)c2O)c(=O)c1=O)c1ccc(C)o1,2.1304853
CN1CCN(c2ccc3nc(-c4c(N)c5c(F)cccc5[nH]c4=O)[nH]c3c2)CC1,2.7468204
CCSc1c(Cc2ccccc2C(F)(F)F)sc2c1c(=O)n(C)c(=O)n2CC(C)C,4.070766
CC(C)Cn1c(=O)n(C)c(=O)c2c(SC(C)C)c(Cc3ccccc3C(F)(F)F)sc21,4.2139053
CC(C)Cn1c(=O)n(C)c(=O)c2c(C(=O)N(C)C)c(Cc3ccccc3C(F)(F)F)sc21,3.2556577
CC(C)Cn1c(=O)n(C)c(=O)c2c(SCCCO)c(Cc3ccccc3C(F)(F)F)sc21,3.6435432
NC1CCc2cc(OC(=O)c3ccccc3)c(OC(=O)c3ccccc3)cc2C1,2.5304272
O=C(O)CC[C@@H]1c2ccccc2C[C@H]1NC(=O)c1cc2sc(Cl)c(Cl)c2[nH]1,2.4318116
O=C(O)C[C@@H]1c2ccccc2C[C@H]1NC(=O)c1cc2sc(Cl)c(Cl)c2[nH]1,2.319439
O=C(O)CO[C@@H]1c2ccccc2C[C@H]1NC(=O)c1cc2sc(Cl)c(Cl)c2[nH]1,1.9323893
O=C(O)CC(=O)N[C@@H]1c2ccccc2C[C@H]1NC(=O)c1cc2sc(Cl)c(Cl)c2[nH]1,1.2183754
O=C1Nc2ccccc2B(O)N1c1ccccc1,1.220756
C[C@H]1O[C@@H](n2cnc3c(N)nc(OCC4CC(F)(F)C4(F)F)nc32)[C@H](O)[C@@H]1O,1.1527015
N=C(N)NC(=O)c1nc(Cl)c(NCc2ccncc2)nc1N,-0.3574965
CC(=O)Nc1ccc2ccn(-c3cc(NCCCN4CCCC4)n4ncc(C#N)c4n3)c2c1,1.5391264
O=C(c1cc(Cc2n[nH]c(=O)c3ccccc23)ccc1F)N1CCN(C(=O)C2CCCO2)CC1,1.1406051
Cc1ccc(C(=O)NC(C)C)cc1-n1cnc2ccc(N3CCN(C)CC3)cc2c1=O,1.6151776
CCNC(=O)c1ccc(C)c(-n2cnc3ccc(N4CCN(C)CC4)cc3c2=O)c1,1.3617239
O=c1cc(N2CCOCC2)nc2n(Cc3cccc4ccccc34)ccn12,3.2434807
NC1(c2ccc(-c3nc4ccccc4cc3-c3ccccc3)cc2)CCC1,3.1467173
COc1cc(Nc2ncnc(Nc3c(Cl)ccc4c3OCO4)n2)cc(OC)c1OC,3.181355
CC(C)c1ccc(Sc2cnc(O)c(C(=O)NCc3ccccc3)c2)cc1,3.865137
O=c1[nH]c2c(O)ccc([C@@H](O)CNCCc3cccc(CN4CCCC4)c3)c2s1,0.29206824
COc1cc(Nc2ncnc3cccc(O[C@H](C)C(=O)N4CCOCC4)c23)ccc1Oc1ccc(C)nc1,3.3531466
Cc1ccc(Oc2ccc(Nc3ncnc4cccc(O[C@H](C)C(=O)N5CCOCC5)c34)cc2C)cn1,3.561791
CC(CC(=O)NCc1ccccc1)C1CCCO1,1.8034151
C[C@H](Nc1ncc(F)c(Nc2cc(C3CC3)[nH]n2)n1)c1ncc(F)cn1,2.5227222
COc1ccc(C(=O)Nc2cccc(NC(=O)c3ccc(OC)c(OC)c3)n2)cc1OC,3.1358175
O=C(Nc1cccc(NC(=O)c2ccccc2)n1)c1ccccc1,3.173284
CC(C)Oc1cccc(CC(=O)N2CCC[C@](CC[N+]34CCC(c5ccccc5)(CC3)CC4)(c3ccc(Cl)c(Cl)c3)C2)c1,1.1818982
CCN(CC)c1ncnc2c1ncn2Cc1c(Cl)cccc1Cl,3.2811403
COCCNc1nc(N)c2nc(O)n(Cc3ccccc3)c2n1,2.2508147
CCCCSc1nc(N)c2ncn(Cc3c(F)ccc(C)c3F)c2n1,3.676377
Cc1nc(N)c2nc(O)n(Cc3ccccc3)c2n1,1.6247795
Nc1ncnc2c1ncn2Cc1ccccc1,1.6617346
CCCCN1Cc2c(nc3cc(-c4ccco4)nn3c2O)C1=O,1.0419518
Cc1nnc(C)c2cc(N3CCN(C(=O)[C@@H]4CCCC[C@H]4C(=O)NC4(C#N)CC4)[C@H](C)C3)ccc12,2.141235
Cc1ccc(Oc2ccc(OCC(=O)Nc3ccncc3)cc2)cc1,3.3836908
CCCc1c(OCc2cccc(NC(=O)Cc3ccccc3C(=O)O)c2)ccc(C(C)=O)c1O,2.5867512
N#C[C@@H]1CCCN1C(=O)CNC12CC3CC(CC(O)(C3)C1)C2,-0.34076023
CC(O)C(C)OC(=O)[C@@H]1CC2c3cccc4c3c(cn4C(C)C)CC2N(C)C1,2.2139213
CCN(CC)C(=O)N[C@H]1C[C@@H]2c3cccc4[nH]cc(c34)C[C@H]2N(C)C1,1.9906925
c1ccc([C@H]2CN3CCSC3=N2)cc1,0.89392126
Cc1cc(Nc2cnc(C#N)c(N[C@@H](C)c3ccc(F)cn3)n2)n[nH]1,2.526791
Cc1cc(Nc2nc(N[C@@H](C)c3ccc(F)cn3)cnc2C)n[nH]1,2.1221597
Cc1cc(Nc2nc(N[C@@H](C)c3ccc(F)cn3)c(C#N)nc2C)n[nH]1,2.7116168
Nc1nc(-c2ccccc2)ns1,1.7412746
CC(=O)Nc1nc(-c2ccccc2)ns1,2.2782357
COc1ccnc(NC2CCN(C(=O)c3ccc(Cl)cc3)CC2)c1,2.6633244
COc1ccnc(NC2CCN(C(=O)c3ccccc3)CC2)c1,1.8637657
COc1ccnc(NC2CCN(C(=O)c3ccc(C#N)cc3)CC2)c1,1.5803976
CC(NC(=O)C1(N)CCN(c2ncnc3[nH]ccc23)CC1)c1cccnc1,1.0013326
CCCc1c(OCc2ccc(C(=O)O)cc2)ccc(C(C)=O)c1O,1.9541984
CNCC[C@H](Oc1ccc(C(F)(F)F)cc1)c1ccccc1,1.6268623
CNCC[C@@H](Oc1cc(C(F)(F)F)ccc1C#N)c1ccccc1,1.337342
N#Cc1cc(F)c(Cl)cc1O[C@H](CCN)c1ccccc1,0.953915
N#Cc1ccc(Cl)cc1O[C@H](CCN)c1ccccc1,0.7650765
Nc1ccc(OCc2ccccc2)cc1,2.5706055
CNCCC(Oc1ccc(C(F)(F)F)cc1)c1ccccc1,1.7170577
CNCC[C@@H](Oc1ccc(C(F)(F)F)cc1)c1ccccc1,1.6796858
CNCC[C@@H](Oc1cc(OC)ccc1C#N)c1ccccc1,0.4082564
CNCCC(Oc1ccccc1OC)c1ccccc1,0.54838157
NC(=O)c1ccccc1OCc1ccccc1,2.2940485
CCCc1c(OCc2ccc(C(=O)O)c(Br)c2)ccc(C(C)=O)c1O,2.472946
O=C(Cc1ccc(OCc2ccccc2)cc1)NO,1.897768
CNCC[C@@H](Oc1ccccc1C)c1ccccc1,1.0310123
OCCNCc1cc(Br)ccc1OCc1ccc(Cl)cc1,2.7521865
O=C(O)CCc1ccc(OCc2cccc(Br)c2)cc1,1.6761987
N#Cc1cc(Cl)ccc1O[C@H](CCN)c1ccccc1,0.85243344
Cc1cc2[nH]c(=O)c(O)cc(=O)c2cc1C,1.2750666
O=c1ccc(=O)c2ccccc2[nH]1,1.0139539
CCCN[C@H]1CCc2nc(N)sc2C1,0.7485912
C[C@H]1C[C@@H](NS(=O)(=O)c2cc(Br)ccc2Br)CN1C#N,2.4452517
CCc1c(C)nc(SCC(=O)Nc2nc(-c3ccc(OC)cc3)cs2)nc1O,3.39429
COc1ccc2c(c1)N(C[C@H](C)CN(C)C)c1ccccc1S2,3.237494
CN(C)CCCN1c2ccccc2Sc2ccccc21,2.7882226
CN(C)CCCN1c2ccccc2Sc2ccc(C(F)(F)F)cc21,3.3042552
CN(C)CCCN1c2ccccc2Sc2ccc(Cl)cc21,3.2507312
CC(CN1c2ccccc2Sc2ccccc21)N(C)C,2.80138
NC1(C(=O)NC(Cc2ccccc2)c2ccc(Cl)cc2)CCN(c2ncnc3[nH]ccc23)CC1,3.6982236
CCOC(=O)c1ncn2c1CN(C)C(=O)c1cc(F)ccc1-2,1.4300168
CC(C)C(NC(=O)Cn1c(-c2ccccc2)ccc(NC(=O)OCc2ccccn2)c1=O)C(=O)C(F)(F)F,2.412446
CC(=O)Nc1nc(C)c(-c2cnc(F)c(NS(=O)(=O)c3sc(C)nc3C)c2)s1,0.5280402
CC(=O)Nc1ccc(CNc2[nH]nc3cccc(Oc4ccc(S(C)(=O)=O)cc4)c23)cc1,2.867434
COc1ccc(OC)c(CNc2[nH]nc3cccc(Oc4ccc(S(C)(=O)=O)cc4)c23)c1,3.4669352
CC(=O)Nc1ccc(CNc2[nH]nc3cccc(Oc4ccc(F)cc4)c23)cc1,3.6291857
Nc1c(C(=O)NC2CC2)nnc2c(-c3ncccn3)c(F)ccc12,1.7243311
Nc1c(C(=O)NC2CC2)nnc2c(-c3ncccn3)cccc12,1.7592387
COc1ccc(N(C(=O)c2ccco2)C(C(=O)NC2CCCC2)c2ccccc2F)c(OC)c1,3.2434373
c1ccc(Sc2ccc3ccccc3n2)cc1,3.6498806
CNc1cccc(CCCc2ccc(C[C@H](NC(=O)c3c(Cl)cccc3Cl)C(=O)O)cc2)n1,0.3999269
N[C@@H](CC(=O)N1CCn2c(nnc2C(F)(F)F)C1)Cc1cc(F)c(F)cc1F,0.50228775
Cc1cccc(NC(=O)c2ccc(-c3ccccc3)c(C#N)c2)n1,3.409243
CCN(CC)CCOc1ccc(N(C)C(=O)c2ccc(-c3ccc(C(F)(F)F)cc3)cc2)cc1OC,3.5333126
Cc1cnc(NS(=O)(=O)c2ccccc2)c(C)n1,-0.068796396
COc1nccnc1NS(=O)(=O)c1ccc(N)cc1,-0.6809299
CCN[C@H]1C[C@H](C)S(=O)(=O)c2sc(S(N)(=O)=O)cc21,-0.01616168
O=C(Nc1ccccn1)c1ccccc1,1.8783377
CC(C)COc1cc(OC(C)C)cc(C(=O)Nc2ccc(C(=O)O)cn2)c1,1.4391923
C[C@H](CN(C)C(=O)CO)Oc1cccc2ncnc(Nc3ccc(OCc4ccccn4)c(Cl)c3)c12,3.307787
COc1cc2ncnc(Nc3ccc(OCc4ccccn4)c(C)c3)c2cc1OC,3.5086198
C[C@@H](Oc1cccc2ncnc(Nc3ccc(OCc4ccccn4)c(Cl)c3)c12)C(=O)N(C)CCO,3.2377877
C[C@@H](Oc1cccc2ncnc(Nc3ccc(OCc4ccccn4)c(Cl)c3)c12)C(=O)N(C)C,3.3868685
CS(=O)(=O)c1ccc(C(=O)NC[C@@H](O)CN2CCC(Oc3ccc(Cl)c(Cl)c3)CC2)s1,2.8682656
CNC(=O)c1cc(C(=O)c2ccc(Cl)cc2)c(Br)[nH]1,3.1247883
COC(=O)c1c(C)[nH]c(C)c1C(=O)c1ccccc1Cl,3.118995
O=C1COc2ccc(CNC3CCN(CCN4C(=O)COc5ccc(F)cc54)CC3)nc2N1,0.75336754
O=C1COc2ccc(CNC3CCN(CCN4C(=O)COc5ccc(OC(F)(F)F)cc54)CC3)nc2N1,2.04844
CC(=O)c1ccc2c(c1)N(CCN1CCC(NCc3ccc4c(n3)NC(=O)CO4)CC1)C(=O)CO2,0.39049482
COC(=O)c1ccc2c(c1)N(CCN1CCC(NCc3ccc4c(n3)NC(=O)CO4)CC1)C(=O)CO2,0.7060102
CCS(=O)(=O)c1ccc2c(c1)N(CCN1CCC(NCc3ccc4c(n3)NC(=O)CO4)CC1)C(=O)CO2,-0.202286
N#Cc1ccc2c(c1)N(CCN1CCC(NCc3ccc4c(n3)NC(=O)CO4)CC1)C(=O)CO2,0.26489723
CC(O)c1ccc2c(c1)N(CCN1CCC(NCc3ccc4c(n3)NC(=O)CO4)CC1)C(=O)CO2,0.0032172203
O=C1COc2ccc(CNC3CCN(CCN4C(=O)COc5ccc(Br)cc54)CC3)nc2N1,1.3838475
O=C1COc2ccc(CNC3CCN(CCN4C(=O)COc5ccc(O)cc54)CC3)nc2N1,0.34572256
O=C1COc2ccc(CNC3CCN(CCN4C(=O)COc5ccc(Cl)cc54)CC3)nc2N1,1.2894877
COc1ccc2c(c1)N(CCN1CCC(NCc3ccc4c(n3)NC(=O)CO4)CC1)C(=O)CO2,0.5719974
CN(C)S(=O)(=O)c1ccc2c(c1)N(CCN1CCC(NCc3ccc4c(n3)NC(=O)CO4)CC1)C(=O)CO2,0.11672759
CS(=O)(=O)c1ccc2c(c1)N(CCN1CCC(NCc3ccc4c(n3)NC(=O)CO4)CC1)C(=O)CO2,-0.33957052
CS(=O)(=O)Cc1cc(N2CCOCC2)nc(-c2ccc(NS(C)(=O)=O)cc2)n1,0.83898497
CS(=O)(=O)Cc1cc(N2CCOCC2)nc(-c2cccc(CO)c2)n1,1.0362769
CSCc1cc(N2CCOCC2)nc(-c2ccccc2)n1,3.0525823
CS(=O)(=O)Cc1cc(N2CCOCC2)nc(-c2ccccc2)n1,1.7649068
CNc1nc(C)c(-c2nc(Nc3cccc(N4CCCNCC4)c3)ncc2C#N)s1,1.5472622
CNc1nc(C)c(-c2nc(Nc3cccc(N4CCCN(C(C)=O)CC4)c3)ncc2C#N)s1,2.9618042
CC(C)(N)C(=O)N[C@H](Cc1c[nH]c2ccccc12)C(=O)N[C@H](Cc1c[nH]c2ccccc12)NC=O,0.99897814
C[C@@H]1c2c([nH]c3ccc(C(F)(F)F)cc23)C[C@@H]2CCN(CCN3CCOCC3)C[C@H]21,2.7505872
COCc1ccoc1C(=O)N(c1ccc(OC)cc1OC)C(C(=O)NC[C@@H](C)O)c1ccccc1F,1.8224822
COc1ccc(N(C(=O)c2occc2CO)C(C(=O)NC[C@@H](C)O)c2ccccc2F)c(OC)c1,1.3114102
COc1ccc(N(C(=O)c2occc2C)C(C(=O)NC[C@@H](C)O)c2ccccc2F)c(OC)c1,2.2423756
COc1ccc(N(C(=O)c2occc2Cl)C(C(=O)NC[C@@H](C)O)c2ccccc2F)c(OC)c1,2.3655996
COc1cc(C(=O)O)ccc1Cc1cn(C)c2ccc(NC(=O)CC3CCCC3)cc12,1.7186913
CN(C)C(=O)[C@H](Cc1ccccc1)NC(=O)c1cc2cc(F)ccc2[nH]1,3.4887443
CN(C)C(=O)[C@H](Cc1ccccc1)NC(=O)c1cc2ccccc2[nH]1,3.4388604
CN(C)C(=O)[C@H](O)[C@H](Cc1ccccc1)NC(=O)c1cc2cc(Cl)ccc2[nH]1,3.2504888
CC(C)C(NC(=O)Cn1c(-c2cccs2)ncc(NC(=O)OCc2ccccc2)c1=O)C(=O)C(F)(F)F,2.2236261
Nc1ccccc1NC(=O)c1ccc(C2CCN(Cc3ccc(C(=O)NC4CC4)cc3)CC2)cc1,2.1076124
CS(=O)(=O)C1(c2cc(N3CC4CCC(C3)O4)nc(-c3cccc4[nH]ccc34)n2)CC1,2.8844252
COc1ccc(CC(C)(C)NC[C@H](O)c2cc(O)cc3c2OCC(=O)N3)cc1,0.8648937
C[C@H](Nc1ccc2ncn(-c3cc(C4CC4)[nH]n3)c2n1)c1ncc(F)cn1,2.4182956
O=C(O)C(c1ccccc1)N1CCO[C@@H](CN2CCC(Oc3ccc(Cl)c(Cl)c3)CC2)C1,2.026313
O=C(Nc1ccccc1)N1CCOCC1,1.2704742
CC(C)(C)C(O)/C(=C\c1ccc(Cl)cc1Cl)n1cncn1,3.3805652
O=C(N[C@@H](Cc1ccc(OCCc2ccc3c(n2)NCCO3)cc1)C(=O)O)c1c(Cl)cccc1Cl,-0.24520493
N=C(N)Nc1cc(Cl)nc(-c2ccccc2)n1,0.58930564
Clc1ccc(Nc2nnc(Cc3ccncc3)c3ccccc23)cc1,3.603653
COc1cc2c(ccc(=O)n2CCN2CCC(NCc3cc4c(cn3)OCCO4)CC2)cn1,0.74848783
COCCNC(=O)c1ccc(Nc2ncc3cc(-c4cccnc4)ccc3n2)cc1,3.0259776
COc1cc(C(=O)O)ccc1Cn1ccc2ccc(NC(=O)OC3CCCC3)cc21,1.8239679
Cc1cc(CCCOc2c(Cl)cc(C3=NCCO3)cc2Cl)on1,3.0802364
O=C(CN1CCOCC1)Nc1ccc(-c2cccc3c(=O)cc(N4CCOCC4)oc23)cc1-c1ccccc1,3.4426794
CC(C)c1nc2ccc(-c3ccc(F)cc3)cc2c(=O)n1C[C@H]1CCCN(C(C)C)C1,3.2868848
Cc1nc2ccc(-c3ccc(Cl)cc3)cc2c(=O)n1C[C@H]1CCCN(C(C)C)C1,2.8975253
CC1(C)CC(=O)c2c(nc3ccccc3c2N)C1,2.5092402
CC(C)(C)c1ccc(C2=NC(=O)C(CC(=O)O)S2)cc1,-0.24435234
COc1ccc(-c2nc3n(c2Br)CCC3)cc1,3.15165
CO[C@H]1CN(Cc2ccc(C(F)(F)F)cc2)CC[C@H]1N(C)C(=O)Cc1ccc(-n2cnnn2)cc1,2.8309262
CO[C@@H]1CN(Cc2ccc(C(F)(F)F)cc2)CC[C@@H]1N(C)C(=O)Cc1ccc(-n2cnnn2)cc1,2.7882774
CN(C(=O)Cc1ccc(-n2cnnn2)cc1)[C@@H]1CCN(Cc2ccc(C(F)(F)F)cc2)C[C@@H]1F,3.010127
CN(C(=O)Cc1ccc(-n2cnnn2)cc1)[C@H]1CCN(Cc2ccc(C(F)(F)F)cc2)C[C@H]1F,2.967135
CN(C(=O)Cc1ccc(-n2cnnn2)cc1)C1CCN(Cc2ccc(C(F)(F)F)cc2)CC1,2.9128075
COc1ccc2ncc(F)c(CCN3CCC(NCc4ccc5c(n4)NC(=O)CO5)CC3)c2n1,0.9607768
CCCCCCCN(CCc1ccc(OC(C)(C)C(=O)O)cc1)C(=O)Nc1ccc(F)cc1F,2.1123855
N#Cc1nc(Nc2ccccc2)c(N)c(N2CCOCC2)n1,2.9850726
O=C(CCCN1CCC(O)(c2ccc(Cl)cc2)CC1)c1ccc(F)cc1,2.737524
Oc1ccc2c3c1O[C@H]1c4[nH]c5ccccc5c4C[C@@]4(O)[C@@H](C2)N(CC2CC2)CC[C@]314,2.3761175
O=C(Nc1ccccc1Cl)c1cc[nH]n1,2.2822616
N#Cc1c(N)nc2c(c1N)CC(COc1ccccc1)O2,1.966347
CCCC1CCCCC(N)=N1,0.62525487
CC(C)[N+](C)(CCOC(=O)C1c2ccccc2Oc2ccccc21)C(C)C,-0.16165161
CC(=O)Nc1cccc(Nc2nc(NC3CC3)n3ncc(C#N)c3n2)c1,2.4259105
CC(C)Cn1c(=O)n(C)c(=O)c2c(C(=O)N3CC[C@@H](O)C3)c(Cc3c[nH]c4ncccc34)sc21,1.3415947
