smiles,y
CC(C)[C@@H](CN1CC[C@@](C)(c2cccc(O)c2)[C@@H](C)C1)NC(=O)[C@H]1Cc2ccc(O)cc2CN1,2.6599119
C#CC(C)(C)NC(=O)c1sccc1Oc1ccc(F)cc1[N+](=O)[O-],3.2456002
Cc1ncc([N+](=O)[O-])n1CCO,-0.09830737
CCCSc1nc(Oc2ccc(CC(=O)O)cc2)ccc1C(=O)NC1CCCCC1,1.9681219
O=C(Nc1ccccc1)N1CCOCC1,1.1879379
CC(C)(C)OC(=O)N1CCN(c2ccc(OCc3ccc(S(C)(=O)=O)cc3)cn2)CC1,3.457757
COc1ccccc1CNCc1ccc(CCNC[C@H](O)c2ccc(O)c3[nH]c(=O)sc23)cc1,0.7007935
CCn1c2nc(=O)n(C)c(=O)c-2cc2ccccc21,1.2929974
N=C(N)c1cc2c(-c3ccccc3)cccc2s1,1.5014918
CCCN1CCN(c2ccc(C(=O)NC3(C(=O)NCC#N)CCCCC3)cc2)CC1,1.214812
COc1ccc(OC)c(-c2c(F)ccc3c(N)c(C(=O)NC4CC4)nnc23)c1,3.2028985
O=C(Nc1ccc(Cl)nc1)c1ccc(F)c(Cl)c1,3.259931
O=C(Nc1ccc(Cl)nc1)c1ccc(F)c(F)c1,3.0643494
Cc1c(CC(=O)O)c2cc(F)ccc2n1S(=O)(=O)c1ccc(S(C)(=O)=O)cc1,-0.46090293
N#Cc1ccc(C(c2ccc(C#N)cc2)n2cncn2)cc1,1.6747003
O=C(c1scc2c1CCCC2)N1CCCCC1,2.6497822
N#Cc1nc(N2CCCCC2)c(N)c(N2CCOCC2)n1,2.716403
COc1cc2c(Nc3cnc(NC(=O)c4ccccc4)nc3)ncnc2cc1OCCCN1CCOCC1,2.8312626
COc1cc(F)ccc1-c1cccc(CNC2CCCC2)n1,2.1409743
Cn1nnc(-c2ccc(-c3ccc(N4C[C@H](COc5ccon5)OC4=O)cc3F)cn2)n1,1.1512587
c1ccc(CCNCc2ccccc2)cc1,1.4698404
COc1cc2c(Nc3cc(CC(=O)Nc4cccc(F)c4)[nH]n3)ncnc2cc1OCCCN1CCC(CO)CC1,1.8679066
COc1ccc(-c2nc(N3CCOCC3)nc(O)c2C#N)cc1,0.6776099
O=C(NCC12CC3CC(CC(C3)C1)C2)c1cc(CN2CC3CNCC(C2)O3)ccc1Cl,1.8952711
COc1ccc(C)c(NC(=O)CC23CC4CC(CC(C4)C2)C3)c1,3.9297314
COc1cccc(NC(=O)CC23CC4CC(CC(C4)C2)C3)c1C,3.9061975
COc1ccc([C@]2(C#N)CC[C@@H](C(=O)O)CC2)cc1OC1CCCC1,0.47435892
COc1cc(F)ccc1-c1cncc(CNC(=O)c2ccccc2)c1,3.2759385
Nc1ccnc(-c2cccnc2)n1,0.56502473
COc1ccccc1O[C@@H](c1ccccc1)[C@@H]1CNCCO1,0.9879148
O=c1[nH]c(S)nc2[nH]cnc12,-1.0291257
Cn1cnc(-c2ccccc2)c1-c1cc2c(N)ncnc2s1,3.0580826
O=C1c2ccccc2CN1C1CCN(CCC(c2ccccc2)c2ccccc2)CC1,3.4972143
C[C@@H]1CN(c2ccc3c(n2)NC(=O)CO3)[C@H](c2ccccc2)CO1,2.8592815
Nc1ncnc2c1nc(Sc1nc3cccc(Cl)c3s1)n2CCO,2.7788143
CC(=O)OCCn1c(Sc2nc3cccc(Cl)c3s2)nc2c(N)ncnc21,2.8343806
Cc1n[nH]c(C)c1Cc1sc2c(c1C(=O)N1C[C@H](O)CO1)c(=O)n(C)c(=O)n2CC(C)C,0.8821356
c1cc2c(cc1-c1cnc3n1CCC3)OCCO2,2.2609677
NS(=O)(=O)c1cccc(Nc2nccc(Nc3c(Cl)ccc4c3OCO4)n2)c1,2.6105773
Clc1ccc2c(c1Nc1ccnc(Nc3ccccc3)n1)OCO2,3.4607291
CS(=O)(=O)c1cccc(Nc2nccc(Nc3cccc4c3OCO4)n2)c1,2.7875936
CS(=O)(=O)c1cccc(Nc2nccc(Nc3c(Cl)ccc4c3OCO4)n2)c1,2.8711982
CS(=O)(=O)Nc1cc(Nc2nccc(Nc3c(Cl)ccc4c3OCO4)n2)cc(C(N)=O)c1,1.9038695
CS(=O)(=O)c1cccc(Nc2nccc(N(CC#N)c3c(Cl)ccc4c3OCO4)n2)c1,2.521628
NS(=O)(=O)c1ccc(Nc2nccc(Nc3c(Cl)ccc4c3OCO4)n2)cc1,2.68335
CNc1c(Br)cnc2[nH]c(-c3ccc(OCCCN4CCOCC4)cc3)nc12,2.9822896
O=C(Cc1c(C(=O)O)[nH]c2ccccc12)Nc1cccc(C(F)(F)F)c1,1.4165887
CC(=O)O[C@@]12CO[C@@H]1C[C@H](O)[C@@]1(C)C(=O)[C@H](O)C3=C(C)[C@@H](OC(=O)[C@H](O)[C@@H](NC(=O)OC(C)(C)C)c4ccccc4)C[C@@](O)([C@@H](OC(=O)c4ccccc4)[C@@H]12)C3(C)C.O.O.O,3.3831506
CN1CCN(c2nc(NCCNc3ccc([N+](=O)[O-])cc3)c3ccccc3n2)CC1,3.3340259
CNC(=O)c1cccc(NC(=O)Nc2cccc(C#N)c2)c1CN1CCC(Cc2ccc(F)cc2)CC1,3.5403519
N#Cc1cnn2c(NC3CC3)cc(-c3cccs3)nc12,3.0364585
C[C@@H]1CN(CC2(C(N)=O)CC2)CCN1S(=O)(=O)c1ccc(C(C)(O)C(F)(F)F)cc1,1.2400017
Nc1ncnc2oc(-c3ccoc3)c(-c3ccco3)c12,2.6262128
CCCCC(O)c1[nH]c2cc(C)c(C(=O)O)cc2c1CCc1ccccc1,2.2770004
CC(C)C(NC(=O)Cn1c(-c2ccc(F)cc2)ncc(NC(=O)OCc2ccncc2)c1=O)C(=O)C(F)(F)F,1.6881468
CC(C)c1nc(N2CCN(c3ncc(OCc4ccncc4C#N)cn3)[C@H](C)C2)no1,3.4244442
C[C@@H]1CN(c2noc(C(F)(F)F)n2)CCN1c1ncc(OCc2ccncc2C#N)cn1,3.35807
Cc1nc(N2CCN(c3ncc(OCc4ccncc4C#N)cn3)[C@H](C)C2)no1,2.436463
C[C@@H]1CN(c2noc(C(F)F)n2)CCN1c1ncc(OCc2ccncc2C#N)cn1,3.050087
COCCN1CCC(Cc2ccc(C(=O)NCc3cnc(C#N)nc3NCC(C)(C)C)cc2)CC1,3.2715979
COc1cc2c(Nc3c(Cl)ccc4c3OCO4)ncnc2cc1OCC1CCN(C)CC1,1.9523289
Nc1sc2c(c1C(=O)NCc1ccccc1)CCCC2,3.4397101
C=CC(=O)Nc1cccc(CN2C(=O)N(c3c(Cl)c(OC)cc(OC)c3Cl)Cc3cnc(NCCCCN(CC)CC)nc32)c1,2.6841164
Cn1c(=O)n(Cc2ccc(C(=O)O)cc2)c(=O)c2cc(C#CCc3ccccc3)ccc21,2.4190266
O=C(NCC12CC3CC(CC(C3)C1)C2)c1cc(-n2ncc(=O)[nH]c2=O)ccc1Cl,2.1948042
N#CC1(NC(=O)[C@@H]2CCCC[C@H]2C(=O)N2CCc3[nH]c4ncccc4c3C2)CC1,1.32291
C[C@H]1O[C@@H](n2cnc3c(N)nc(OCC4CCC(F)(F)CC4)nc32)[C@H](O)[C@@H]1O,1.7032639
Nc1cc2n[nH]c(=O)n2c2cc(-c3cccs3)ccc12,2.6940126
O=C1O[C@]2(CN3CCC2CC3)CN1c1ccc(Br)s1,1.6498125
O=C1O[C@]2(CN3CCC2CC3)CN1c1cccs1,0.7642747
CN1C(=O)NC(=O)C(C)(C2=CCCCC2)C1=O,1.331222
Cc1ccc(S(=O)(=O)Nc2c(C(=O)NC3CCOCC3)c(C)nn2-c2ccccc2)cc1,0.13867617
Cc1ncccc1Oc1ncnc(OC2CCN(C(=O)OC(C)C)CC2)c1C,3.409924
N=S(=O)(O)Cc1noc2ccccc12,-0.04132247
CCOc1cc2ncc(C(N)=O)c(Nc3ccc(F)cc3F)c2cc1N1CCC(O)CC1,2.943959
O=c1[nH]c2c(O)ccc([C@@H](O)CNCCCOCCNCCc3cccc(Cl)c3)c2s1,0.0867908
COc1cc(F)ccc1-c1cncc(CNC(=O)C2CCC2)c1,2.7371125
Cc1ccc2c(c1)c(-c1cc(C)nc3ccccc13)c(C)n2CC(=O)O,0.91147447
Cc1ccc2c(c1)c(-c1ccnc3cc(C(F)(F)F)ccc13)c(C)n2CC(=O)O,1.5626228
COc1ccc2c(c1)c(-c1ccnc3cc(Cl)ccc13)c(C)n2CC(=O)O,0.95578563
Cc1ccc2c(c1)c(-c1ccnc3ccc(C(F)(F)F)cc13)c(C)n2CC(=O)O,1.5525613
Cc1ccc2c(c1)c(-c1ccnc3c(Cl)cccc13)c(C)n2CC(=O)O,1.2271693
Cc1ccc2c(c1)c(-c1ccnc3c(C(F)(F)F)cccc13)c(C)n2CC(=O)O,1.5335491
Cc1ccc2c(-c3ccnc4cc(Cl)ccc34)c(C)n(CC(=O)O)c2c1,1.4105092
Cc1ccc2c(c1)c(-c1ccnc3c(F)cccc13)c(C)n2CC(=O)O,0.82208765
Cc1ccc2c(c1)c(-c1ccnc3c(S(C)(=O)=O)cccc13)c(C)n2CC(=O)O,-0.081522465
Cc1ccc2c(c1)c(-c1ccnc3c(C)cccc13)c(C)n2CC(=O)O,0.99685264
Cc1ccc2c(c1)c(-c1ccnc3c(C#N)cccc13)c(C)n2CC(=O)O,0.5006745
Cc1ccc2c(c1)c(-c1ccnc3cc(Cl)ccc13)c(C)n2CC(=O)O,1.3788565
COc1cccc2c(-c3c(C)n(CC(=O)O)c4ccc(C)cc34)ccnc12,0.62336266
Cn1sc(=O)c2cc(S(=O)(=O)NC3CC3)ccc21,1.7508135
CC(C)N(CCC(C(N)=O)(c1ccccc1)c1ccccn1)C(C)C,0.01571846
CN(C)CCOC(C)(c1ccccc1)c1ccccn1,0.79461026
CCC(CC)NC(=O)c1cnn(Cc2ccccc2)c1NS(=O)(=O)c1ccc(C)cc1,1.1482449
CC(C)(N)C(=O)N[C@H](COCc1ccccc1)C(=O)N1CCC2(CC1)CN(S(C)(=O)=O)c1ccccc12,0.96748674
NC(=O)c1cccc(O[C@H]2C[C@@H]3CC[C@H](C2)N3CC2CC2)c1,0.40785742
O=C(O)CCc1ccc(NCc2cccc(Oc3ccccc3)c2)cc1,2.1894968
O=C(NCc1ccncc1)c1ccc(Oc2ccc(C#CC3(O)CN4CCC3CC4)cc2)cc1,2.621088
O=C(NCc1ccncc1)c1ccc(Oc2ccc(C#C[C@@]3(O)CN4CCC3CC4)cc2)cc1,2.436675
O=C(NCc1ccncc1)c1ccc(Oc2ccc(C#C[C@]3(O)CN4CCC3CC4)cc2)cc1,2.5143795
CN[C@H]1CC[C@@H](c2ccc(Cl)c(Cl)c2)c2ccccc21,2.828582
O=C(NCC1CCCCC1)c1c(Cl)ccc2ncccc12,2.9384823
CC(C)C(NC(=O)Cn1c(-c2ccccc2)ccc(NS(=O)(=O)c2ccccc2)c1=O)C(=O)C(F)(F)F,2.0862398
CC(=O)Nc1cccc(S(=O)(=O)Nc2ccc(-c3ccccc3)n(CC(=O)NC(C(=O)C(F)(F)F)C(C)C)c2=O)c1,1.3815076
COc1ccc(S(=O)(=O)Nc2ccc(-c3ccccc3)n(CC(=O)NC(C(=O)C(F)(F)F)C(C)C)c2=O)cc1,2.035729
CC[C@H](C)C(=O)O[C@H]1C[C@H](O)C=C2C=C[C@H](C)[C@H](CC[C@@H](O)C[C@@H](O)CC(=O)O)[C@H]21,-0.6711166
CC[C@H](C)C(=O)O[C@H]1C[C@@H](C)C=C2C=C[C@H](C)[C@H](CC[C@@H](O)C[C@@H](O)CC(=O)O)[C@H]21,0.8841735
CCC(C)(C)C(=O)O[C@H]1C[C@@H](C)C=C2C=C[C@H](C)[C@H](CC[C@@H](O)C[C@@H](O)CC(=O)O)[C@H]21,1.5512676
O=S(=O)(Nc1ccc(S(=O)(=O)Nc2nccs2)cc1)c1ccc2c(c1)OCCO2,1.2436534
COc1ccc(-c2ccc3c(N4CCOC[C@@H]4C)nc(-n4ccnc4)nc3n2)cc1CO,2.6736462
Fc1ccc(-n2cc(C3CCNCC3)c3cc(Cl)ccc32)cc1,2.1432488
COc1cc2c(Nc3ncc(NC(=O)c4ccccc4)cn3)ncnc2cc1OCCCN1CCOCC1,2.6419172
COc1cc2c(cc1-c1c(C)noc1C)ncc1[nH]c(=O)n([C@H](C)c3ccccn3)c12,3.0277905
CCNCc1cncc(-c2ccc(F)cc2OC)n1,1.4266148
COCCNCc1cncc(-c2ccc(F)cc2OC)n1,1.2183491
Cc1nc(-c2ccccc2)c(-c2ccc(CN3CCC(n4c(=O)[nH]c5ccccc54)CC3)cc2)[nH]c1=O,3.5925145
Cc1oncc1C(=O)Nc1ccc(C(F)(F)F)cc1,3.109803
O=C(Nc1nccs1)c1ccccc1,2.2084534
CC(=O)NC1CN(c2ccc(Nc3ncc(F)c(-c4cnc(C)n4C(C)C)n3)cc2)C1,3.1850572
C[C@H]1O[C@@H](n2cnc3c(N)nc(OCC4CC45CC5)nc32)[C@H](O)[C@H]1Cl,3.3123662
C[C@H]1O[C@@H](n2cnc3c(N)nc(OCC4CC45CC5)nc32)[C@H](O)[C@@H]1O,1.6393187
CCSc1c(Cc2ccccc2C(F)(F)F)sc2c1c(=O)n(C)c(=O)n2CC(C)C,4.081481
CC(C)Cn1c(=O)n(C)c(=O)c2c(SC(C)C)c(Cc3ccccc3C(F)(F)F)sc21,4.1827507
CC(C)Cn1c(=O)n(C)c(=O)c2c(C(=O)N(C)C)c(Cc3ccccc3C(F)(F)F)sc21,3.258422
CC(C)Cn1c(=O)n(C)c(=O)c2c(SCCCO)c(Cc3ccccc3C(F)(F)F)sc21,3.729928
FC(F)c1nc2ccccc2n1-c1nc(N2CCOCC2)nc(N2CCOCC2)n1,2.9819455
CN1C2CCC1CC(OC(=O)C(CO)c1ccccc1)C2,-0.17251039
CN1[C@H]2CC[C@@H]1C[C@H](OC(=O)C(CO)c1ccccc1)C2,-0.5143039
CN1[C@H]2CC[C@@H]1C[C@H](OC(=O)C(O)c1ccccc1)C2,-0.88108873
c1ccc2[nH]c(CCc3nc4ccccc4[nH]3)nc2c1,2.9897153
CCCc1cc(=O)[nH]c(=S)[nH]1,0.7083672
COc1cc(Nc2nccc(Oc3cnc4ccccc4c3)n2)cc(OC)c1OC,3.5299535
CCC(c1nc2ccsc2c(=O)n1Cc1ccccc1)N(CC1CCNCC1)C(=O)c1ccc(C)cc1,1.4865158
CC1(C)Oc2ncnc(N)c2N=C1c1ccc([C@H]2CC[C@H](CC(=O)O)CC2)cc1,1.3648125
O=C(NCc1ccco1)c1ccc2[nH]c(COc3ccc(C45CC6CC(CC(C6)C4)C5)cc3)nc2c1,4.470667
N=C(N)NC(=O)c1nc(Cl)c(NCc2ccccn2)nc1N,-0.39090538
c1ccc(Nc2ccccc2)cc1,3.0887191
O=C(O)Cc1ccccc1Nc1c(Cl)cccc1Cl,0.7487174
COc1ccc(Nc2ccccc2C(=O)O)cc1,0.75172305
Cc1ccc(Nc2c(F)cccc2Cl)c(CC(=O)O)c1,0.90590477
Cc1ccc(Cl)c(Nc2ccccc2C(=O)O)c1Cl,1.9078501
Cc1cccc(Nc2ccccc2C(=O)O)c1C,1.3914452
O=C(O)c1ccccc1Nc1cccc(C(F)(F)F)c1,1.5589637
CCN(CC)C(=O)Cc1csc(NS(=O)(=O)c2cccc(Cl)c2C)n1,1.2898822
O=S(=O)(Nc1nccs1)c1cc(Cl)ccc1Cl,1.4296864
CCOC(=O)Cc1csc(NS(=O)(=O)c2ccc(Cl)cc2)n1,1.3224931
O=S(=O)(Nc1nccs1)c1ccc(O)cc1,0.29509425
Nc1ccc(S(=O)(=O)Nc2nccs2)cc1,-0.21668959
O=C1C2CCC(N2)C(=O)N1Cc1ccccc1,1.5812892
COc1ccc2c3c1OC1C(O)C=CC4C(C2)N(C)CCC341,0.78966165
CSCCC(NC(=O)c1ccccc1)c1nc2ccccc2n1Cc1ccc(C#N)cc1,3.7038596
Nc1nc(Nc2ccc3nc(-c4ccc(F)cc4)cc(N)c3c2)cc(-c2ccc(C(F)(F)F)cc2)n1,3.8642256
Nc1nc(Nc2ccc3nc(-c4ccc(F)cc4)cc(N)c3c2)cc(-c2cccc(Cl)c2)n1,3.7878437
O=C1OCCN1N=Cc1ccc([N+](=O)[O-])o1,0.49582446
Cc1[nH]c(C(=O)NC2CCN(c3nc(C(=O)O)cs3)CC2)c(Cl)c1Cl,0.07365513
Cc1[nH]c(C(=O)NC2CCN(c3ncc(C(=O)O)s3)CC2)c(Cl)c1Cl,-0.012086391
CONC(=O)c1cnc(N2CCC(NC(=O)c3[nH]c(C)c(Cl)c3Cl)CC2)s1,2.8704302
N=C(N)c1cc2c(OCc3ccccc3)cccc2s1,1.5145192
FC(F)(F)c1nnc2ccc(N3CCCCC3)nn12,2.794928
Cc1ccc(CO)cc1N(C)c1ccnc(Nc2cc(N3CCCCC3)cc(N3CCOCC3)c2)n1,3.67182
CCC1(C)CC(=O)NC1=O,0.3673643
c1ccc(N2CC3COc4ccccc4C3=N2)cc1,3.4028656
FC(F)(F)c1nnc2ccc(N3CCCCCC3)nn12,3.1562667
O=S(=O)(Cc1ccccc1)NCC(c1ccccc1)N1CCCCCC1,2.5875983
O=S(=O)(Cc1cc(Cl)cc(Cl)c1)NCC(c1ccccc1)N1CCCCCC1,3.4986691
FC(F)(F)c1nnc2ccc(-n3ccnc3)nn12,1.3303976
c1csc(Cn2nnnc2CN2CCN(c3nc4ccccc4s3)CC2)c1,3.2189465
Cc1cccc(Br)c1C(=O)N[C@@H](Cc1ccc(NC(=O)c2c(Cl)cccc2Cl)cc1)C(=O)O,0.13823295
O=C(CCS(=O)(=O)c1ccc(Br)cc1)NCc1ccc(F)cc1,2.6271014
COc1ccc(CNC(=O)c2sc3nc(C)cc(C)c3c2N)cc1,3.478397
CN(C)c1ccnc2sc(C(=O)NCc3ccccc3)c(N)c12,3.328268
Cc1cc(C)c2c(N)c(C(=O)NCc3ccccc3)sc2n1,3.4739943
O=c1[nH]c2c(O)ccc([C@@H](O)CNCCSCCCOCCc3ccccc3)c2s1,2.184868
CC(=O)CC(c1ccccc1)c1c(O)c2ccccc2oc1=O,2.1588771
CCOC(=O)c1ccc(OCCC2CCN(c3ccc(C)nn3)CC2)cn1,3.3139484
Cn1c(=N)n(CC(=O)c2ccc(Cl)cc2)c2ccccc21,2.2064795
NC1(c2ccc(-c3c(-c4ccccc4)ccc4ccnn34)cc2)CCC1,2.7764006
O=C1C(CC[S+]([O-])c2ccccc2)C(=O)N(c2ccccc2)N1c1ccccc1,0.22123313
Cc1ccc(COC(=O)N2CCC(CNc3ncccn3)CC2)cc1,3.397446
Cc1ccc(COC(=O)N2CC[C@H](CNc3ncccn3)[C@H](F)C2)cc1,3.4099097
COc1ccc(COC(=O)N2CCC(CNc3ncccn3)CC2)cc1,3.1090338
C#CCn1c(=O)c2c(-c3nc(C#N)cn3C)n(Cc3ccnc4ccc(Cl)cc34)nc2n(CC2CC2)c1=O,3.6104333
Cn1cc(S(C)(=O)=O)nc1-c1c2c(=O)n(C)c(=O)n(CC3CC3)c2nn1Cc1ccnc2ccc(Cl)cc12,2.68715
C=CCn1c(=O)c2c(-c3nc(C#N)cn3C)n(Cc3ccnc4ccc(Cl)cc34)nc2n(CC2CC2)c1=O,3.7544675
CCC1=C(C)CN(C(=O)NCCc2ccc(S(=O)(=O)NC(=O)N[C@H]3CC[C@H](C)CC3)cc2)C1=O,1.4186018
Cc1cccc([C@H](C)c2c[nH]c(=S)[nH]2)c1C,2.8280575
COc1cc2c(Nc3ccc(Cl)cc3F)ncnc2cc1OCCCN1CCOCC1,3.2806048
N#CCNC(=O)[C@@H]1CCCC[C@H]1C(=O)N1CC=CCC1,0.6925502
CO[C@H]1CN(Cc2ccc(C(F)(F)F)cc2)CC[C@H]1N(C)C(=O)Cc1ccc(-n2cnnn2)cc1,2.990186
CO[C@@H]1CN(Cc2ccc(C(F)(F)F)cc2)CC[C@@H]1N(C)C(=O)Cc1ccc(-n2cnnn2)cc1,2.8572402
CN(C(=O)Cc1ccc(-n2cnnn2)cc1)[C@@H]1CCN(Cc2ccc(C(F)(F)F)cc2)C[C@@H]1F,2.9128158
CN(C(=O)Cc1ccc(-n2cnnn2)cc1)[C@H]1CCN(Cc2ccc(C(F)(F)F)cc2)C[C@H]1F,2.9865224
CN(C(=O)Cc1ccc(-n2cnnn2)cc1)C1CCN(Cc2ccc(C(F)(F)F)cc2)CC1,2.7725422
O=c1c2cnn(-c3ccccc3)c2nc(-c2ccco2)n1-c1ccccc1,2.9332135
CN1CCNc2nc(CCOc3ccc(C[C@H](NC(=O)c4c(Cl)cccc4Cl)C(=O)O)cc3)ccc21,-0.09179425
COc1cc2ncnc(Nc3cccc(Cl)c3F)c2cc1CN(C)[C@H](C)C(N)=O,3.1131864
c1ccc(Nc2ncnc3ccccc23)cc1,3.018841
Cc1cccc(Nc2ncnc3ccccc23)c1,3.3758857
COc1cc2ncnc(Nc3cccc(O)c3)c2cc1OC,2.7359517
COc1cc2ncnc(Nc3cccc(C)c3)c2cc1OC,3.3624506
COc1cc2ncnc(Nc3ccc(F)c(Cl)c3)c2cc1OCCCN(C)C,2.581896
COc1cc2ncnc(Nc3ccc(F)c(Cl)c3)c2cc1OCCN(C)C,2.9758344
COc1cc2ncnc(Nc3ccc(F)c(Cl)c3)c2cc1OC,3.467936
C#Cc1cccc(Nc2ncnc3cc(OCCOC)c(OCCOC)cc23)c1,3.3871891
COc1cc2ncnc(Nc3ccc(Cl)c(O)c3)c2cc1OC,3.277284
Nc1ccc2ncnc(Nc3ccc(F)c(Cl)c3)c2c1,3.1774218
Cc1ccccc1Nc1ncnc2ccccc12,3.1629043
Clc1cccc(Nc2ncnc3ccccc23)c1,3.4072914
COc1cc2ncnc(Nc3cccc(Cl)c3F)c2cc1CN(C)[C@@H](C)C(N)=O,3.0934565
COc1cc2ncnc(Nc3ccccc3)c2cc1OC,2.9727216
C=CC(=O)Nc1ccc2ncnc(Nc3cccc(C)c3)c2c1,3.3355973
COc1cc2ncnc(Nc3ccc(F)cc3)c2cc1OC,3.1908422
COc1cccc(Nc2ncnc3cc(OC)c(OC)cc23)c1,3.0131605
Nc1cc2n[nH]c(=O)n2c2cc(-c3ccsc3)ccc12,2.609956
O=c1cc(N2CCOCC2)nc2n(Cc3cccc4ccccc34)ccn12,3.3224182
CNc1cccc(CCOc2ccc(C[C@H](NC(=O)c3c(F)cccc3Cl)C(=O)O)cc2)n1,-0.32923245
CNc1cccc(CCOc2ccc(C[C@H](NC(=O)c3c(Cl)cccc3Cl)C(=O)O)cc2F)n1,-0.06269908
CNc1cccc(CCOc2ccc(C[C@H](NC(=O)c3c(Cl)cccc3Cl)C(=O)O)cc2C)n1,0.16043234
CNc1cccc(CCOc2ccc(C[C@H](NC(=O)c3ccc(F)cc3Cl)C(=O)O)cc2)n1,0.015716314
CNc1cccc(CCOc2ccc(C[C@H](NC(=O)c3ccccc3Cl)C(=O)O)cc2)n1,-0.28161788
CNc1cccc(CCOc2ccc(C[C@H](NC(=O)c3c(Cl)cccc3Cl)C(=O)O)cc2)n1,-0.2186997
CNc1cccc(CCOc2ccc(C[C@H](NC(=O)c3c(C)cc(C)cc3C)C(=O)O)cc2)n1,0.22867036
CCn1c(SCC(=O)Nc2c(C#N)cnn2-c2ccccc2)nnc1-c1cccs1,2.393152
Cc1ccc(Cl)c(Nc2cc(Nc3ccc(OCC(O)CN(C)C)cc3)ncn2)c1,2.2438834
COc1ccc(Nc2cc(Nc3ccc(OCC(O)CN(C)C)cc3)ncn2)cc1,1.4098213
CN(C)CC(O)COc1ccc(Nc2cc(Nc3ccc(F)cc3F)ncn2)cc1,1.6857462
Cc1ccc(N(CC#N)c2cc(Nc3ccc(OCC(O)CN(C)C)cc3)ncn2)c(Br)c1,2.1698282
CN(C)CC(O)COc1ccc(Nc2cc(N(CC#N)c3cc(Cl)ccc3Cl)ncn2)cc1,2.2749414
C#CCN(c1cc(Nc2ccc(OCC(O)CN(C)C)cc2)ncn1)c1cc(Cl)ccc1Cl,2.9794009
CN(C)CC(O)COc1ccc(Nc2cc(Nc3cc(Cl)ccc3Cl)ncn2)cc1,2.5038757
CN(C)CC(O)COc1ccc(Nc2cc(N(CCC#N)c3cc(Cl)ccc3Cl)ncn2)cc1,2.281146
O=C(Nc1ccc(F)cc1)c1ccc(Cl)[n+]([O-])c1,1.6945997
CS(=O)(=O)c1ccc(C(=O)Nc2ccc(F)cc2)c[n+]1[O-],0.58902895
CC(=O)c1ncccc1NC(=O)[C@H]1CC[C@H](N2C(=O)[C@H]3[C@H]4CC[C@H](C4)[C@H]3C2=O)CC1,2.8718357
CCN(CC)CC#CCOC(=O)C(O)(c1ccccc1)C1CCCCC1,3.4432433
COc1ccc(C(CN(C)C)C2(O)CCCCC2)cc1,1.3396556
O=C(NCCCCCCNCCc1ccc(O)c2nc(O)sc12)Nc1ccccc1,1.6742024
COc1cc(C)c(S(=O)(=O)N(C)CCOCC(=O)N2CCC(C3CCN(C)CC3)CC2)c(C)c1,0.20937681
Cc1cc(NS(=O)(=O)c2ccc(N)cc2)no1,0.08639121
CN[C@@H](C)C(=O)N[C@H](C(=O)N[C@H]1CCCN(S(=O)(=O)Cc2ccccc2)C1)C(C)(C)C,1.4865122
CCC(c1nc2ncccc2c(=O)n1Cc1ccccc1)N(CCCN)C(=O)c1ccc(C)cc1,0.50488377
CCN1CCN(Cc2ccc(-c3cc4c(N[C@H](C)c5ccccc5)ncnc4[nH]3)cc2)CC1,3.2345624
Cn1cncc1-c1c2c(=O)n(CC3CC3)c(=O)n(CC3CC3)c2nn1Cc1ccnc2ccc(Cl)cc12,3.8807557
c1ccc2[nH]c(-c3cscn3)nc2c1,2.5141702
Cc1onc(-c2ccccc2)c1-c1ccc(S(N)(=O)=O)cc1,2.733747
O=C(Nc1ccc(N2CCOCC2)nc1)c1nnc(Nc2cccc(OCc3cccnc3)c2)o1,3.1231418
CCNC(=O)c1cc2c(-n3ccc(C(F)(F)F)n3)c(-c3cnc(OC)c(-c4n[nH]c(=O)o4)c3)cnc2[nH]1,2.4543853
CCNC(=O)c1cc2c(-n3ccc(C(F)(F)F)n3)c(-c3cc(-c4n[nH]c(=O)o4)cnc3OC)cnc2[nH]1,2.4485736
CCNC(=O)c1cc2c(-n3ccc(C(F)(F)F)n3)c(-c3cncc(-c4n[nH]c(=O)o4)c3)cnc2[nH]1,1.8762043
COc1ccc(/C=C2/CCc3ccccc3C2=O)cc1CN1CCOCC1,3.4865713
NC1(c2ccc(-c3ncc4ncccc4c3-c3ccccc3)cc2)CCC1,2.1963413
CC(O)(C(=O)Nc1ccc(S(=O)(=O)c2ccncc2)cc1)C(F)(F)F,1.8649604
C[C@H](NC(=O)c1cccc2c1N(Cc1ccc(Cl)cc1)CC2)c1ccc(C(=O)O)cc1,1.6639063
CC(=O)Nc1ccccn1,0.5531782
CCc1cc(C(N)=S)ccn1,0.769117
Cc1ncc(CO)c(CO)c1O,-0.2789302
Cc1cc(C)nc(N)c1,1.1860607
CC(C)NNC(=O)c1ccncc1,-0.39305353
NNC(=O)c1ccncc1,-0.8780823
COc1cc(-c2ccc(Nc3ccccc3C(=O)O)c(OC)c2)ccc1Nc1ccccc1C(=O)O,1.1774715
CC(C)(C)C(O)/C(=C\c1ccc(Cl)cc1Cl)n1cncn1,3.5983646
Cc1nc2ncnn2c(O)c1CCOC(=O)c1c(F)cccc1F,0.79861236
Cc1nc2ncnn2c(O)c1CCOC(=O)c1ccccc1F,0.84562874
CC(C)[C@@H](CN1CCCCC1)N(C)C(=O)Cc1ccc(Cl)c(Cl)c1,3.1391115
O=C1CCOc2nc(OCc3ccccc3)ccc21,3.0269396
O=C(Nc1ccc(N2CCOCC2)cc1)c1nnc(NC(=O)C2(c3ccc(Cl)cc3)CCCC2)o1,3.236054
CCN(CC)C(=O)c1ccc(C(c2cccc3cccnc23)N2CCNCC2)cc1,0.8591372
C[C@@H]1CN(C(=O)OC(C)(C)C)CCN1c1ncc(OCc2ccc(S(C)(=O)=O)cn2)cn1,2.7485275
O=C1CC(c2ccc(O)cc2)Oc2cc(O)ccc21,2.5334601
O=C1CC(c2ccc(O)cc2)Oc2cc(O)cc(O)c21,2.4468033
O=C(O)c1ccc(-c2nnn(Cc3ccccc3F)n2)cc1,-0.05497861
CN(C)CC(O)COc1ccc(Nc2nccc(Nc3cc(Cl)ccc3Cl)n2)cc1,2.7132266
Cc1cnc(Nc2ccc(OCC(O)CN(C)C)cc2)nc1Nc1ccccc1,1.8652803
c1ccc(Nc2ccnc(Nc3ccccc3)n2)cc1,3.5407162
Cc1ccc(F)c(Nc2ccnc(Nc3ccc(OCC(O)CN(C)C)cc3)n2)c1,2.1603832
CN(C)CC(O)COc1ccc(Nc2nccc(Nc3ccc(Cl)cc3)n2)cc1,2.4005935
C#CCN(c1ccnc(Nc2ccc(OCC(O)CN(C)C)cc2)n1)c1cc(Cl)ccc1Cl,3.1332858
Cc1ccc(F)c(Nc2ccnc(Nc3ccc(S(N)(=O)=O)cc3)n2)c1,3.1892397
CN(C)CC(O)COc1ccc(Nc2nccc(Nc3cccc(Cl)c3)n2)cc1,2.4013145
Cc1ccc(Cl)c(Nc2ccnc(Nc3ccc(OCC(O)CN(C)C)cc3)n2)c1,2.4972835
O=C(O)c1ccc(Nc2ncc(Br)c(Nc3ccccc3)n2)cc1,1.9355772
CN(C)CC(O)COc1ccc(Nc2ncc(Cl)c(Nc3ccccc3)n2)cc1,2.3226688
CN(C)CC(O)COc1ccc(Nc2nccc(Nc3ccccc3)n2)cc1,1.6277055
CN(C)CC(O)COc1ccc(Nc2nccc(Nc3ccccc3C#N)n2)cc1,1.3491995
CN(C)CC(O)COc1ccc(Nc2nccc(N(CC#N)c3cc(Cl)ccc3Cl)n2)cc1,2.4798043
COc1ccnc(NC2CCN(C(=O)c3ccc(Cl)cc3)CC2)c1,2.9047296
COc1ccnc(NC2CCN(C(=O)c3ccccc3)CC2)c1,2.0499637
COc1ccnc(NC2CCN(C(=O)c3ccc(C#N)cc3)CC2)c1,1.7876129
N=C(N)Nc1cc(Cl)nc(-c2ccccc2)n1,0.6729342
COc1cc2ncc(C(N)=O)c(Nc3ccc(F)cc3F)c2cc1NCCN1CCOCC1,2.5655303
Clc1ccc(Nc2nnc(Cc3ccncc3)c3ccccc23)cc1,3.5606403
C[C@@H](O)[C@H]1C(=O)N2C(C(=O)OCOC(=O)C(C)(C)C)=C(SC3CN(C4=NCCS4)C3)[C@H](C)[C@H]12,1.6518085
CCC(=O)N[C@H]1CC[C@@H](C(=O)N(C)c2ccc(-c3nc4ccccc4o3)cc2)C1,3.3318095
CC(C)NCC(O)COc1ccc(CCOCC2CC2)cc1,0.6244626
COc1cccc(NC(=O)c2cccc(Cc3c(C)nn(CCO)c3-c3ccccc3)c2)c1,3.5071712
Cc1cc2n[nH]c(=O)n2c2cc(-c3cccc(CO)c3)ccc12,3.180851
Cc1cc2n[nH]c(=O)n2c2cc(-c3ccc(CO)cc3)ccc12,3.1327612
Cc1cc2n[nH]c(=O)n2c2cc(-c3ccccc3CO)ccc12,3.1731296
CO[C@@H](C(=O)N1Cc2n[nH]c(NC(=O)c3ccc(N4CCN(C)CC4)cc3)c2C1)c1ccccc1,1.8606321
C[C@]12CC[C@@H]3c4ccc(O)cc4CC[C@H]3[C@@H]1CC[C@@H]2O,3.2546654
Cc1ccc(S(=O)(=O)N2N=Cc3oc(C)cc3B2O)cc1,-0.23549414
O=C(N[C@@H](Cc1ccc(OCCNc2nc3ccccc3[nH]2)cc1)C(=O)O)c1c(Cl)cccc1Cl,0.32634544
Cc1cc(C)nc(SCC(=O)Nc2cc(C)on2)n1,1.7971792
Fc1ccc(-c2ncn(C3CCNCC3)c2-c2ccncc2)cc1,0.27663577
C[C@@H]1CN(c2nc(C(F)(F)F)no2)CCN1c1ncc(OCc2ccncc2C#N)cn1,3.2790413
CC(C)c1noc(N2CCN(c3ncc(OCc4ccncc4C#N)cn3)[C@H](C)C2)n1,3.3621545
CN1CCN(S(=O)(=O)c2ccc(-c3cnc(N)c(C(=O)Nc4cnccc4CN4CCCC4)n3)cc2)CC1,2.3602514
O=c1[nH]n(C(c2ccncc2)C2CC2)c(=O)c2c(O)c3ccc(Cl)cc3nc12,0.7385751
O=S(=O)(Nc1nc(-c2sccc2Cl)cs1)c1cc(Cl)ccc1Cl,2.9142916
COc1cc(F)ccc1-c1cncc(CNC(C)C)c1,1.4270926
CCCC(=O)NCc1cncc(-c2ccc(F)cc2OC)c1,2.626919
CCCSc1c(C(=O)NC2CCCCC2)cnn1[C@H]1CC[C@H](C(=O)O)CC1,1.0920843
CCCSc1c(C(=O)NC2CCCCC2)cnn1[C@H]1CC[C@@H](C(=O)O)CC1,1.2045856
Cc1cn([C@H]2CCCN(S(=O)(=O)c3ccc(O)c(Oc4ccc(Cl)cc4)c3)C2)c(=O)[nH]c1=O,2.0176098
Cc1cn([C@H]2CCCN(S(=O)(=O)c3ccc(O)c(Oc4cccc(F)c4)c3)C2)c(=O)[nH]c1=O,1.5224972
Cc1cn([C@H]2CCCN(S(=O)(=O)c3ccc(O)c(Oc4ccccc4)c3)C2)c(=O)[nH]c1=O,1.2759781
Cc1cn([C@H]2CCCN(S(=O)(=O)c3ccc(O)c(Oc4cccc(Br)c4)c3)C2)c(=O)[nH]c1=O,2.1448855
Cc1cn([C@H]2CCCN(S(=O)(=O)c3ccc(CO)c(Oc4cccc(Cl)c4)c3)C2)c(=O)[nH]c1=O,2.2175438
COc1ccc(S(=O)(=O)N2CCC[C@H](n3cc(C)c(=O)[nH]c3=O)C2)cc1Oc1cccc(Cl)c1,2.6402655
Cc1cn([C@H]2CCCN(S(=O)(=O)c3ccc(C(=O)O)c(Oc4ccc(Cl)c(Cl)c4)c3)C2)c(=O)[nH]c1=O,-0.09924388
Cc1cn([C@H]2CCCN(S(=O)(=O)c3ccc(O)c(Oc4cccc(C(F)(F)F)c4)c3)C2)c(=O)[nH]c1=O,2.1409292
Cc1cn([C@H]2CCCN(S(=O)(=O)c3cccc(Oc4ccccc4)c3)C2)c(=O)[nH]c1=O,2.0467212
Cc1cn([C@H]2CCCN(S(=O)(=O)c3ccc(O)c(Oc4cc(F)cc(Cl)c4)c3)C2)c(=O)[nH]c1=O,2.2397037
Cc1cc(Oc2cc(S(=O)(=O)N3CCC[C@H](n4cc(C)c(=O)[nH]c4=O)C3)ccc2O)ccc1Cl,2.484007
Cc1cn([C@H]2CCCN(S(=O)(=O)c3ccc(C(=O)O)c(Oc4cccc(Cl)c4)c3)C2)c(=O)[nH]c1=O,-0.6948838
Cc1cn([C@H]2CCCN(S(=O)(=O)c3ccc(C(N)=O)c(Oc4cccc(Cl)c4)c3)C2)c(=O)[nH]c1=O,1.5719435
N#Cc1ccc(-c2csc(Nc3ccc(O)cc3)n2)cc1,3.4955459
CN1Cc2c(N)cccc2C(c2ccccc2)C1,1.9098057
CN1Cc2c(N)cccc2[C@@H](c2ccccc2)C1,1.703484
CN1Cc2c(N)cccc2[C@H](c2ccccc2)C1,1.8705481
CN1Cc2ccccc2C(c2ccc(Cl)cc2)C1,3.2666206
CN(C)C(=O)N[C@H]1CC[C@H](CCN2CCN(c3ccc(Cl)c(Cl)c3)CC2)CC1,3.212721
CN(C)C(=O)N[C@H]1CC[C@H](CCN2CCN(c3ccc(Cl)cc3)CC2)CC1,2.6354792
CN(C)C(=O)N[C@H]1CC[C@H](CCN2CCN(c3cccc(Cl)c3Cl)CC2)CC1,3.1021838
Cc1cc2c(C(C)C)c(O)c(O)c(C=O)c2c(O)c1-c1c(C)cc2c(C(C)C)c(O)c(O)c(C=O)c2c1O,2.6872928
NC(=O)c1cccc(OC2CCN(Cc3ccccc3)CC2)c1,2.1272361
Nc1nnc(CCSCCc2nnc(NC(=O)Cc3ccccc3)s2)s1,1.7812595
N#Cc1ccc2c(c1)NC(=O)C2c1ncnc2cc(OCCCN3CCOCC3)ccc12,2.021294
O=C(NC[C@@H](O)CN1CCC(Oc2ccc(Cl)c(Cl)c2)CC1)c1c[nH]c(=O)c2cc(S(=O)(=O)NC3CC3)ccc12,3.1745498
C[C@@H]1CN(C(=O)OC(C)(C)C)CCN1c1ncc(OCc2ccc(C#N)cc2)cn1,3.646629
C[C@H]1CN(C(=O)OC(C)(C)C)CCN1c1ncc(OCc2ccc(S(C)(=O)=O)cc2)cn1,3.3833547
CC(C)(C)OC(=O)N1CCN(c2ncc(OCc3ccc(S(C)(=O)=O)cc3)cn2)CC1,3.0952044
C[C@@H]1CN(C(=O)OC(C)(C)C)CCN1c1ncc(OCc2ccc(S(C)(=O)=O)cc2F)cn1,3.5181046
C[C@@H]1CN(C(=O)OC(C)(C)C)CCN1c1ncc(OCc2ccc(S(C)(=O)=O)cc2)cn1,3.378623
C[C@@H]1CN(C(=O)OC(C)(C)C)CCN1c1ncc(OCc2ccc(S(C)(=O)=O)cc2C#N)cn1,3.2112455
Cc1cnc(Nc2ccc(OCCN3CCCC3)cc2)nc1Nc1cccc(S(=O)(=O)NC(C)(C)C)c1,2.6994436
O=C1CCOc2nc(COc3ccccc3)ccc21,2.5092502
O=C(O)COc1ccc(Cl)cc1C1CCCCC1,0.7999228
Cc1ccc(NC(=O)c2cccc(N3CCOCC3)c2)cc1NC(=O)c1ccc(OCc2ccccn2)cc1,3.3347266
COc1cc(C(=O)O)ccc1Cn1ccc2ccc(NC(=O)OC3CCCC3)cc21,1.9272444
CNC1CCN(c2ccc(NC(=O)c3ccc(-c4ccccc4)cc3)cn2)C1,2.4056814
COc1ccc(C(=O)NCc2cccnc2)cc1C(=O)NCc1cccnc1,1.3182416
COC(=O)N1CCN(c2ccnc(-n3ccnc3)n2)C(CC(=O)NCc2ccc3c(c2)OCO3)C1,1.931271
CC(C)(C)OC(=O)N1CCN(c2ncc(OCc3ccc(S(C)(=O)=O)cc3)nn2)CC1,2.3970845
O=c1cc(O)oc2c1c(=O)n(-c1ccccc1)c1ccccc21,1.4799695
CN[C@@H](C)C(=O)N[C@H](C(=O)N1CC[C@H]2CCN(CCc3ccccc3)C[C@H]21)C1CCCCC1,1.7453424
Cc1ccc2c(N)c(C#N)sc2n1,2.320559
CCc1c(C)nc2sc(C(N)=O)c(N)c2c1C,2.8242502
CN(C)c1ccnc2sc(C(N)=O)c(N)c12,1.6768075
C(#Cc1n[nH]c2ccccc12)c1ccccc1,3.802865
O=C(NCCN1CCCC1)c1ccc(Nc2ncc3cc(-c4ccncc4)ccc3n2)cc1,2.3634841
Cc1ccc(F)cc1S(=O)(=O)N[C@@H]1CCN(Cc2ccc(-c3ccccc3)cc2)C1,3.6929517
CCN[C@H]1C[C@H](C)S(=O)(=O)c2sc(S(N)(=O)=O)cc21,0.23921812
Clc1ccc([C@]23CNC[C@H]2C3)cc1Cl,1.6308
CCCNC(=O)c1nnc2c(-c3cnc(OC)nc3OC)cccc2c1N,2.9569817
CCN(CC)CCCC(C)Nc1c2ccc(Cl)cc2nc2ccc(OC)cc12,2.8356824
COc1ccc2nc3ccccc3c(N)c2c1,2.1408837
C[C@H]1CN(C(=O)c2cc3c(C(=O)C(=O)N(C)C)cn(C)c3cc2Cl)[C@H](C)CN1Cc1ccc(F)cc1,3.0741224
Nc1ccc(C2(c3ccc(N)cc3)CCCCC2)cc1,2.822603
Nc1nc2ccc(-c3cccc(O)c3)cc2s1,3.262364
Cc1ncsc1CCOCCCS(=O)(=O)CCNCCc1ccc(O)c2nc(O)sc12,1.4605548
CNC(=O)c1ccccc1Sc1ccc2c(/C=C/c3ccccn3)n[nH]c2c1,3.4734669
Cc1ccc(NC(=O)c2ccnc(N3CCOCC3)c2)cc1NC(=O)c1ccc(OCc2ccccn2)cc1,3.2622275
COc1c(N2CCO[C@@H](CN(C)C)C2)c(F)cc2c(=O)c(C(=O)O)cn(C3CC3)c12,-0.46711063
O=c1cc(N2CCOCC2)nc2c3ccccc3ccn12,2.1374283
Nc1ccc(C(=O)Nc2cccc(-c3nc(N4CCOCC4)c4oc5ncccc5c4n3)c2)cn1,3.477314
CN(C)CCC=C1c2ccccc2C=Cc2ccccc21,2.810859
Cn1c(=O)c2[nH]cnc2n(C)c1=O,-0.42699814
Cn1c(=O)c2c(ncn2C)n(C)c1=O,-0.28390074
Cn1c(=O)c2c(ncn2CC(O)CO)n(C)c1=O,-1.1655474
CC(=O)CCCCn1c(=O)c2c(ncn2C)n(C)c1=O,0.5162271
NC1(c2ccc(-c3c(-c4ccccc4)ccn4ccnc34)cc2)CCC1,2.177637
Cc1cc(=O)n(-c2ccccc2)n1C,0.4352671
Cc1c(N(C)C)c(=O)n(-c2ccccc2)n1C,0.8136836
O=C(CN1CCOCC1)Nc1ccc(-c2cccc3c(=O)cc(N4CCOCC4)oc23)cc1-c1ccccc1,3.440978
COC(=O)N1CCN(C(=O)Cc2ccc(Cl)c(Cl)c2)[C@@H](CN2CCCC2)C1,2.1438684
COC(=O)N1CCN(C(=O)Cc2ccc(Cl)c(Cl)c2)[C@H](CN2CCCC2)C1,2.0212085
O=S(=O)(Nc1nc(-c2ccccc2)nn1Cc1ccccc1)c1ccccc1,1.5718174
COc1ccc(-c2cc(N)n3ncc(C#N)c3n2)cc1,2.2215202
N#Cc1cnn2c(N)cc(-c3ccccc3)nc12,2.1867695
N#Cc1cnn2c(N)cc(-c3ccc(F)cc3)nc12,2.4217508
Oc1cc(-c2ccccc2)nc2ccnn12,1.2024424
CC(C)C(NC(=O)Cn1c(-c2ccccc2)ccc(NC(=O)NCc2ccncc2)c1=O)C(=O)C(F)(F)F,2.4840245
N#CC1(NC(=O)[C@@H]2CCCC[C@H]2C(=O)N2CCN(c3nc4c(s3)COCC4)CC2)CC1,1.4282513
CC1(C)COCc2sc(N3CCN(C(=O)[C@@H]4CCCC[C@H]4C(=O)NC4(C#N)CC4)CC3)nc21,2.3542387
CCC(C)(C)C(=O)O[C@H]1C[C@@H](C)C=C2C=C[C@H](C)[C@H](CC[C@@H]3C[C@@H](O)CC(=O)O3)[C@H]21,3.626658
Nc1ccc2cccc(Nc3ncccn3)c2n1,2.165969
COc1ccc(Cc2c(N)n[nH]c2N)cc1,0.7461288
O=C(NC[C@@H](O)CN1CCC(Oc2ccc(Cl)c(Cl)c2)CC1)c1cnnc2ccccc12,3.3280072
COc1cc(Nc2cc(Oc3cccnc3)ccn2)cc(OC)c1OC,2.6899757
Cc1ccc(Oc2ccnc(Nc3ccc(S(N)(=O)=O)cc3)c2)c(C)n1,2.466298
COc1cc(Nc2cc(Oc3cccnc3C)ccn2)cc(OC)c1OC,2.9293828
COc1cc(Nc2cc(Oc3ccc(C)nc3)ccn2)cc(OC)c1OC,3.049626
CCCN(CCO)CCCOc1ccc2c(Nc3cc(CC(=O)Nc4cccc(F)c4F)[nH]n3)ncnc2c1,2.2392392
COc1cc2c(Nc3cc(CC(=O)Nc4cccc(F)c4F)[nH]n3)ncnc2cc1OCCCN(CCO)CC(C)C,2.639426
CCN(CCO)CCCOc1cc2ncnc(Nc3cc(CC(=O)Nc4cccc(F)c4F)[nH]n3)c2cc1OC,1.8662705
CCCN(CCO)CCCOc1cc2ncnc(Nc3cc(CC(=O)Nc4cccc(F)c4F)[nH]n3)c2cc1OC,2.0988588
CCN(CCO)CCCOc1cc2ncnc(Nc3cc(CC(=O)Nc4cccc(F)c4)[nH]n3)c2cc1OC,1.77808
CCOC(=O)c1ccc(COCC2CCN(c3ccc(C)nn3)CC2)cc1,3.3433104
Nc1nc(SCc2ccccc2)nc2c1ncn2[C@@H]1O[C@H](CO)[C@@H](O)[C@H]1O,1.4986409
CC(=O)NC1CC2CCCC(C1)N2C(=O)Nc1ccc(Cl)c(C(F)(F)F)c1,3.3866963
COc1cc2c(Nc3cccc(Cl)c3Cl)c(C(N)=O)cnc2cc1NCCN(C)C,2.4678586
COc1cc(Nc2c(C#N)cnc3cc(OC)c(OC)cc23)cc(OC)c1,3.1692948
COc1cc2ncc(C(N)=O)c(Nc3cccc(F)c3F)c2cc1OC,2.9138887
COc1cc2ncc(C(N)=O)c(Nc3cccc(Cl)c3Cl)c2cc1OC,3.2809706
COc1cc2c(Nc3ccc(F)c(Cl)c3)c(C(N)=O)cnc2cc1OCCN(C)CCO,2.4158878
COCCOc1cc2nccc(Nc3cc(O)c(Cl)cc3F)c2cc1OC,3.2898302
COc1cc2ncc(C(N)=O)c(Nc3ccccc3F)c2cc1OC,2.6764212
COc1cc2c(Nc3ccc(F)cc3F)c(C(N)=O)cnc2cc1NCCN(C)C,1.7305402
COc1cc2ncc(C(N)=O)c(Nc3ccc(F)cc3F)c2cc1OC,2.938468
c1ccc(Nc2ccnc3ccccc23)cc1,3.062805
COc1cc2ncc(C(N)=O)c(Nc3ccc(F)cc3F)c2cc1NCCN(C)C,1.7380401
COc1cc2ncc(C(N)=O)c(Nc3ccccc3C)c2cc1OC,2.7989001
COc1cc2ncc(C(N)=O)c(Nc3cc(F)ccc3F)c2cc1OC,2.9105723
COc1cc2ncc(C(N)=O)c(Nc3cccc(Cl)c3)c2cc1OC,3.240252
O=C(OCC(O)CO)c1ccccc1Nc1ccnc2cc(Cl)ccc12,2.4892857
COc1cc2ncc(C(N)=O)c(Nc3ccc(F)c(Cl)c3)c2cc1OC,3.313737
COc1cc2ncc(C(N)=O)c(Nc3ccc(C)cc3F)c2cc1OC,3.1446605
COc1cc2ncc(C(N)=O)c(Nc3cccc(Cl)c3F)c2cc1OC,3.2520978
COc1cc2ncc(C(N)=O)c(Nc3cc(C)ccc3F)c2cc1OC,3.130252
CCN(CC)Cc1cc(Nc2ccnc3cc(Cl)ccc23)ccc1O,3.1122706
COc1cc2ncc(C(N)=O)c(Nc3ccccc3Cl)c2cc1OC,2.983558
COc1cc2ncc(C(N)=O)c(Nc3ccc(F)cc3)c2cc1OC,2.8720093
CN1CCN(c2ccc(Nc3ccnc4ccccc34)cc2)CC1,2.4596121
CC(C)Cn1c(=O)n(C)c(=O)c2c(C(=O)N3CC[C@@H](O)C3)c(Cc3cccc4ncccc34)sc21,1.8021934
COc1ccc2c(C)cc(N[C@H]3CC[C@H](NCc4cn(C)c5ccccc45)C3)nc2c1,3.3556314
Cc1ncc(-c2ccnc(Nc3ccc(S(=O)(=O)CC4CCCO4)cc3)n2)n1C(C)C,3.1577358
O=S(=O)(c1ccccc1-c1ccc(CNC2CCOCC2)cc1)N1CCCC1,1.6486973
COc1cc(OC)c2nc(C)c3c(c2c1)N(c1ccc(O)cc1)CC3,3.1427965
COc1ccc(CN2C(=O)CCC2(C)C(=O)NC2CCCCC2)c(OC)c1,2.3341982
Cc1ccc(CO)cc1N(C)c1ccnc(Nc2cc(N3CCOCC3)nc(N3CCOCC3)c2)n1,3.4239123
Cc1c(-c2ccc3c(c2)OCO3)c(=O)n(C[C@H](N)c2ccccc2)c(=O)n1Cc1c(F)cccc1F,3.0367937
O=c1[nH]n(C(c2ccccc2)c2ccncc2)c(=O)c2c(O)c3ccc(Cl)cc3nc12,1.1198105
NC(=O)c1sc(-c2ccsc2)cc1NS(=O)(=O)c1ccc(C(F)(F)F)cc1,2.6896935
COc1ccc(CC(=O)Nc2nc3ccccc3[nH]2)cc1,3.0664074
Clc1ccccc1CNC[C@H]1CC[C@H](CNCc2ccccc2Cl)CC1,2.6444337
Cc1ccc(S(=O)(=O)Nc2ccc(/C=C/C(=O)Nc3ccccc3N)cc2)cc1,3.085743
COc1ccc(S(=O)(=O)Nc2ccc(/C=C/C(=O)Nc3ccccc3N)cc2)cc1OC,2.4191935
Clc1ccc(C2(c3ccc(-c4cn[nH]c4)cc3)CCNCC2)cc1,1.813816
Cc1cc(C(C)Nc2ccccc2)c2nc(N3CCOCC3)cc(=O)n2c1,3.0870905
N#Cc1ccccc1Oc1ccc(C(=O)NCc2ccncc2)cc1,2.471398
O=C(NCc1ccncc1)c1ccc(Oc2ccccc2)cc1,2.9252315
Cc1ccc(Oc2ccc(C(=O)NCc3ccncc3)cc2)cc1,3.338022
CN1CCN(CC(=O)N2c3ccccc3C(=O)Nc3cccnc32)CC1,0.4490658
O=C(O)c1cncc(-c2cnc3[nH]c(C(=O)NC4CC4)cc3c2-n2ccc(C(F)(F)F)n2)c1,-0.6353841
CS(=O)(=O)c1ccc(C(CCNC(=O)c2ccc(C#N)cc2)c2ccc(F)cc2)cc1,2.6370556
Nc1ccc2[nH]c(Cc3ccc(Oc4ccccc4)cc3)nc2c1,3.4154463
CCOC(=O)C1(c2cccc(O)c2)CCCN(CC2CC2)C1,1.6893485
CCc1cc(OCc2ccc(-c3ccccc3-c3nn[nH]n3)cc2)c2c(n1)CCCC2,2.8689945
CC(C)Cn1c(=O)n(C)c(=O)c2c(C(=O)N3C[C@H](O)[C@H](O)C3)c(Cc3ccnc4ccccc34)sc21,1.6031011
CC(C)Cn1c(=O)n(C)c(=O)c2c(C(=O)N3CC[C@@H](O)C3)c(Cc3ccnc4ccc(F)cc34)sc21,2.0709808
CC(C)Cn1c(=O)n(C)c(=O)c2c(C(=O)N3CC[C@@H](O)C3)c(Cc3ccnc4ccccc34)sc21,1.8090327
COc1cc2ncnc(Nc3cc4ccccc4cn3)c2cc1OC,3.412397
Cc1cc(Nc2ncc(F)c(N[C@H]3[C@@H](C(N)=O)[C@@H]4C=C[C@H]3C4)n2)ccc1N1CCN(C)CC1,2.7911081
C#CC[C@@H](C(=O)N[C@H](/C=C/C(=O)OCC)C[C@@H]1CCNC1=O)n1cccc(NC(=O)c2cc(C)on2)c1=O,1.1135974
CC(C)C(NC(=O)Cn1c(-c2cccs2)ncc(N)c1=O)C(=O)C(F)(F)F,0.8247837
CC(C)C(NC(=O)Cn1c(-c2cccs2)ncc(NC(=O)OCC(F)(F)F)c1=O)C(=O)C(F)(F)F,1.9780554
CN1CCN(CC(=O)Nc2ccc(-c3cccn4c(=O)cc(N5CCOCC5)nc34)c3sc4ccccc4c23)CC1,2.9955606
COCCN1CCN(CC(=O)Nc2ccc(-c3cccn4c(=O)cc(N5CCOCC5)nc34)c3sc4ccccc4c23)CC1,3.1396194
CC(=O)NC1CC(C)N(C(=O)c2ccccc2)c2ccccc21,1.9351562
Cc1ccc(NC(=O)c2cccc(N(C)C)c2)cc1C(=O)Nc1cccnc1,2.6988802
COc1cncc(NC(=O)c2cc(NC(=O)c3cccc(C(C)(C)C#N)c3)ccc2C)c1,3.2667637
Cc1ccc(NC(=O)c2cccc(OCC(C)C)c2)cc1C(=O)Nc1cccnc1,3.5443835
Nc1ncc(NC(=O)c2cc(NC(=O)c3cccc(C(F)(F)F)c3)ccc2Cl)cc1Cl,3.4173224
Cc1ccc(NC(=O)c2ccc(Cl)c(C(F)(F)F)c2)cc1C(=O)Nc1cccnc1,3.6083364
N[C@H]1CCN(c2c(Cl)cccc2/C=C2\SC(=O)NC2=O)C1,1.5166001
O=C1C(=O)c2cccnc2-c2ccccc21,2.163269
C[C@@H](NC(=O)C1CCCCN1C)c1ccc(Nc2ncc3cc(-c4ccncc4)ccc3n2)cc1,2.7497432
C[C@@H](NC(=O)[C@H]1CCCCN1)c1ccc(Nc2ncc3cc(-c4ccncc4)ccc3n2)cc1,2.55438
COc1cc2c(Nc3ccc(NC(=O)c4ccccc4)cc3)ncnc2cc1OCCCN1CCOCC1,3.225191
CC(C)Oc1cc(-n2cnc3cnc(N[C@@H](C)c4ncc(F)cn4)nc32)n[nH]1,2.3188953
Nc1ncnc2nc(-c3ccc(N4CCOCC4)nc3)cc(-c3cccc(Br)c3)c12,3.4527895
Cc1cc(Nc2ccccc2)n(CCC#N)n1,1.8036757
Cc1ccc(C(=O)c2ccc(CC(=O)O)n2C)cc1,-0.3066182
COc1cc(N2CCN(C(C)=O)CC2)ccc1Nc1ncc(Cl)c(-c2cnc3cc(N4CCCC4)ccn23)n1,3.5564125
Cn1c(=O)n(Cc2ccc(Br)cc2)c2ccccc21,3.4262128
Cc1ccnc2nc(C(=O)Nc3nccs3)nn12,0.7743505
Cc1cccc(NS(=O)(=O)c2ccc(-c3ccc(C#N)cc3)cc2)n1,2.5730164
N#Cc1ccc(-c2ccc(S(=O)(=O)Nc3cccc(N)n3)cc2)cc1,1.8628614
COc1ccc(-c2nc3c(NCCCNC(=O)C4CCCC4)c(C(N)=O)cnc3[nH]2)cc1,2.5394387
O=C(O)c1ccc2c(c1)nc(Nc1cccc(Cl)c1)c1ccncc12,1.6871876
O=c1[nH]n(Cc2ccccn2)c(=O)c2c(=O)c3ccc(Cl)cc3[nH]c12,0.45412993
O=C(COCc1ccccn1)N1CCN(c2ccc(Cl)cc2Cl)CC1,3.1215463
COc1cc2ncnc(Nc3ccc(F)c(Cl)c3)c2cc1OCCN1CCCC1,3.1932755
COc1ccc(NC(=O)c2ccnc(N)n2)cc1,1.6818826
O=C(O)C(c1ccccc1)N1CCCC(CN2CCC(Oc3ccc(Cl)c(Cl)c3)CC2)C1,2.2647247
Cc1ncc(-c2ccnc(Nc3ccc(C(=O)NC4CC4)cc3)n2)n1C(C)C,3.0506175
Clc1ccc2c(c1Nc1ccnc(Nc3cc(N4CCOCC4)cc(N4CCOCC4)c3)n1)OCO2,3.2395935
Cc1ccc(S(=O)(=O)Nc2c(C(=O)N[C@H](C)C(C)(C)C)c(C)nn2-c2ccccc2)cc1,0.95773995
Cc1ccc(S(=O)(=O)Nc2c(C(=O)NCC(C)(C)C)c(C)nn2-c2ccccc2)cc1,1.4639378
CCC(CC)NC(=O)c1c(C)nn(-c2ccccc2)c1NS(=O)(=O)c1ccc(C)cc1,0.8499484
Cc1nn(-c2ccc(F)cc2)c(NS(=O)(=O)c2ccc(C#N)cc2)c1C(=O)N[C@@H](C)C(C)(C)C,0.5036669
Cc1ccc(S(=O)(=O)Nc2c(C(=O)NC(C)C(C)(C)C)c(C)nn2-c2ccccc2)cc1,0.8593143
Cc1ccc(S(=O)(=O)Nc2c(C(=O)N[C@@H](C)C(C)(C)C)c(C)nn2-c2ccccc2)cc1,1.0827773
Cc1ccc(S(=O)(=O)Nc2c(C(=O)N[C@@H](C)C(C)(C)C)c(C(F)(F)F)nn2-c2ccccc2)cc1,1.7488794
CCC(CC)NC(=O)c1cnn(-c2ccccc2)c1NS(=O)(=O)c1ccc(C)cc1,0.8767022
Cc1nn(-c2ccc(F)cc2)c(NS(=O)(=O)c2ccc(C(F)(F)F)cc2)c1C(=O)N[C@@H](C)C(C)(C)C,1.7695612
CCC(C)NC(=O)c1c(C)nn(-c2ccccc2)c1NS(=O)(=O)c1ccc(C)cc1,0.46308696
Cc1ccc(S(=O)(=O)Nc2c(C(=O)NC(C)C)c(C)nn2-c2ccccc2)cc1,0.5595585
CNC(=O)c1cnn(-c2ccccc2)c1NS(=O)(=O)c1ccc(C)cc1,0.052778482
CCC(CC)NC(=O)c1cnn(-c2ccccc2Cl)c1NS(=O)(=O)c1ccc(C)cc1,1.1571782
CC(C)(C)OC(=O)N1CCN(c2ccc(OCc3ccc(S(C)(=O)=O)cc3)nc2)CC1,3.3115888
CCN(CC)c1ccc(-c2nn3c(-c4[nH]nc5c4CCC5)nnc3s2)cc1,3.383408
C[C@@H]1c2c([nH]c3ccc(C(F)(F)F)cc23)C[C@@H]2CCN(CCN3CCOCC3)C[C@H]21,3.0185366
CCNC(=O)c1cc2c(-n3ccc(C(F)(F)F)n3)c(-c3cncc(C(=O)NC)c3)cnc2[nH]1,2.0157216
CCCNC(=O)c1cc2c(-n3ccc(C(F)(F)F)n3)c(-c3cncc(C(=O)O)c3)cnc2[nH]1,-0.53924155
CCNC(=O)c1cc2c(-n3ccc(C(F)(F)F)n3)c(-c3cncc(C(N)=O)c3)cnc2[nH]1,1.9565979
CCNC(=O)c1cc2c(-n3ccc(C(F)(F)F)n3)c(-c3cncc(C#N)c3)cnc2[nH]1,2.3436208
CC(C)NC(=O)c1cc2c(-n3ccc(C(F)(F)F)n3)c(-c3cncc(C(=O)O)c3)cnc2[nH]1,-0.55379725
CCNC(=O)c1cc2c(-n3ccc(C(F)(F)F)n3)c(-c3cncc(C(=O)O)c3)cnc2[nH]1,-0.67498183
CCNC(=O)c1cc2c(-n3nc(C(F)(F)F)cc3C)c(-c3cncc(C(=O)O)c3)cnc2[nH]1,-0.64696383
CN1C(=O)CC(c2ccccc2)C1=O,0.948452
Nc1c2c(nc3c(-c4ncccn4)cccc13)CN(C1CCC1)C2=O,1.8784275
COc1ccc(CNCc2ccc(-c3cc(C(N)=O)c(NC(N)=O)s3)cc2)cc1,1.9509461
O=C(Nc1ccc(N2CCOCC2)cn1)c1nnc(Nc2ccccc2F)o1,2.1916842
CCC1(c2ccccc2)NC(=O)N(C)C1=O,1.6005039
CCN1C(=O)NC(c2ccccc2)C1=O,1.3378047
Cc1ccc(CN2C(=O)CCSc3ccc(Cl)cc32)cc1,3.5518749
Cc1cc(Nc2nc(O[C@H](C)c3ccc(F)cn3)c(C#N)nc2C)n[nH]1,2.715801
Cc1cc(Nc2nc(O[C@@H](C)c3ccc(F)cn3)c(C#N)nc2C)n[nH]1,2.527606
Nc1nc(-c2ccccn2)nc(N)c1Cc1ccccc1F,2.4417722
O=C(Nc1ccc(Cl)c(Cl)c1)N1CCN(C[C@@H]2CCCN(Cc3ccccc3)C2)CC1,3.3793373
FC(F)(F)c1cc(CO[C@H]2CCCN[C@H]2c2ccccc2)cc(C(F)(F)F)c1,3.320941
NC(=O)c1cccc([S+]([O-])[C@@H]2C[C@@H]3CC[C@H](C2)N3Cc2ccccc2)c1,0.43880188
Cc1c(F)cc(C(=O)NC2CC2)cc1-c1ccc(C(=O)NCC(C)(C)C)cn1,3.1782591
O=C(Nc1nc2c(=O)[nH]cnc2s1)c1ccccc1,1.3439162
Cc1ccc(-n2c(C)cc(C(=O)NS(=O)(=O)c3ccc(C)cc3)c2C)cc1,1.5649843
C=CC(=O)Nc1cccc(Oc2nc(Nc3ccc(N4CCN(C)CC4)cc3OC)ncc2Cl)c1,3.4833522
CN1CCCC(n2nc(Cc3ccc(Cl)cc3)c3ccccc3c2=O)CC1,2.5819018
O=Cc1ccccc1B(O)O,0.08052802
Cc1cccc(C)c1OC[C@@H](C)N,0.42093945
CCCCCCCN(CC)CCCC(O)c1ccc(NS(C)(=O)=O)cc1,0.54177904
Cc1cccc(C)c1NC(=O)C(C)N,0.33212292
NC(=O)Cc1ccccc1,0.73133147
Cc1ccc(/C=C(\C#N)C(N)=O)cc1,2.1726215
CCCc1c(OCCCCSCC(=O)O)ccc(C(C)=O)c1O,1.0196964
CCN(CC)CCNC(=O)c1cc(S(C)(=O)=O)ccc1OC,-0.68717504
CCN(CC)CCNC(=O)c1cc(Br)c(N)cc1OC,0.17583406
CCCCNc1ccc(C(=O)OCCN(C)C)cc1,1.5932474
Nc1ccccc1[N+](=O)[O-],0.6315845
C=CC(=O)Nc1ccc(C)cc1,2.1749911
NC(=O)c1ccc(Br)cc1,1.7110566
Cc1ccc(NC(=N)N)cc1C,-0.047889233
CCN(CC)S(=O)(=O)c1ccc(NC(=O)[C@@](C)(O)C(F)(F)F)c(Cl)c1,3.2725267
CC(=N)NCc1ccccc1,-0.22327924
C=CCOc1ccccc1OCC(O)CNC(C)C,-0.10240245
CC(C)Cc1ccc([C@@H](C)C(=O)NS(C)(=O)=O)cc1,0.3450842
CCCNC(=O)NS(=O)(=O)c1ccc(Cl)cc1,-0.18358517
C=CCNS(=O)(=O)c1ccc(NC(=O)[C@@](C)(O)C(F)(F)F)c(Cl)c1,2.7072947
C[C@@](O)(C(=O)Nc1ccc(S(C)(=O)=O)cc1Cl)C(F)(F)F,2.2244484
Cc1ccc(C)c(OCCCC(C)(C)C(=O)O)c1,1.1120275
O=C(O)CCCc1ccc(N(CCCl)CCCl)cc1,1.6416016
CCCCN(CCCC)CCCOC(=O)c1ccc(N)cc1,1.410475
CC(=O)Nc1ccc(O)cc1,0.8511565
CCCN(CCC)S(=O)(=O)c1ccc(C(=O)O)cc1,-0.32969832
N=C(N)Nc1ccc(Cl)c(Cl)c1,0.5484481
C=CCc1cc(NC(C)=O)ccc1OCCCNC(C)C,0.056129694
CC(C)Cc1ccc(C(C)C(=O)NS(C)(=O)=O)cc1,0.51670194
COc1ccccc1OCC(O)COC(N)=O,-0.01260829
COc1ccc(OC)c(C(O)CNC(=O)CN)c1,-0.38268209
NC(=O)c1ccccc1O,0.79279065
CC(C)CCOc1ccc(N)cc1,2.162694
CS(=O)(=O)c1ccc([C@@H](O)[C@@H](CF)NC(=O)C(Cl)Cl)cc1,0.391055
NS(=O)(=O)c1cc(Cl)c(Cl)c(S(N)(=O)=O)c1,0.5357454
CC(C)C(=O)Nc1ccc([N+](=O)[O-])c(C(F)(F)F)c1,2.786121
CCOC(=O)c1ccc(OC(=O)CCCCCN=C(N)N)cc1,1.8273191
CC(C)Cc1ccc([C@H](C)C(=O)NS(C)(=O)=O)cc1,0.55164194
Cc1ccc(O)c(O)c1,1.2811174
C=C(CC)C(=O)c1ccc(OCC(=O)O)c(Cl)c1Cl,-0.38320518
C[C@@](O)(C(=O)Nc1ccc(S(=O)(=O)NCCCO)cc1Cl)C(F)(F)F,1.8275955
O=[N+]([O-])c1ccc(O)cc1,1.6597446
CCOc1ccc(NC(C)=O)cc1,1.4881154
COCCCCC(=NOCCN)c1ccc(C(F)(F)F)cc1,1.5531776
NNCCc1ccccc1,-0.90552735
N=C(N)SCc1ccc(Cl)c(Cl)c1,0.93060505
CCC(CCNC)Oc1cc(Cl)ccc1C#N,0.5127702
CCN(CC)C(C)C(=O)c1ccccc1,1.2067113
Cc1cccc(C)c1OCC(C)N,0.0876472
COc1ccccc1OCC(O)CO,0.18863058
C=CCc1ccccc1OCC(O)CNC(C)C,0.30484486
Oc1cc(Cl)cc(Cl)c1,2.9755058
O=C(O)c1ccccc1O,-1.0758605
NC(=O)c1cc([N+](=O)[O-])cc([N+](=O)[O-])c1,0.92104626
CCCCNC(=O)NS(=O)(=O)c1ccc(C)cc1,-0.05644822
CCN(CC)CCNC(=O)c1cc(Cl)c(N)cc1OC,0.08936477
CC(NC(C)(C)C)C(=O)c1cccc(Cl)c1,2.1092343
CC(=O)N(C)c1ccccc1,0.9745548
CCN(CC)S(=O)(=O)c1ccc(NC(=O)C(C)(O)C(F)(F)F)cc1,2.7504742
C#CCN(C)C(C)Cc1ccccc1,2.254595
CC(C)(C)OC(=O)N[C@@H](Cc1ccccc1)C(=O)O,-1.1500137
CCN(CC)CCNC(=O)c1ccc(N)cc1,-0.46965146
CCOC(=O)c1ccc(N)cc1,1.2407181
CC(=O)Nc1ccccc1C,1.2069547
CN[C@@H](C)[C@H](O)c1ccccc1,-0.6795795
CCCC(=O)Nc1ccc(OCC(O)CNC(C)C)c(C(C)=O)c1,-0.2806096
Cc1cccc(C)c1OC[C@H](C)N,0.4894153
N[C@@H](Cc1ccc(F)cc1)C(=O)O,-1.0424747
NC(Cc1ccc(N(CCCl)CCCl)cc1)C(=O)O,0.20038629
O=C(N[C@H](CO)[C@H](O)c1ccc([N+](=O)[O-])cc1)C(Cl)Cl,0.8306954
CC(C)C(=O)NCCNCC(O)COc1ccc(O)cc1,0.03587818
CCN(CC)CCOC(=O)c1ccc(N)cc1,0.35917222
COC(=O)COc1ccc(O)cc1,1.2991762
C[C@@](Cc1ccc(O)c(O)c1)(NN)C(=O)O,-1.2272179
CC(C)NCC(O)COc1ccc(COCCOC(C)C)cc1,0.08188224
C=CC(=O)Nc1ccc(OC)cc1,1.741386
Cn1cc(-c2ccc(O)cc2)c(=O)c2c(O)cc(O)cc21,2.3811677
Nc1cc(C(F)(F)F)c(-c2cc(N3CCOCC3)nc(N3CCOCC3)n2)cn1,2.6702976
CC1(C)N=C(N)N=C(N)N1c1ccc(Oc2ccc(Cl)cc2)c(Cl)c1,0.6925334
NC1(C(=O)NC(c2ccccc2)c2ccc(Cl)cc2)CCN(c2ncnc3[nH]ccc23)CC1,3.566596
Cc1ncc(-c2nc(Nc3ccc(C(=O)N4CCN(C)CC4)cc3)ncc2F)n1C(C)C,2.629432
Cc1ncc(-c2ccnc(Nc3ccc(C(=O)N4CCN(C)CC4)cc3)n2)n1C(C)C,2.3126874
CCCN(C)c1nc(N2CCC[C@@H](CC(=O)O)C2)ccc1C(=O)NC1CCCCC1,2.6274498
CCCSc1nc(N2CCCC(C(=O)O)C2)ccc1C(=O)NC1CCCCC1,1.63376
CCCOc1nc(N2CCC[C@@H](CC(=O)O)C2)ccc1C(=O)NC1CCCCC1,2.3647096
CCCSc1nc(N2CCC(C(=O)O)CC2)ccc1C(=O)NC1CCCCC1,1.6343882
CCCNc1nc(N2CCC[C@@H](CC(=O)O)C2)ccc1C(=O)NC1CCCCC1,2.2383304
CCCSc1nc(N2CCC[C@H](CC(=O)O)C2)ccc1C(=O)NC1CCCCC1,2.0164402
CCCSc1nc(N2CCCCC2C(=O)O)ccc1C(=O)NC1CCCCC1,1.3968273
NC1(c2ccc(-c3nc4ccccc4c(=O)n3-c3ccccc3)cc2)CCC1,1.7514515
CC(C)Cn1c(=O)n(C)c(=O)c2c(C(=O)N3CC[C@@H](O)C3)c(Cc3c[nH]c4ncccc34)sc21,1.1890972
CC(C)Cn1c(=O)n(C)c(=O)c2c(SC3CCCC3)c(Cc3ccccc3C(F)(F)F)sc21,4.4505286
O=C(Nc1cc(C(F)(F)F)cc(C(F)(F)F)c1)c1cnc(Cl)nc1C(F)(F)F,3.5626519
CCCCCc1cc(=O)[nH]c(N)n1,1.1738377
CC(NCC(O)c1ccc([N+](=O)[O-])cc1)C12CC3CC(CC(C3)C1)C2,2.4358256
CC(C)Cn1c(=O)n(C)c(=O)c2c(C(=O)N3CC=CC3)c(Cc3ccccc3C(F)(F)F)sc21,3.5565705
CCN(CC)CCOc1ccc(C(O)(Cc2ccc(Cl)cc2)c2ccc(C)cc2)cc1,3.6551065
NC1(c2ccc(-n3c(-c4ccccc4)nc4ccccc4c3=O)cc2)CCC1,1.750305
COc1ccc(C(=O)N2CCCC2=O)cc1,0.807032
Nc1nc(N)c(-c2ccc(NC(=O)C3CC3)cc2)c(COCc2ccccc2)n1,2.201325
CNCc1ccc(-c2[nH]c3cc(F)cc4c3c2CCNC4=O)cc1,0.8527651
O=c1c2ccccc2nc2n1CCO2,0.801749
COc1cc2ncnc(Nc3ccc(F)c(Cl)c3)c2cc1OCCCN1CCCCC1,3.3505673
Cn1c(-c2ccccc2)cc2onc(-c3ccncc3)c2c1=O,2.652946
CS(=O)(=O)N1CCC(NC(=O)NC23CC4CC(CC(C4)C2)C3)CC1,2.4461079
CN(C)CCCOc1nn(Cc2ccccc2)c2ccccc12,2.1285722
N=C(N)Nc1nc2ccccc2o1,0.25766802
N#C[C@@H]1CCCN1C(=O)CNCCNc1ccc(Cl)cn1,0.80944
COc1cc(/C=C2/SC(=O)NC2=O)cc(OC)c1O,0.5382371
COc1ccc(C=C2SC(=O)NC2=O)cc1OC,1.6149299
c1cncc(-c2ccc(-c3nnc(C4CN5CCC4CC5)o3)o2)c1,1.4965991
Cc1c(Sc2ccc(Cl)cc2)c2c(Cl)nccc2n1CC(=O)O,0.8552873
Cc1sc2ncnc(SCC(=O)N3CCCC3)c2c1C,2.4211915
Cc1ccc(NC(=O)c2ccc(C#N)cc2)cc1-n1cnc2ccc(N3CCN(C)CC3)cc2c1=O,2.2934775
COc1cccc(C(=O)Nc2ccc(C)c(-n3cnc4ccc(N5CCN(C)CC5)cc4c3=O)c2)c1,2.6396208
Cc1ccc(NC(=O)c2ccccc2F)cc1-n1cnc2ccc(N3CCN(C)CC3)cc2c1=O,2.7299085
COc1ccccc1C(=O)Nc1ccc(C)c(-n2cnc3ccc(N4CCN(C)CC4)cc3c2=O)c1,2.593815
COC[C@@H](c1ccc(C(F)(F)F)cc1)N1CCN(C2(C)CCN(C(=O)c3c(C)ncnc3C)CC2)C[C@@H]1C,2.4827662
Cc1cc(C)cc(-c2c(O)nc3cc(Cl)c(C(=O)Nc4ccncn4)cc3c2OCCC2CCCCN2)c1,1.6193752
COc1cc(F)ccc1-c1cncc(C2CCCN2)c1,1.171279
Cc1nc(Cl)c(Cl)n1Cc1sc2c(c1C(=O)N1CC[C@@H](O)C1)c(=O)n(C)c(=O)n2CC(C)C,1.2948961
Cn1cnc2cc(C#Cc3ccccc3)cnc21,3.325971
Cc1nc2ccccc2n1Cc1sc2c(c1C(=O)N1CC[C@@H](O)C1)c(=O)n(C)c(=O)n2CC(C)C,1.190988
CNc1nc2ccccc2n1Cc1sc2c(c1C(=O)N1CC[C@@H](O)C1)c(=O)n(C)c(=O)n2CC(C)C,1.3172653
N#Cc1nc(NC2CC3CCC2C3)c(N)c(N2CCOCC2)n1,3.2628818
CC(=O)c1ccc(S(=O)(=O)NC(=O)NC2CCCCC2)cc1,-0.106549025
CNC1=Nc2ncccc2C(c2ccns2)=NC1c1cccs1,2.0765638
Cc1ccc(CO)cc1N(C)c1ccnc(Nc2cc(C(=O)N3CCOCC3)cc(N3CCOCC3)c2)n1,2.452383
O=c1cc(-c2ccccc2)ccn1-c1ccc2c(cnn2CCN2CCCC2)c1,2.186223
Cc1cc(C)c2c(N)c(C(=O)NC3CC3)sc2n1,2.650286
COc1cnc(-c2ccccn2)nc1Oc1ccc(F)cc1F,3.0181115
CC1=C(C)C(=O)C(C(CCCCCC(=O)O)c2ccccc2)=C(C)C1=O,2.1071823
NC(=O)c1cc(F)cc(O[C@@H]2C[C@@H]3CC[C@H](C2)N3Cc2ccccc2)c1,1.8593061
NC(=O)c1cccc(O[C@H]2C[C@@H]3CC[C@H](C2)N3Cc2ccccc2)c1,1.5765421
Cc1c(O[C@@H]2C[C@@H]3CC[C@H](C2)N3Cc2ccccc2)cccc1C(N)=O,1.9256922
NC(=O)c1ccc(O[C@@H]2C[C@@H]3CC[C@H](C2)N3Cc2ccccc2)c(F)c1,1.9172332
Cc1cc(C(N)=O)ccc1O[C@@H]1C[C@@H]2CC[C@H](C1)N2Cc1ccccc1,2.0956664
NC(=O)c1cccc(O[C@@H]2C[C@@H]3CC[C@H](C2)N3Cc2ccccc2)c1,1.6329001
Oc1cccc(O[C@@H]2C[C@@H]3CC[C@H](C2)N3Cc2ccccc2)c1,2.604746
Cc1cc(O[C@@H]2C[C@@H]3CC[C@H](C2)N3Cc2ccccc2)cc(C(N)=O)c1,2.0438495
CNC(=O)c1cccc(O[C@@H]2C[C@@H]3CC[C@H](C2)N3Cc2ccccc2)c1,1.7871485
O=C(Nc1cccc2cccnc12)c1ccc(N2C(=O)[C@H]3[C@H]4C=C[C@H](C4)[C@H]3C2=O)cc1,3.3375669
NC(=O)N1c2ccccc2CC(=O)c2ccccc21,1.2900537
COc1ncc(C)cc1-c1cccc2c(N)c(C(=O)NC3CC3)nnc12,3.2636657
COc1ccc(-c2c(F)ccc3c(N)c(C(=O)NC4CC4)nnc23)c(OC)n1,3.3365502
O=C(NO)[C@@H](Cc1ccc2ccccc2c1)NS(=O)(=O)c1ccc2ccccc2c1,3.6516597
O=C(O)COc1cccc(N2CCC(CN3CCC(Oc4ccc(Cl)c(Cl)c4)CC3)CC2)c1,1.4009122
O=C(O)c1cccc(N2CCC(CN3CCC(Oc4ccc(Cl)c(Cl)c4)CC3)CC2)c1,2.1229184
O=C(O)Cc1ccc(N2CCC(CN3CCC(Oc4ccc(Cl)c(Cl)c4)CC3)CC2)cc1,1.8802366
O=C(O)c1ccc(N2CCC(CN3CCC(Oc4ccc(Cl)c(Cl)c4)CC3)CC2)cc1,2.1437666
O=C(O)Cc1cccc(N2CCC(CN3CCC(Oc4ccc(Cl)c(Cl)c4)CC3)CC2)c1,1.8468053
O=C(O)COc1ccccc1N1CCC(CN2CCC(Oc3ccc(Cl)c(Cl)c3)CC2)CC1,1.3679726
O=C(O)c1ccccc1N1CCC(CN2CCC(Oc3ccc(Cl)c(Cl)c3)CC2)CC1,2.555436
COc1cc(Nc2ncnc(Nc3c(Cl)ccc4c3OCO4)n2)cc(OC)c1OC,3.0983906
COc1ccc2ncc(=O)n(CCN3CC[C@H](NCc4cc5c(cn4)OCCO5)[C@H](O)C3)c2c1,0.5161747
COc1ccc2ncc(=O)n(CCN3CC[C@@H](NCc4cc5c(cn4)OCCO5)[C@@H](O)C3)c2c1,0.6006881
COc1ccc2ncc(=O)n(CCN3CC[C@@H](NCc4cc5c(cn4)OCCO5)[C@H](O)C3)c2c1,0.65575707
COc1ccc2ncc(=O)n(CCN3CCC(NCc4cc5c(cn4)OCCO5)CC3)c2c1,0.5375874
COc1ccc2ncc(=O)n(CCN3CC[C@H](NCc4cc5c(cn4)OCCO5)[C@@H](OC)C3)c2c1,0.9515383
Cc1nn(-c2ccccc2)c(NS(=O)(=O)c2cccc(CN3CCOCC3)c2)c1C(=O)N[C@@H](C)C(C)(C)C,0.20241761
COCC1=C(C(=O)OC(C)OC(=O)OC(C)C)N2C(=O)[C@@H](NC(=O)/C(=N\OC)c3csc(N)n3)[C@H]2SC1,1.4630532
O=C(OC1CN2CCC1CC2)C(O)(c1ccccc1)c1ccccc1,1.1207528
Cc1cc(Oc2ccnc(Nc3cccc(N4CCOCC4)c3)c2)c(-c2ccccn2)nc1C,3.43406
Nc1ccc(N=Nc2ccccc2)c(N)n1,2.4675136
Nc1ncnc2c1ncn2[C@@H]1O[C@H](CSCCCNC(=O)NCc2ccccc2)[C@@H](O)[C@H]1O,1.3092368
COC(=O)Nc1nc2ccc(C(=O)c3ccccc3)cc2[nH]1,2.799745
Nc1nc2ccc(C(=O)c3ccccc3)cc2[nH]1,2.2570095
CC(C)Cn1c(=O)n(C)c(=O)c2c(C(=O)N3CC[C@@H](O)C3)c(Cc3c[nH]c4ccccc34)sc21,2.0876637
CC(=O)Nc1cnc2ccn(-c3cc(NC4CC4)n4ncc(C#N)c4n3)c2c1,2.3169816
Nc1ncnc2c1c(COc1cccc(Cl)c1)nn2C1CCOCC1,3.2404964
CC1(C)C(=O)Nc2ccccc21,1.6370771
CCCN(CCC)CCc1cccc2c1CC(=O)N2,0.957018
CCN(CC)C(=O)c1ccc(C(=C2CCN(Cc3ccc(F)cc3)CC2)c2ccccn2)cc1,3.335979
Cc1ccsc1C(=CCCN1CCC[C@@H](C(=O)O)C1)c1sccc1C,1.8223089
COc1cc2ncnc(NCc3cccc(C)c3)c2cc1OC,3.4424543
c1ccc(CNc2ncnc3ccccc23)cc1,3.1638575
CC(Nc1ncnc2ccccc12)c1ccccc1,3.2081084
COc1cc2ncnc(NCc3ccccc3)c2cc1OC,3.1247926
CC(C)C[C@H](N)c1nnc(S(=O)(=O)Cc2ccc(F)cc2)o1,0.904114
Cc1[nH]c(C(=O)NC2CCN(c3cc(C(=O)O)cc(Cl)n3)CC2)c(Cl)c1Cl,1.3422987
Cc1ccc(C(=O)NC2CCN(c3cc(C(N)=O)cc(Cl)n3)CC2)[nH]1,2.5495017
Cc1nc(CS(=O)(=O)c2ccccc2)cc(N2CCOCC2)n1,0.6677854
Cc1nc(CS(=O)(=O)c2ccc(Cl)cc2)cc(N2CCOCC2)n1,1.4479909
O=S(=O)(Nc1ccc2[nH]c(-c3ccc(Br)o3)nc2c1)c1ccccc1,3.6556864
O=C(N[C@@H](Cc1cccc(OCCCNc2ccccn2)c1)C(=O)O)c1c(Cl)cccc1Cl,-0.33606505
Cc1ncc(-c2ccnc(Nc3ccc(C(=O)N(C)C)c(F)c3)n2)n1C(C)C,2.5695243
Cc1ncc(-c2nc(Nc3ccc(C(N)=O)cc3)ncc2F)n1C(C)C,2.7969837
Cc1ncc(-c2ccnc(Nc3ccc(F)cc3)n2)n1C(C)C,3.4304154
CCn1c(-c2ccnc(Nc3ccc(C(=O)NC)cc3)n2)cnc1C,2.22669
Cc1ncc(-c2ccnc(Nc3ccc(C(=O)NCCN(C)C)c(F)c3)n2)n1C(C)C,1.8322458
CCn1c(-c2ccnc(Nc3ccc(S(=O)(=O)NCCOC)cc3)n2)cnc1C,2.2158613
Cc1ncc(-c2ccnc(Nc3ccc(C#N)cc3)n2)n1C(C)C,3.1787734
Cc1ncc(-c2ccnc(Nc3ccc(C(N)=O)c(F)c3)n2)n1C(C)C,2.6475759
Cc1ncc(-c2ccnc(Nc3ccccc3)n2)n1C(C)C,3.3774204
CCCS(=O)(=O)c1ccc(Nc2nccc(-c3cnc(C)n3C(C)C)n2)cc1,3.2425575
Cc1ncc(-c2ccnc(Nc3ccc(S(=O)(=O)CCCN(C)C)cc3)n2)n1C(C)C,1.5991094
Cc1ncc(-c2nc(Nc3ccc(C(=O)N(C)C)c(F)c3)ncc2F)n1C(C)C,2.884477
Cc1ncc(-c2nc(Nc3ccc(C(=O)NCCN(C)C)c(F)c3)ncc2F)n1C(C)C,2.1494641
Cc1ncc(-c2nc(Nc3ccc(C(=O)N(C)C)cc3)ncc2F)n1C(C)C,2.7456925
Cc1ncc(-c2ccnc(Nc3ccc(C(=O)N(C)C)cc3)n2)n1C(C)C,2.4284742
Cc1ncc(-c2ccnc(Nc3ccc(S(N)(=O)=O)cc3)n2)n1C,1.451344
CNC(=O)c1ccc(Nc2ncc(F)c(-c3cnc(C)n3C(C)C)n2)cc1F,3.043468
COc1ccc(Nc2nccc(-c3cnc(C)n3C(C)C)n2)cc1,3.3931875
Cc1ncc(-c2ccnc(Nc3ccc(C(N)=O)cc3)n2)n1C(C)C,2.4797652
CNC(=O)c1ccc(Nc2ncc(F)c(-c3cnc(C)n3C(C)C)n2)cc1,2.9224267
Cc1ncc(-c2nc(Nc3ccc(C(N)=O)c(F)c3)ncc2F)n1C(C)C,2.9521337
COCCS(=O)(=O)c1ccc(Nc2nccc(-c3cnc(C)n3C(C)C)n2)cc1,2.7791731
Cc1ncc(-c2ccnc(Nc3ccc(N(C)C)cc3)n2)n1C(C)C,3.2676997
Cc1ncc(-c2ccnc(Nc3ccc(C(=O)NCCO)cc3)n2)n1C(C)C,2.228538
CNC(=O)c1ccc(Nc2nccc(-c3cnc(C)n3C(C)C)n2)cc1F,2.7438488
Cc1cc(Nc2ncc(F)c(-c3cnc(C)n3C(C)C)n2)ccc1C(=O)N(C)C,3.0280857
CNC(=O)c1ccc(Nc2nccc(-c3cnc(C)n3C(C)C)n2)cc1,2.6061966
COc1ccc(Cl)c(Nc2ncnc3cc(OCC4CCN(C)CC4)c(OC)cc23)c1,2.4859066
COc1cc2c(Nc3ccc(Cl)cc3F)ncnc2cc1OCC1CCNCC1,1.3677174
N#Cc1nc(N2CCOCC2)nc(N2CCOCC2)n1,1.2802613
C[C@@H](Oc1cc(-c2cnn(C3CCNCC3)c2)cnc1N)c1c(Cl)ccc(F)c1Cl,2.3602226
Nc1nonc1/C(=N/O)Nc1ccc(F)c(Cl)c1,2.6137087
Cc1cn([C@H]2CCCN([C@H](CC3CCCCC3)c3ccc(C(=O)O)c(Oc4cccc(Cl)c4)c3)C2)c(=O)[nH]c1=O,1.7459244
O=C(NCC(=O)N(CCO)c1ccccc1)c1cc2cc(Cl)ccc2[nH]1,3.1570787
c1cn(-c2ccc(Oc3nccc(Oc4ccc5c(c4)OCO5)n3)cc2)cn1,3.408588
Cc1cc(Oc2ccc3c(c2)OCO3)nc(Oc2ccc(-n3ccnc3)cc2)n1,3.459633
Cc1cnc(Oc2ccc(-n3ccnc3)cc2)nc1Oc1ccc2c(c1)OCO2,3.5963583
COC[C@H](C)Oc1cc(O[C@@H](C)Cc2ccccc2)cc(C(=O)Nc2ccc(C(=O)O)cn2)c1,1.3644753
CN[C@@H](C)C(=O)N[C@H](C(=O)N[C@H]1CCCN(CCc2ccccc2)C1)C(C)(C)C,1.3745737
CN[C@@H](C)C(=O)N[C@H](C(=O)N[C@H]1CCCN(CCc2ccc(OC)cc2)C1)C(C)(C)C,1.4003369
CN[C@@H](C)C(=O)N[C@H](C(=O)N[C@H]1CCCN(CCc2cccc(OC)c2)C1)C(C)(C)C,1.4365836
CN[C@@H](C)C(=O)N[C@H](C(=O)N[C@H]1CCCN(CCc2ccc(O)cc2)C1)C(C)(C)C,1.1230621
CN[C@@H](C)C(=O)N[C@H](C(=O)N[C@H]1CCCN(CCc2ccc(C)cc2)C1)C(C)(C)C,1.8040216
CN[C@@H](C)C(=O)N[C@H](C(=O)N[C@H]1CCCN(CCc2ccc(Br)cc2)C1)C(C)(C)C,2.2412841
CN[C@@H](C)C(=O)N[C@H](C(=O)N[C@H]1CCCN(CCc2ccc(F)cc2)C1)C(C)(C)C,1.6053338
CN[C@@H](C)C(=O)N[C@H](C(=O)N[C@H]1CCCN(CCc2ccccc2OC)C1)C(C)(C)C,1.4742814
CN[C@@H](C)C(=O)N[C@H](C(=O)N[C@H]1CCCN(CCc2ccc([N+](=O)[O-])cc2)C1)C(C)(C)C,1.5216496
CN[C@@H](C)C(=O)N[C@H](C(=O)N[C@H]1CCCN(CCc2ccc(C(F)(F)F)cc2)C1)C(C)(C)C,2.2376468
CCCCc1ncc(/C=C(\Cc2cccs2)C(=O)O)n1Cc1ccc(C(=O)O)cc1,-0.7155905
CC(C)(C)NC(=O)C(c1ccncc1)N(Cc1ccco1)C(=O)c1ccc(-c2ccccc2)[nH]1,3.3494854
Cc1cc(C)cc(-c2[nH]c3sc(C(C)(C)C(=O)N4C5CCC4CC5)cc3c2CCN2CCN(CC(=O)N(C)C)CC2)c1,3.8968296
O=C([C@@H]1CCCN1)N1CCN(c2nc(NCc3ccc(Cl)cc3Cl)c3cccnc3n2)CC1,3.2107854
Clc1ccc2c(c1Nc1ncnc3cc(OCCCN4CCCC4)cc(OC4CCOCC4)c13)OCO2,2.4889019
Cc1ccc(NC(=O)c2cccc(N(C)S(C)(=O)=O)c2)cc1NC(=O)c1ccc2ncccc2c1,2.1697981
Cc1ccc(NC(=O)c2cccc(C(F)(F)F)c2)cc1NC(=O)c1ccc2ncccc2c1,3.6194367
CC(=O)Nc1ccc2c(c1)c(-c1cc(NC3CC3)n3ncc(C#N)c3n1)cn2CCO,2.158445
COC(=O)CCn1cc(-c2cc(NC3CC3)n3ncc(C#N)c3n2)c2cc(NC(C)=O)ccc21,2.892439
CC(=O)Nc1ccc2[nH]cc(-c3cc(NC4CC4)n4ncc(C#N)c4n3)c2c1,2.843583
CC(=O)Nc1ccc2c(c1)c(-c1cc(NC3CC3)n3ncc(C#N)c3n1)cn2CCCO,2.430004
CC(=O)Nc1ccc2c(c1)c(-c1cc(NC3CC3)n3ncc(C#N)c3n1)cn2CCC(=O)O,0.055332184
CC(=O)Nc1ccc2c(c1)c(-c1cc(NC3CC3)n3ncc(C#N)c3n1)cn2C,2.820976
CC(C)(C)NS(=O)(=O)c1cncc(-c2ccc3nc(NC(=O)NCC(=O)N4CCOCC4)nn3c2)c1,0.9114647
Nc1nc(N)c2nc(-c3ccccc3)c(N)nc2n1,1.2328115
CC[C@H](Nc1ncnc2[nH]cnc12)c1nc2cccc(F)c2c(=O)n1-c1ccccc1,2.881405
CC(=O)NC(C)c1ccc(Nc2ncc3cc(-c4ccncc4)ccc3n2)cc1,2.9532952
COc1cc(-c2ccncc2)cc2cnc(Nc3ccc([C@@H](C)NC(C)=O)cc3)nc12,2.7682924
COCCC(=O)Nc1ccc(Nc2ncc3cc(-c4ccncc4)ccc3n2)cc1,3.257265
CC(=O)Nc1ccc(Nc2ncc3cc(-c4ccncc4)ccc3n2)cc1,3.057853
CN(C)CCNCc1ccc(Nc2ncc3cc(-c4ccncc4)ccc3n2)cc1,1.1130674
CC(=O)N[C@@H](C)c1ccc(Nc2ncc3cc(-c4ccncc4)ccc3n2)cc1,2.8017244
COCCNCc1ccc(Nc2ncc3cc(-c4ccncc4)ccc3n2)cc1,2.1449866
COCCC(=O)NC(C)c1ccc(Nc2ncc3cc(-c4ccncc4)ccc3n2)cc1,3.2039242
CC(=O)N[C@H](C)c1ccc(Nc2ncc3cc(-c4ccncc4)ccc3n2)cc1,2.8415785
COCCNC(=O)c1ccc(Nc2ncc3cc(-c4ccncc4OC)ccc3n2)cc1,3.059227
COCCNC(=O)c1cccc(Nc2ncc3cc(-c4ccncc4)ccc3n2)c1,2.9949415
COCCNC(=O)c1ccc(Nc2ncc3cc(-c4ccncc4)ccc3n2)cc1C,3.2566915
CC(=O)N(C)c1ccc(Nc2ncc3cc(-c4ccncc4)ccc3n2)cc1,2.9943655
CC(=O)N[C@H](C)c1ccc(Nc2ncc3cc(-c4ccncc4)cc(C)c3n2)cc1,3.144514
COCCC(=O)N[C@H](C)c1ccc(Nc2ncc3cc(-c4ccncc4)ccc3n2)cc1,3.121643
CN(C)CCNC(=O)c1ccc(Nc2ncc3cc(-c4ccncc4)ccc3n2)cc1,2.0777507
COCCOc1ccc(Nc2ncc3cc(-c4ccncc4)ccc3n2)cc1,3.4747264
CC(=O)N[C@H](C)c1ccc(Nc2ncc3cc(-c4ccncc4)c(C)cc3n2)cc1,3.1232018
COCCN(C)Cc1ccc(Nc2ncc3cc(-c4ccncc4)ccc3n2)cc1,2.8504386
COCCC(=O)N(C)c1ccc(Nc2ncc3cc(-c4ccncc4)ccc3n2)cc1,3.2467365
COCCC(=O)N[C@@H](C)c1ccc(Nc2ncc3cc(-c4ccncc4)ccc3n2)cc1,3.0744243
COCCNC(=O)c1ccc(Nc2ncc3cc(-c4ccnc(C)c4)ccc3n2)cc1,3.3097954
COc1cc2nc(Nc3ccc([C@@H](C)NC(C)=O)cc3)ncc2cc1-c1ccncc1,2.7019453
CS(=O)(=O)c1ccccc1C(=O)NCC(O)CNC1CCN(Cc2ccc(Cl)c(Cl)c2)CC1,1.2350318
O=C(NCC12CC3CC(CC(C3)C1)C2)c1cc(CC2CCNCC2)ccc1Cl,1.9192325
c1ccc2nc(C3=NCCN3)ccc2c1,0.741248
CCC(c1nc2ccoc2c(=O)n1Cc1ccccc1)N(CCCN)C(=O)c1ccc(C)cc1,1.3954723
C[C@@H](Oc1cccc2ncnc(Nc3ccc4c(cnn4Cc4cscn4)c3)c12)C(=O)N1CCOCC1,2.795126
COc1ccc(C=NN=Cc2ccc(OC)c(OC)c2)cc1OC,3.245113
CC1(C)[C@@H]2CC[C@@]1(CS(=O)(=O)NC1CCN(c3ccc(C(F)(F)F)cn3)CC1)C(=O)C2,3.216405
Cc1cc2[nH]c(=O)c(O)cc(=O)c2cc1C,1.3067186
O=c1ccc(=O)c2ccccc2[nH]1,0.8171332
O=C(Nc1cccc(O)c1)c1ccc(OCCCN2CCCC2)cc1OCc1cccnc1,2.0302124
CN1CCOc2cc(COC3CCCCC3)cnc21,3.1153579
N#CC1(NC(=O)[C@@H]2CCCC[C@H]2C(=O)N2CCN(c3nccs3)CC2)CC1,1.3265035
CC(C)(C#N)c1cnc(N2CCN(C(=O)[C@@H]3CCCC[C@H]3C(=O)NC3(C#N)CC3)CC2)s1,1.9121126
CCc1csc(N2CCN(C(=O)[C@@H]3CCCC[C@H]3C(=O)NC3(C#N)CC3)CC2)n1,2.1180558
Cc1sc(N2CCN(C(=O)[C@@H]3CCCC[C@H]3C(=O)NC3(C#N)CC3)CC2)nc1C(F)(F)F,2.6595771
N#CC1(NC(=O)[C@@H]2CCCC[C@H]2C(=O)N2CCN(c3nc(C(F)(F)F)cs3)CC2)CC1,2.300877
N#Cc1cnc(N2CCN(C(=O)[C@@H]3CCCC[C@H]3C(=O)NC3(C#N)CC3)CC2)s1,1.2934942
COc1ccnc(CSc2nc3ccccc3[nH]2)c1,3.0671759
Cc1cnc(Nc2cc(N3CCN(C)CC3)nc(N[C@@H](C)c3ccc(F)cn3)n2)s1,3.0687723
Cc1cn(Cc2ccccc2)c(=O)[nH]c1=O,0.8484181
Cc1ccc(NC(=O)c2ccnc(N3CCOCC3)c2)cc1Nc1ccnc(OC2CCN(C)CC2)n1,2.1646743
Cc1cccc(CN2CCN(C(c3ccccc3)c3ccc(Cl)cc3)CC2)c1,4.0299134
O=C(N[C@@H]1CN2CCC1CC2)c1ccc(-c2ccccc2)s1,1.9268956
O=C(N[C@H]1CN2CCC1CC2)c1ccc(-c2ccccc2)s1,2.1077814
Nc1ncnc2c1ncn2[C@@H]1O[C@H](CSCCCNC(=O)Nc2ccc(Cl)cc2)[C@@H](O)[C@H]1O,2.152412
CC(C)c1ccc(NC(=O)NCCCSC[C@H]2O[C@@H](n3cnc4c(N)ncnc43)[C@H](O)[C@@H]2O)cc1,2.5366507
Nc1ncnc2c1ncn2[C@@H]1O[C@H](CSCCCNC(=O)Nc2ccccc2)[C@@H](O)[C@H]1O,1.3667669
CC1Sc2c(C(=O)O)c(=O)c3cc(F)c(N4CCNCC4)cc3n21,-1.497112
Oc1nc2cc(Cl)cc(Cl)c2c(O)c1-c1ccccc1,2.8552704
Oc1nc2ccccc2c(O)c1-c1ccccc1,1.9919094
O=c1[nH]c2c(O)ccc([C@@H](O)CNCCc3ccc(CNCCc4ccccn4)cc3)c2s1,-0.08659577
NC1(c2ccc(-c3nn4ccccc4c3-c3ccccc3)cc2)CCC1,2.7738707
Nc1ncc(-c2ccc(S(=O)(=O)N3CCOCC3)cc2)nc1C(=O)Nc1cccnc1,2.717858
COc1ccc(N(C(=O)c2ccccc2)C(C(=O)NC[C@@H](C)O)c2ccccc2F)c(OC)c1,2.3206258
CCN(CC)CCN1C(=O)CN=C(c2ccccc2F)c2cc(Cl)ccc21,2.481788
O=C1Nc2ccc(Cl)cc2C(c2ccccc2Cl)=NC1O,3.0461664
CN1C(=O)CN=C(c2ccccc2)c2cc(Cl)ccc21,2.877757
CC(C)[C@@H]1N=C(c2ccccc2)c2ccccc2NC1=O,3.3316643
CN1C(=O)CN=C(c2ccccc2F)c2cc([N+](=O)[O-])ccc21,2.376876
O=C1CN=C(c2ccccc2Cl)c2cc([N+](=O)[O-])ccc2N1,2.745727
O=C(Nc1ccc(Cl)c(S(=O)(=O)N2CCNCC2)c1O)Nc1cccc(F)c1Cl,2.137095
C[C@H](CO)Nc1nc(SCc2cccc(F)c2F)nc2nc(N)cnc12,3.043085
C[C@H](CO)Nc1nc(SCc2cccc(F)c2F)nc2nccnc12,3.0637677
Cc1cnc2c(N[C@H](C)CO)nc(SCc3cccc(F)c3F)nc2n1,3.269348
Cc1cnc2nc(SCc3cccc(F)c3F)nc(N[C@H](C)CO)c2n1,3.213447
O=C(NC[C@@H](O)CN1CCC(Oc2ccc(Cl)c(Cl)c2)CC1)c1c[nH]nc1C1CC1,3.192941
Cc1ccc(Oc2ccc(OCC(=O)Nc3ccncc3)cc2)cc1,3.4636416
COc1ccc(-c2nc3n(c2Br)CCC3)cc1,2.8996296
COC(=O)c1cccc(Cn2[nH]c(=O)c3[nH]c4cc(Cl)ccc4c(=O)c3c2=O)c1,1.4030387
CN(C)C(=O)Nc1ccc(Cn2[nH]c(=O)c3[nH]c4cc(Cl)ccc4c(=O)c3c2=O)cc1,0.89344573
COC(=O)c1ccc(Cn2[nH]c(=O)c3[nH]c4cc(Cl)ccc4c(=O)c3c2=O)cc1,1.3939025
COC(=O)c1ccc(C(C)n2[nH]c(=O)c3[nH]c4cc(Cl)ccc4c(=O)c3c2=O)cc1,1.76813
COCCNC(=O)c1cccc(Cn2[nH]c(=O)c3[nH]c4cc(Cl)ccc4c(=O)c3c2=O)c1,0.61018395
CC(C)(C)NC(=O)Nc1cccc(Cn2[nH]c(=O)c3[nH]c4cc(Cl)ccc4c(=O)c3c2=O)c1,2.0382233
CC(C)(C)NS(=O)(=O)c1cncc(-c2ccc3nc(N)nn3c2)c1,1.1395117
CNC(=O)Nc1nc2ccc(-c3cncc(S(=O)(=O)NC(C)(C)C)c3)cn2n1,1.4574441
N#Cc1c(-c2ccccc2)nc(SCc2ccccc2)[nH]c1=O,2.2016726
CN1CC=C(c2cccc(O)c2)CC1,1.0499005
COc1cc2c(c(OC)c1OC)-c1ccc(OC)c(=O)cc1[C@@H](NC(C)=O)CC2,1.1390414
COc1cc2c(c(OC)c1OC)-c1ccc(OC)c(=O)cc1C(NC(C)=O)CC2,1.206371
O=C(Nc1cccc(O)c1)c1ccc(OCCCN2CCCC2)cc1OCc1ccccn1,1.920896
C[C@@H](NC(=O)c1cccnc1Oc1ccccc1)c1ccccc1,3.2206326
C[C@H](NC(=O)c1cccnc1Oc1ccccc1)c1ccccc1,3.2669873
COc1ccc(OC)c(CNC(=O)c2cccnc2Oc2ccccc2)c1,3.5668597
COc1ccc(Oc2ncccc2C(=O)NCc2ccccc2Cl)cc1,3.6620946
O=C(NCc1ccccc1Cl)c1cccnc1Oc1ccccc1,3.6355839
O=C(NCc1ccccc1)c1cccnc1Oc1ccccc1,3.45057
NS(=O)(=O)c1cc(C2(O)NC(=O)c3ccccc32)ccc1Cl,0.59257674
CS(=O)(=O)c1ccc(C(=O)Nc2ccc(Cl)c(-c3ccccn3)c2)c(Cl)c1,2.8322806
Cc1cnc(Nc2cc(N3CCOCC3)nc(N[C@@H](C)c3ncc(F)cn3)n2)s1,2.7464247
Cc1cnc(Nc2nc(N[C@@H](C)c3ncc(F)cn3)nc(N3CCOCC3)c2F)s1,3.018182
C[C@H](Nc1nc(Nc2ncc(C#N)s2)cc(N2CCOCC2)n1)c1ncc(F)cn1,2.6949177
O=S(=O)(c1ccccc1)C1(c2cc(N3CCOCC3)nc(-c3cccc4[nH]ccc34)n2)CC1,3.261078
COC(=O)[C@@H]1C2CCC(C[C@@H]1c1ccc(I)cc1)N2CCCF,2.1962814
Cn1cnc2c(-c3ccc(C4(N)CCC4)cc3)c(-c3ccccc3)ccc21,2.452629
Cc1c[nH]c(-c2cnc(NCCNc3ccc(C#N)cn3)nc2-c2ccc(Cl)cc2Cl)n1,3.5994554
FC(F)(F)c1nnc2ccc(NCc3cccnc3)nn12,2.0989707
Oc1ccc2c3c1O[C@H]1c4[nH]c5ccccc5c4C[C@@]4(O)[C@@H](C2)N(CC2CC2)CC[C@]314,2.6120791
NC1(c2ccc(-c3ncc4cccnc4c3-c3ccccc3)cc2)CCC1,2.2413862
Cc1cc(C)c2c(n1)sc1c(N3CCN(C)CC3)ncnc12,2.8543653
C[C@@H](NC1=CC(=O)CNC1)c1ccc(Nc2ncc3cc(-c4ccncc4)ccc3n2)cc1,2.6383169
CC(=O)c1c(C)c2cnc(Nc3ccc(N4CCNCC4)cn3)nc2n(C2CCCC2)c1=O,1.457509
NC(=O)Nc1cc(-c2ccccc2)sc1C(=O)N[C@H]1CCCNC1,0.8515556
N#Cc1ccc(-c2cc(NC(N)=O)c(C(=O)N[C@H]3CCCNC3)s2)cc1,0.5577464
NC(=O)Nc1cc(-c2cccc(F)c2F)sc1C(=O)N[C@H]1CCCNC1,1.1852405
Cc1ccc2c(c1)C1(CCN(CCc3nc(-c4ccccc4)oc3C)CC1)OC(=O)N2,3.4995096
COc1ccccc1C(=O)Nc1nc2ccccc2s1,3.431137
COc1cccc2sc(NC(=O)c3ccccc3)nc12,3.4351337
CC(=O)N(c1ccccc1)C1CC(C)N(S(=O)(=O)c2ccccc2)c2ccccc21,3.0368996
CC1(COc2cc(-c3cccc4c(=O)cc(N5CCOCC5)oc34)ccc2NC(=O)CN2CCOCC2)COC1,2.508131
C[C@H]1O[C@@H](n2cnc3c(N)nc(Oc4ccccc4)nc32)[C@H](O)[C@@H]1O,1.3482618
NC(=O)c1cnc(-c2ccc(C3(N)CCC3)cc2)c(-c2ccccc2)c1,1.3293549
Cc1nc(C)c(-c2ccc3c(c2)CC[C@]32CC[C@@H](CC(=O)O)CC2)nc1C(N)=O,1.5702639
Cc1nc(C)c(-c2ccc3c(c2)CC[C@]32CC[C@H](C(=O)O)CC2)nc1C(N)=O,0.64616966
Cc1nc(C)c(-c2ccc3c(c2)CC[C@]32CC[C@@H](C(=O)O)CC2)nc1C(N)=O,0.7113942
CC[C@H](NC(=O)c1c([S+]([O-])CC)c(-c2ccccc2)nc2ccccc12)c1ccccc1,3.4316583
CC[C@H](NC(=O)c1c([S+](C)[O-])c(-c2ccc(F)cc2)nc2ccccc12)c1ccccc1,3.446962
CC[C@H](NC(=O)c1c(O)c(-c2ccccc2)nc2ccccc12)c1ccccc1,3.2255907
CC[C@H](NC(=O)c1c(CN(C)C)c(-c2ccccc2)nc2ccccc12)c1ccccc1,3.4117966
CC[C@H](NC(=O)c1c([S+](C)[O-])c(-c2ccccc2)nc2cc(F)ccc12)c1ccccc1,3.4568775
CC[C@H](NC(=O)c1c([S+](C)[O-])c(-c2ccccc2)nc2ccccc12)c1ccccc1,3.39263
CC[C@H](NC(=O)c1c(S(C)(=O)=O)c(-c2ccccc2)nc2ccccc12)c1ccccc1,2.8548865
CC[C@H](NC(=O)c1c([S+](C)[O-])c(-c2ccccc2)nc2cc(CN(C)C)ccc12)c1ccccc1,2.5395083
CC[C@H](NC(=O)c1c([S+](C)[O-])c(-c2ccccc2)nc2c(F)cccc12)c1ccccc1,3.437837
CC[C@H](NC(=O)c1c([S+](C)[O-])c(-c2ccccc2)nc2cc(Br)ccc12)c1ccccc1,3.5969505
CC[C@H](NC(=O)c1c([S+]([O-])C(C)C)c(-c2ccccc2)nc2ccccc12)c1ccccc1,3.614513
CC[C@H](NC(=O)c1c(CC[S+](C)[O-])c(-c2ccccc2)nc2ccccc12)c1ccccc1,2.699509
CC[C@H](NC(=O)c1c([S+](C)[O-])c(-c2cccc(F)c2)nc2ccccc12)c1ccccc1,3.4442477
CC[C@H](NC(=O)c1c([S+](C)[O-])c(-c2ccccc2)nc2cc(Cl)ccc12)c1ccccc1,3.5564322
CC[C@H](NC(=O)c1c(N)c(-c2cccc(F)c2)nc2ccccc12)c1ccccc1,3.640388
CC[C@H](NC(=O)c1c(N)c(-c2ccccc2)nc2ccccc12)c1ccccc1,3.595388
CC[C@H](NC(=O)c1c(CS(C)(=O)=O)c(-c2ccccc2)nc2ccccc12)c1ccccc1,3.2676654
O=C(O)c1ccc(-c2ccc(Cl)c(C(=O)NCC34CC5CC(CC(C5)C3)C4)c2)cc1,2.6189463
Cc1cc(Nc2cnc(C#N)c(N[C@@H](C)c3ccc(F)cn3)n2)n[nH]1,2.4999359
Cc1cc(Nc2nc(N[C@@H](C)c3ccc(F)cn3)cnc2C)n[nH]1,2.0619452
Cc1cc(Nc2nc(N[C@@H](C)c3ccc(F)cn3)c(C#N)nc2C)n[nH]1,2.6917052
O=C(Cc1cccc2ccccc12)Nc1ccccc1,3.4939332
C[C@H](CN(C)C(=O)CO)Oc1cccc2ncnc(Nc3ccc(OCc4ccccn4)c(Cl)c3)c12,3.2849956
COc1cc2ncnc(Nc3ccc(OCc4ccccn4)c(C)c3)c2cc1OC,3.4536824
C[C@@H](Oc1cccc2ncnc(Nc3ccc(OCc4ccccn4)c(Cl)c3)c12)C(=O)N(C)CCO,3.3325067
C[C@@H](Oc1cccc2ncnc(Nc3ccc(OCc4ccccn4)c(Cl)c3)c12)C(=O)N(C)C,3.4896936
NC(=O)c1ccc(N(C(N)=O)c2c(F)cccc2F)nc1-c1ccc(F)cc1F,2.0051236
O=C(Nc1ccc(N2CCOCC2)nc1)c1nnc(Nc2cccc(OCc3ccccn3)c2)o1,3.0189686
O=S(=O)(NCCNc1ncccn1)c1cccc2cnccc12,1.0091608
Cc1cc(O)nc(-n2nc(C)c(Oc3ccccc3O)c2C)n1,1.3040957
CC(=O)NC[C@H]1CN(c2ccc(N3CCN(c4cnccn4)CC3)c(F)c2)C(=O)O1,1.6983646
Cc1cc2cc3c(C)cc(=O)oc3c(C)c2o1,3.4772463
COc1c2occc2cc2ccc(=O)oc12,2.135108
COc1ccccc1N1CCN(Cc2c(Br)c(=O)n(-c3ccccc3)n2C)CC1,2.5024695
COc1ccc(NC(=O)c2nnc(Nc3ccccc3F)o2)cn1,2.8590097
CN[C@@H](C)C(=O)N[C@H](C(=O)N[C@H]1CCCN(CCc2ccccc2)C1)C1CCCCC1,1.7534269
CN[C@@H](C)C(=O)N[C@H](C(=O)N(C)[C@H]1CCCN(CCc2ccccc2)C1)C1CCCCC1,1.9155135
CN[C@@H](C)C(=O)N[C@H](C(=O)N[C@H]1CCCN(CCc2ccccc2F)C1)C1CCCCC1,2.077134
CN[C@@H](C)C(=O)N[C@H](C(=O)N[C@H]1CCCN(CCc2ccc(F)cc2)C1)C1CCCCC1,1.9821931
CN[C@@H](C)C(=O)N[C@H](C(=O)N[C@H]1CCCN(CCc2cccc(F)c2)C1)C1CCCCC1,1.9927565
CNC(=O)c1snnc1-c1ccccc1,0.9319222
CC(C)(C)c1ccc(-c2n[nH]c(NC(=O)c3ccccc3Cl)c2Br)cc1,3.8290682
Cc1[nH]c2nc(NCc3cccc(Cl)c3)nn2c(=O)c1Cc1ccccc1,3.7069306
Cc1[nH]c2nc(NCc3cccc(Br)c3)nn2c(=O)c1Cc1ccccc1,3.7481558
Cc1[nH]c2nc(NCc3ccc(Cl)cc3)nn2c(=O)c1Cc1ccccc1,3.7125182
O=C(O)c1cc(N=Nc2ccc(S(=O)(=O)Nc3ccccn3)cc2)ccc1O,-0.3832879
O=C(NCC12CC3CC(CC(C3)C1)C2)c1c(Cl)ccc2nc(N3CCC[C@H](NCCc4nnn[nH]4)C3)ccc12,2.3931448
CC(C)N(CCCNC(=O)Nc1ccc(C(C)(C)C)cc1)C[C@H]1O[C@@H](n2cnc3c(N)ncnc32)[C@H](O)[C@@H]1O,2.0207276
Cc1sc2ncnc(N3CCN(c4ncccn4)CC3)c2c1C,3.5411792
C1CCC(C(CC2CCCCN2)C2CCCCC2)CC1,2.2243495
O=C(Nc1cc(-c2ccncc2)c[nH]c1=O)[C@H](Cc1ccccc1)NC1(c2ccccn2)CC1,2.9032266
C[C@H](Nc1ncc(F)c(Nc2cc(C3CC3)[nH]n2)n1)c1ccc(F)cn1,3.24822
N#CC1(NC(=O)[C@@H]2CCCC[C@H]2C(=O)N2CCN(c3nc(-c4ccccc4)cs3)CC2)CC1,3.0330048
O=S1(=O)CC(O)C(N2CCC(c3ccccc3)CC2)C1,0.9392793
O=C(O)c1cccnc1N1CCC(CN2CCC(Oc3ccc(Cl)c(Cl)c3)CC2)CC1,2.3031425
NS(=O)(=O)c1cc(C(=O)O)c(NCc2ccco2)cc1Cl,-0.53845835
CC(=O)Nc1cccc(OCc2cnc(Cl)s2)c1,2.2901807
COc1ccc(/C=C2\SC(=S)NC2=O)cc1OC,2.102905
O=C(c1cccc(Cc2n[nH]c(=O)c3ccccc23)c1)N1CCN(c2ncccn2)CC1,1.9407332
Fc1cccc(COc2ccc(Nc3ncnc4ccc(-c5cccc(N6CCOCC6)c5)cc34)cc2Cl)c1,4.322192
COc1ccc(-c2cc(NC(=O)Cc3ccc4ccccc4c3)[nH]n2)cc1OC,3.6428285
N#Cc1ccc(CN2CCN(c3ccc4nnc(C(F)(F)F)n4n3)CC2)cc1,2.619763
Fc1cccc(CN2CCN(c3ccc4nnc(C(F)(F)F)n4n3)CC2)c1F,3.345921
Fc1ccc(CN2CCN(c3ccc4nnc(C(F)(F)F)n4n3)CC2)cc1,3.1441002
CC(C)(C(=O)Nc1nnc(C(=O)Nc2ccc(N3CCOCC3)cc2)o1)c1ccc(Cl)cc1,3.1380804
N#Cc1ccc(NC(=O)Nc2ccccc2Br)c2nn[nH]c12,2.5578058
COc1cc(C(=O)NS(=O)(=O)c2ccccc2)ccc1Cn1ccc2ccc(C(=O)NCC3CCCC3)cc21,2.1367218
COc1ccc(-c2csc(N(CCCN3CCOCC3)C(=O)c3ccco3)n2)cc1,3.3243837
NC(=O)c1cccc(C[C@@H]2C[C@@H]3CC[C@H](C2)N3Cc2ccccc2)c1,1.5703368
NC(=O)c1cccc(C[C@H]2C[C@@H]3CC[C@H](C2)N3Cc2ccccc2)c1,1.442505
COc1cc2ncnc(Nc3ccc(F)c(Cl)c3)c2cc1OCCN1CCN(C)CC1,2.8756776
Cc1cc2n[nH]c(=O)n2c2cc(-c3cn[nH]c3)ccc12,2.5639417
Nc1ncccc1NCc1cccc(-c2cccnc2)c1,2.7404943
N#Cc1cccc(NCC(=O)Nc2c(Cl)ccc3nc(N4CC[C@@H](O)C4)ccc23)c1,2.7542355
OC(Cn1cncn1)(Cn1cncn1)c1ccc(F)cc1F,0.48666573
COc1ncc2ccc(=O)n(CCN3CCC(NCc4cc5c(cn4)OCCO5)CC3)c2n1,0.250669
COc1ccc(CNC(=O)CSc2nc3cccnc3s2)cc1,2.4637122
NC1(C(=O)NC(Cc2ccccc2)c2ccc(Cl)cc2)CCN(c2ncnc3[nH]ccc23)CC1,3.6379051
O=C(NCC1CCOCC1)c1nc(OS(=O)(=O)CCC(F)(F)F)ccc1NC(=O)c1ccc(Cn2ccnn2)c2ccccc12,3.5963678
O=C1COc2ccc(CNC3CCN(CCN4C(=O)COc5ccc(-c6ccco6)cc54)CC3)nc2N1,1.5762067
Cn1c(C#N)ccc1-c1ccc2c(c1)C(C)(C)OC(=S)N2,3.2532213
Nc1nccc(-c2cccs2)n1,1.6183633
Cc1ccccc1C(=O)N1CCN(c2ccccn2)CC1,2.430903
O=C(c1cccc(Cl)c1Cl)N1CCN(c2ccccn2)CC1,3.140468
C[C@@H](Oc1ccc(S(C)(=O)=O)cc1C(=O)N1CCN(c2ncc(C(F)(F)F)cc2F)CC1)C(F)(F)F,3.0440454
Cc1ncccc1Oc1ncnc(OC2C3COCC2CN(C(=O)OC(C)C)C3)c1C,3.1759074
C[C@H]1CN(Cc2nnc(-c3cc(-c4cccc5[nH]ccc45)cc4[nH]ncc34)o2)C[C@@H](C)O1,3.6559634
COc1cc(N2CCN(C(=O)[C@@H]3CCCC[C@H]3C(=O)NC3(C#N)CC3)[C@H](C)C2)ccc1C1CC1,2.9720154
N#Cc1nc(NC2CCOC2)c(N)c(N2CCOCC2)n1,1.4791675
NC(=O)c1nnn(-c2ccccc2)c1N,0.95393443
C[C@@]1(C(=O)Nc2ccc(F)nc2)CCCN1c1nc(Nc2cc(C3CC3)[nH]n2)c2cccn2n1,3.5799618
C[C@@]1(c2cc(-c3cncnc3)c(F)cc2F)CCSC(N)=N1,1.0286498
OC1(C#Cc2ccc(-c3ccccc3)cc2)CN2CCC1CC2,3.0064163
Clc1cccc(-n2nnnc2NCc2ccccc2Oc2ccccn2)c1Cl,3.5795922
N#Cc1cccc(-c2nc(-c3ccccn3)no2)c1,2.675652
O=C(CO)N1CCC[C@@H]1COc1cccc2ncnc(Nc3ccc(OCc4ccccn4)c(Cl)c3)c12,3.2768743
O=C(CO)N1CCC[C@H]1COc1cccc2ncnc(Nc3ccc(OCc4ccccn4)c(Cl)c3)c12,3.3298478
COc1cc(-n2cnc3cc(-c4ccc(Cl)cc4)sc3c2=O)ccc1OCCN1CCCC1,3.356887
Nc1cc(N2CCCCC2)nc(N)[n+]1[O-],0.81147206
CCOC(=O)Nc1ccc2c(c1)N(C(=O)CCN1CCOCC1)c1ccccc1S2,2.5595005
NS(=O)(=O)c1ccc2c(C(=O)NC[C@@H](O)CN3CCC(Oc4ccc(Cl)c(Cl)c4)CC3)c[nH]c(=O)c2c1,2.421177
Cc1cc(Cl)ccc1OC1CCN(C[C@H](O)CNC(=O)c2c[nH]c(=O)c3cc(S(C)(=O)=O)ccc23)CC1,2.3918612
CN(C)S(=O)(=O)c1ccc2c(C(=O)NC[C@@H](O)CN3CCC(Oc4ccc(Cl)c(Cl)c4)CC3)c[nH]c(=O)c2c1,2.741424
CS(=O)(=O)c1ccc2c(C(=O)NC[C@@H](O)CN3CCC(Oc4ccc(C#N)c(Cl)c4)CC3)c[nH]c(=O)c2c1,1.5589625
O=C(NC[C@@H](O)CN1CCC(Oc2ccc(Cl)c(Cl)c2)CC1)c1c[nH]c(=O)c2c(F)cccc12,3.2939694
CS(=O)(=O)c1ccc2c(C(=O)NC[C@@H](O)CN3CCC(Oc4ccc(Cl)c(Cl)c4)CC3)c[nH]c(=O)c2c1,2.5782678
O=C(NC[C@@H](O)CN1CCC(Oc2ccc(Cl)c(Cl)c2)CC1)c1c[nH]c(=O)c2ccccc12,3.2777
Cc1c(Cl)ccc(OC2CCN(C[C@H](O)CNC(=O)c3c[nH]c(=O)c4cc(S(C)(=O)=O)ccc34)CC2)c1Cl,2.7443516
O=C(NC[C@@H](O)CN1CCC(Oc2ccc(Cl)c(Cl)c2)CC1)c1c[nH]c(=O)c2cc(S(=O)(=O)NCCO)ccc12,2.2576423
N#Cc1ccc(OC2CCN(C[C@H](O)CNC(=O)c3c[nH]c(=O)c4ccccc34)CC2)cc1Cl,2.483937
CNS(=O)(=O)c1ccc2c(C(=O)NC[C@@H](O)CN3CCC(Oc4ccc(Cl)c(Cl)c4)CC3)c[nH]c(=O)c2c1,2.5621772
O=C(NC[C@@H](O)CN1CCC(Oc2ccc(Cl)c(Cl)c2)CC1)c1c[nH]c(=O)c2ccc(F)cc12,3.344971
Cc1cc(Cl)ccc1OC1CCN(C[C@H](O)CNC(=O)c2c[nH]c(=O)c3c(F)cccc23)CC1,3.2095323
COc1ccc(CNC(=O)Nc2ncc([N+](=O)[O-])s2)cc1,2.7786148
Cc1ccc(S(=O)(=O)Nc2c(C(=O)N[C@@H](C)C(C)(C)C)c(C)nn2C2CCC2)cc1,1.522867
C[C@@H](Oc1cccc2ncnc(Nc3ccc4c(cnn4Cc4ccccn4)c3)c12)C(=O)N1CCOCC1,2.8823905
Cc1cc(NC(=O)Nc2ccc(Cl)cc2)n(-c2ccccc2)n1,3.485498
O=C(/C=C/Sc1nc[nH]n1)c1ccc(Cl)cc1,2.6486993
CN(C)C(=O)[C@H](Cc1ccccc1)NC(=O)c1cc2cc(F)ccc2[nH]1,3.4124246
CN(C)C(=O)[C@H](Cc1ccccc1)NC(=O)c1cc2ccccc2[nH]1,3.3654838
CN(C)C(=O)[C@H](O)[C@H](Cc1ccccc1)NC(=O)c1cc2cc(Cl)ccc2[nH]1,3.3290682
O=C(O)COc1ccc(Cl)cc1CN1CCCN(S(=O)(=O)c2ccccc2)CC1,0.20527506
NC1=NN(c2cccc(C(F)(F)F)c2)CC1,2.011601
COc1ccc2nc(C)cc(OCC(=O)Nc3ccccc3OC)c2c1,3.1060987
CCC(CC)NC(=O)c1nnn(-c2ccccc2)c1NS(=O)(=O)c1ccc(C)cc1,0.475384
CN1CCN(S(=O)(=O)c2ccc(-c3cnc(N)c(C(=O)Nc4cccnc4)n3)c(C(F)(F)F)c2)CC1,3.217577
CN1CCN(S(=O)(=O)c2ccc(-c3cnc(N)c(C(=O)Nc4cccnc4)n3)cc2F)CC1,2.8244185
Cc1cc(S(=O)(=O)N2CCN(C)CC2)ccc1-c1cnc(N)c(C(=O)Nc2cccnc2)n1,2.9525568
Cc1nocc1C(=O)Nc1ccc(-c2ccccc2OC(F)(F)F)c(N)n1,3.436354
CS(=O)(=O)C1(c2cc(N3CCOCC3)nc(-c3cccc4[nH]ccc34)n2)CCNCC1,0.5784004
CN1CCC(c2cc(N3CCOCC3)nc(-c3cccc4[nH]ccc34)n2)(S(C)(=O)=O)CC1,1.6648612
N=C(N)c1cc2c(/C=C/c3ccc4c(c3)OCO4)cccc2s1,2.1292286
O=S(=O)(CCCOCCSc1ccccc1)CCNCCc1ccc(O)c2nc(O)sc12,2.646729
CCOc1ccc(-c2cnc3n2CCC3)cc1,2.572738
O=C(Nc1c(Cl)cncc1Cl)c1ccc(OC(F)F)c(OCC2CC2)c1,3.5394287
Cc1cc2c(C)cc(=O)oc2c2c1NCCC2,2.5291986
O=C(N[C@@H](Cc1ccc(C#CCCNc2ccccn2)cc1)C(=O)O)c1c(Cl)cccc1Cl,0.4222176
Cc1sc2c(c1C)C(c1ccc(Cl)cc1)=N[C@@H](CC(=O)OC(C)(C)C)c1nnc(C)n1-2,3.6080961
CCc1cc2c(s1)-n1c(C)nnc1CN=C2c1ccccc1Cl,2.744712
Oc1ccc(C2=Cc3ccc(O)cc3OC2)cc1,3.391645
COc1cc(Nc2ncc(C)s2)nc(N[C@@H](C)c2ncc(F)cn2)n1,2.8735385
CN(C)CCNc1cc(-c2ccccc2)nc2cc(-c3ccc(F)cc3)nn12,3.2319813
CN[C@@H](C)C(=O)N[C@H](C(=O)N[C@H]1CCN(CCCc2ccccc2)C1)C1CCCCC1,1.8148001
CSCCC(NC(=O)c1sccc1Cl)c1nc2ccccc2[nH]1,3.4905267
CN1CCN(C2=Nc3cc(Cl)ccc3Nc3ccccc32)CC1,3.2378597
Nc1ccccc1NC(=O)c1ccc(N2CCOCC2)cc1,1.3647534
Cc1nc(CSc2nc(N[C@H](C)CO)c3sc(N)nc3n2)cs1,1.9081202
COc1ccc(-c2cc(=O)c3ccccc3[nH]2)cc1,3.2010374
O=c1cc(-c2ccc(O)cc2)[nH]c2ccccc12,2.9164374
Oc1ccc(-c2csc(-c3ccc(O)cc3)n2)cc1,3.4689598
CSc1ncccc1C(=O)NCCc1ccc(Cl)cc1,3.2839108
O=[N+]([O-])c1c(Cl)c(Cl)cc2nc(O)c(O)nc12,0.02662301
O=C1CCCCCN1,-0.18324924
CC(C)(C)C(=O)N[C@H]1CCCCNC1=O,0.62992287
Nc1ccccc1NC(=O)c1ccc(CNc2nccc(-c3cccnc3)n2)cc1,2.6508021
CNC1=Nc2ncccc2C(c2ccco2)=NC1c1ccns1,1.452201
CC(=O)Nc1nc(C)c(-c2cnc(F)c(NS(=O)(=O)c3sc(C)nc3C)c2)s1,0.5393386
COc1ccc(-c2nc3c(NCCCNC(=O)C4(CN)CC4)c(Br)cnc3[nH]2)cc1,1.6057618
COc1ccc(-c2nc3c(NCCCNC(=O)C4CC4)c(Br)cnc3[nH]2)cc1,2.8975687
C[C@H](CO)Nc1nc(SCc2ccco2)nc2[nH]c(=O)sc12,2.1414118
O=C(NCCCN1CCCCC1)C(c1ccccc1)c1ccccc1,1.6445367
NC(=O)Nc1sc(-c2ccccc2)cc1C(=O)N1CCOCC1,2.1467576
CN(c1ccnc(Nc2cccc(S(C)(=O)=O)c2)n1)c1cccc2[nH]ncc12,3.1384063
NS(=O)(=O)c1cccc(Nc2nccc(Nc3cccc4[nH]ncc34)n2)c1,2.645207
CS(=O)(=O)c1cccc(Nc2nccc(Nc3cccc4[nH]ncc34)n2)c1,2.896368
CN1CCN(CCOc2n[nH]c3ncnc(Nc4ccc(OCc5ccccn5)c(Cl)c4)c23)CC1,2.754493
C[C@@](N)(Cc1ccccc1)c1ccccc1,1.5233284
Oc1ccc(CCc2ccc(O)cc2)cc1,3.2915921
NC(Cc1ccccc1)c1ccccc1,1.0738527
C[C@](N)(Cc1ccccc1)c1ccccc1,1.5797465
NC1C2CN(c3nc4c(cc3F)c(=O)c(C(=O)O)cn4-c3ccc(F)cc3F)CC12,-0.20278764
CC(C)(C(=O)O)c1ccc(C(O)CCCN2CCC(C(O)(c3ccccc3)c3ccccc3)CC2)cc1,0.40410745
CC(C)(C)c1ccc(C(O)CCCN2CCC(C(O)(c3ccccc3)c3ccccc3)CC2)cc1,3.7679415
CC(C)Cn1c(=O)n(C)c(=O)c2c(S(=O)(=O)N3CC[C@@H](O)C3)c(Cc3ccccc3C(F)(F)F)sc21,3.296441
CC[C@H](CO)Nc1nc(NCc2ccccc2)c2ncn(C(C)C)c2n1,3.492354
CCCSc1nc(N[C@H]2CC[C@H](C(=O)O)CC2)ccc1C(=O)NC1CCCCC1,1.8645262
COc1ccc(-n2sc3ccccc3c2=O)cc1,2.9026825
Cc1cc(=O)oc2cc3c(cc12)CCCN3,2.2735946
CC(NC(=O)C1(N)CCN(c2ncnc3[nH]ccc23)CC1)c1cccnc1,1.2668302
NC1(c2ccc(-c3nn4cccc4cc3-c3ccccc3)cc2)CCC1,2.806172
COc1cccc([C@@H](C)NCCCc2ccccc2Cl)c1,3.0865102
O=C(O)Cc1csc(-c2ccc(Cl)cc2)n1,0.12629724
Cc1nc(-c2ccc(OCC(C)C)c(C#N)c2)sc1C(=O)O,0.64239573
O=S(=O)(CCCOCCc1nccc2ccccc12)CCNCCc1ccc(O)c2nc(O)sc12,2.2775593
Cc1nc(CSc2ccc(Cl)cc2)cc(N2CCOCC2)n1,3.3615167
O=C(C1CCN(c2nnc(-n3cccc3)s2)CC1)N1CCN(Cc2ccc3c(c2)OCO3)CC1,2.9610739
FC(F)(F)c1nnc2ccc(N3CCCC3)nn12,2.3665378
C[C@@H](NC1=CC(=O)NCC1)c1ccc(Nc2ncc3cc(-c4ccncc4)ccc3n2)cc1,2.7048266
COCc1ccoc1C(=O)N(c1ccc(OC)cc1OC)C(C(=O)NC[C@@H](C)O)c1ccccc1F,1.9559138
COc1ccc(N(C(=O)c2occc2CO)C(C(=O)NC[C@@H](C)O)c2ccccc2F)c(OC)c1,1.5204186
COc1ccc(N(C(=O)c2occc2C)C(C(=O)NC[C@@H](C)O)c2ccccc2F)c(OC)c1,2.1972399
COc1ccc(N(C(=O)c2occc2Cl)C(C(=O)NC[C@@H](C)O)c2ccccc2F)c(OC)c1,2.20589
CCO/N=C(\c1ccc(Br)cc1)C1CCN(C2(C)CCN(C(=O)c3c(C)cc[n+]([O-])c3C)CC2)CC1,2.2012045
O=C1CN(C(=O)c2ccco2)c2ccccc2N1,1.466471
CC(C)(C)OC(=O)N1CCN(c2ccc(OCc3ccc(S(C)(=O)=O)cc3)cc2)CC1,3.474845
Nc1nc2ccc(Cl)cc2c2nc(-c3ccco3)nn12,3.2853355
COc1cc(C(=O)O)ccc1Cc1cn(C)c2ccc(NC(=O)CC3CCCC3)cc12,1.8991086
CC(C)Cn1c(=O)n(C)c(=O)c2c(C(=O)N3C[C@H](O)CO3)c(Cc3ccnc4ccccc34)sc21,2.1272802
Cc1ccc(-c2ncc(CN3CCOCC3)s2)cc1NC(=O)c1ccc(OCc2ccccn2)cc1,3.4699674
OCCN1CC=CC[C@H](c2ccc(Cl)c(Cl)c2)C1,2.609706
CN1CC=CCC(c2ccc(Cl)c(Cl)c2)C1,2.9075139
Clc1ccc([C@H]2CC=CCNC2)cc1Cl,1.7889962
Fc1ccc(C2CC=CCNC2)cc1Cl,1.4969213
Clc1ccc(C2CC=CCNC2)cc1Cl,1.8602208
COc1ccc(COc2nc(Br)cnc2NS(=O)(=O)c2ccc(C)cc2)cc1OCCN(C)C,1.5161636
Clc1cccc2cn[nH]c12,2.2478688
COc1cccc2[nH]ncc12,1.8609805
O=[N+]([O-])c1ccc2[nH]ncc2c1,1.9523388
c1ccc2[nH]ncc2c1,1.809926
Clc1ccc2[nH]ncc2c1,2.5208864
Fc1ccc2cn[nH]c2c1,2.0596852
Nc1ccc2cn[nH]c2c1,0.9644209
Nc1n[nH]c2c(Cl)cccc12,1.5920552
Clc1cccc2[nH]ncc12,2.3237724
CC(C)(C)Cn1c(CN2C(=O)CC3(CCNCC3)C2=O)cc2cnc(C#N)nc21,0.3941685
Cc1c(Oc2ccc(S(C)(=O)=O)cc2F)ncnc1OC1CCN(C(=O)OC(C)C)CC1,3.325808
COc1cc(N2CCN(CCO)CC2)ccc1Nc1ncc(Cl)c(-c2cnc3ccccn23)n1,3.225064
COc1cc(N2CCN(C(C)=O)CC2)ccc1Nc1ncc(Cl)c(-c2cnc3c(C)cccn23)n1,3.4622645
COc1cc(N2CCN(CCS(C)(=O)=O)CC2)ccc1Nc1ncc(Cl)c(-c2cnc3ccccn23)n1,3.332557
COc1cc(N2CCN(C(C)=O)CC2)ccc1Nc1ncc(Cl)c(-c2cnc3ccc(N(C)C)cn23)n1,3.3954244
COc1cc(N2CCN(C(C)=O)CC2)ccc1Nc1nccc(-c2cnc3ccccn23)n1,3.054351
COc1cc(N2CCN(C(N)=O)CC2)ccc1Nc1ncc(Cl)c(-c2cnc3ccccn23)n1,3.172945
COc1cc(N2CCN(C(C)=O)CC2)ccc1Nc1ncc(Cl)c(-c2cnc3c(F)cccn23)n1,3.425306
COc1cc(N2CCN(C(C)=O)CC2)ccc1Nc1ncc(Cl)c(-c2cnc3cc(Cl)ccn23)n1,3.5658774
COc1cc(N2CCN(C(C)=O)CC2)ccc1Nc1ncc(C(F)(F)F)c(-c2cnc3ccccn23)n1,3.5219836
COc1cc(N2CCN(C(C)=O)CC2)ccc1Nc1ncc(Cl)c(-c2cnc3c(OC)cccn23)n1,3.4043837
COc1cc(N2CCN(C(C)=O)CC2)ccc1Nc1ncc(Cl)c(-c2cnc3c(F)cc(F)cn23)n1,3.482922
COc1cc(N2CCN(C(C)=O)CC2)ccc1Nc1ncc(C)c(-c2cnc3ccccn23)n1,3.2858944
CC(=O)N1CCN(c2ccc(Nc3nccc(-c4cnc5ccccn45)n3)cc2)CC1,3.0456052
COc1cc(N2CCN(C(C)=O)CC2)ccc1Nc1ncc(Cl)c(-c2cnc3cc(CO)ccn23)n1,3.0127072
COc1cc(N2CCN(C(C)=O)CC2)ccc1Nc1ncc(C#N)c(-c2cnc3ccccn23)n1,2.6885295
COc1cc(N2CCN(C(C)=O)CC2)ccc1Nc1ncc(OC)c(-c2cnc3ccccn23)n1,3.1856089
COc1cc(N2CCN(C(C)=O)CC2)ccc1Nc1ncc(Cl)c(-c2cnc3cc(C)ccn23)n1,3.5600476
COc1cc(N2CCN(C(C)=O)CC2)ccc1Nc1ncc(Cl)c(-c2cnc3cc(F)ccn23)n1,3.469576
COc1cc(N2CCN(C(C)=O)CC2)ccc1Nc1ncc(Cl)c(-c2cnc3cc(C#N)ccn23)n1,3.230619
COc1cc(N2CCN(C(C)=O)CC2)ccc1Nc1ncc(Cl)c(-c2cnc3c(N)cccn23)n1,3.218254
COc1cc(N2CCN(C(C)=O)CC2)ccc1Nc1ncc(Cl)c(-c2cnc3c(CO)cccn23)n1,3.0911238
COc1cc(N2CCN(C(C)=O)CC2)ccc1Nc1ncc(Br)c(-c2cnc3ccccn23)n1,3.4267464
COc1cc(N2CCN(C(C)=O)CC2)ccc1Nc1ncc(Cl)c(-c2cnc3ccccn23)n1,3.399395
COc1cc(N2CCNCC2)ccc1Nc1ncc(Cl)c(-c2cnc3ccccn23)n1,2.305638
COc1ccc(N(C(C)=O)C(C(=O)NC2CCCC2)c2ccccc2F)c(OC)c1,2.5222595
Cc1ccc(S(=O)(=O)Nc2c(C(=O)N[C@@H](C)C(C)(C)C)c(C)nn2C2CCCCC2)cc1,2.184458
N#Cc1ccc(Nc2nccc(NC3CC3)n2)cc1,2.82391
O=C(Nc1c[nH]nc1-c1nc2cc(CN3CCOCC3)ccc2[nH]1)NC1CC1,2.261391
CC(Cc1ccc(O)cc1)NCC(O)c1cc(O)cc(O)c1,0.5284381
COc1ccc(C[C@@H](C)NC[C@H](O)c2ccc(O)c(NC=O)c2)cc1,0.530331
O=C(Nc1ccc(Oc2cccnc2)nc1)c1nnc(Nc2ccccc2F)o1,3.1179204
CC(C)(C)NC[C@H](O)COc1nsnc1N1CCOCC1,-0.23986197
CC(C)(C)NCC(O)COc1nsnc1N1CCOCC1,-0.24122047
CN[C@@H](C)C(=O)N[C@H]1CN(C(=O)CC(C)C)CC[C@H]2CC[C@@H](C(=O)NC(c3ccccc3)c3ccccc3)N2C1=O,1.8878226
O=C(O)CC[C@@H]1c2ccccc2C[C@H]1NC(=O)c1cc2sc(Cl)c(Cl)c2[nH]1,2.6041174
O=C(O)C[C@@H]1c2ccccc2C[C@H]1NC(=O)c1cc2sc(Cl)c(Cl)c2[nH]1,2.2349591
O=C(O)CO[C@@H]1c2ccccc2C[C@H]1NC(=O)c1cc2sc(Cl)c(Cl)c2[nH]1,1.6450627
O=C(O)CC(=O)N[C@@H]1c2ccccc2C[C@H]1NC(=O)c1cc2sc(Cl)c(Cl)c2[nH]1,1.0488893
Cc1ccc(-c2ccc(S(=O)(=O)N3CCC[C@H]3C(=O)N3CC[C@@H](N)C3)cc2F)o1,1.4595222
COc1ccc2c(c1)[nH]c1c(C)nccc12,2.9594612
COc1cc(C(=O)NC2CCN(C)CC2)ccc1Nc1ncc2c(n1)N(C1CCCCC1)CCC(=O)N2C,2.7829185
O=C(NCC1CCCCN1)c1cc(OCC(F)(F)F)ccc1OCC(F)(F)F,1.7863623
O=c1[nH]c2c(O)ccc([C@@H](O)CNCCc3cccc(CNCCc4ccccn4)c3)c2s1,-0.07041097
Nc1c2c(nc3ccc(Br)cc13)N(c1ccccc1)CC2,3.419889
COc1nc(Cl)cnc1NS(=O)(=O)c1cccc2c(N(C)C)cccc12,1.6321656
CN(C)c1cccc2c(S(=O)(=O)Nc3cnccn3)cccc12,0.34246993
COc1nc(Br)cnc1NS(=O)(=O)c1cccc2c(N(C)C)cccc12,1.6892756
CCCc1c(OCc2cccc(NC(=O)c3ccccc3C(=O)O)c2)ccc(C(C)=O)c1O,2.602673
Cc1ccc(C(=O)C(C)CN2CCCCC2)cc1,2.0699997
CCOC(=O)c1ncn2c1CN(C)C(=O)c1cc(F)ccc1-2,1.2129512
CC(c1ccccc1)C(Cc1nc2ccccc2[nH]1)c1nc2ccccc2[nH]1,3.8457406
CC(C)C1NCCc2c1sc1ccccc21,2.8199763
CN[C@@H](C)C(=O)N[C@H](C(=O)N[C@H]1CCN(Cc2ccccc2)C1)C1CCCCC1,1.7015584
Cc1ccc(NC(=O)c2cccc(N3CCOCC3)c2)cc1-n1cnc2ccc(N3CCN(C)CC3)cc2c1=O,2.3044097
Cc1c(N)cccc1Cn1ccc(OCCc2cccs2)cc1=O,2.3856652
CCN(C(=O)Nc1ccccc1)c1ccccc1,3.0650358
O=C(Nc1ccc([N+](=O)[O-])cc1O)Nc1ccccc1Br,3.2765245
O=C(Nc1ccccc1)Nc1ccccc1C(=O)O,0.71374273
C[C@H]1O[C@@H](n2cnc3c(N)nc(OCC45CC6CC(CC(C6)C4)C5)nc32)[C@H](O)[C@@H]1O,3.2439713
C[N+]1(C)[C@H]2C[C@H](OC(=O)C(O)(c3cccs3)c3cccs3)C[C@@H]1[C@H]1O[C@@H]21,-0.55623555
CCOC(=O)Nc1cccc([C@@H](c2ccc(C(=O)N(C)CC)cc2)N2CCN(Cc3nc[nH]c3C)CC2)c1,2.4438448
CCOC(=O)Nc1cccc([C@@H](c2ccc(C(=O)N(C)CC)cc2)N2CCN(Cc3c[nH]c(C)n3)CC2)c1,2.3316479
CC(=O)Nc1cc(CN2C(=O)N(c3ccc(SC(F)(F)F)cc3)C(=O)C2(C)C)ccn1,3.0857422
c1ccc(OCC2CNCCO2)cc1,-0.12797713
COc1ccc(OC)c(CNc2n[nH]c3ccnc(Oc4ccccc4)c23)c1,3.9538574
O=c1c2ccccc2nc2ccccn12,1.8314319
CN1CCN(c2cc3c(Nc4ccc(F)cc4F)c(C(N)=O)cnc3cc2F)CC1,2.7389164
COc1cc2ncc(C(N)=O)c(Nc3ccc(F)cc3F)c2cc1N1CCN(C)CC1,2.5021856
COCCOc1cc2ncc(C(N)=O)c(Nc3ccc(C)cc3F)c2cc1N1CCN(C)CC1,2.7060184
CN1CCN(c2ccc3ncc(C(N)=O)c(Nc4ccc(F)cc4F)c3c2)CC1,2.464752
CN1CCN(c2ccc3ncc(C(N)=O)c(Nc4ccc(Cl)cc4Cl)c3c2)CC1,3.0997963
CN1CCN([C@H]2C[C@@H](c3nc(-c4ccc5ccc(-c6ccccc6)nc5c4)c4c(N)nccn43)C2)CC1,2.7801423
NC(=O)c1cncc(O[C@@H]2C[C@@H]3CC[C@H](C2)N3Cc2ccccc2)n1,0.93587756
CC(C)CC(N(C)C)C1(c2ccc(Cl)cc2)CCC1,3.257425
N#C/C(=C(/N)Sc1ccc(N)cc1)c1ccccc1C(F)(F)F,3.3028383
N#C/C(=C(\N)Sc1ccc(N)cc1)c1ccccc1C(F)(F)F,3.2068324
NC(=O)c1ccc(=O)n(Cc2ccc(F)c(F)c2)c1,1.2077397
NC(=O)c1ccc(=O)n(Cc2ccc(Cl)cc2Cl)c1,2.1881075
NC(=O)c1ccn2c(-c3ccccc3)c(-c3ccc(C4(N)CCC4)cc3)nc2c1,1.7790602
NC1(c2ccc(-c3nc4ccccn4c3-c3ccccc3)cc2)CCC1,2.7385669
CN1CCN(C(=O)c2cccc(Cc3n[nH]c(=O)c4ccccc34)c2)CC1,0.95901394
CCC(=O)N1CCN(C(=O)c2cc(Cc3n[nH]c(=O)c4ccccc34)ccc2F)CC1,1.2372032
CN1CCN(C(=O)c2cc(Cc3n[nH]c(=O)c4ccccc34)ccc2F)CC1,1.0465462
CCCN(CCC)C(=O)c1cccc(C(=O)N[C@@H](Cc2ccccc2)[C@H](O)CNCc2cccc(OC)c2)c1,2.6044662
COc1cc(F)ccc1-c1cccc(CNC2CCCC2)c1,2.4643896
COc1cc(OC)c(S(=O)(=O)NCc2ccccc2N2CCC(CO)CC2)cc1NC(C)=O,1.1108643
COc1cc(OC)c(S(=O)(=O)NCc2ccccc2N2CCCCC2)cc1NC(=O)CCC(=O)O,-0.5556357
Cc1ccc(/C(=C\CN2CCCC2)c2ccccn2)cc1,2.128076
Cc1ccc(C(=O)Oc2ccc(C(O)CNC(C)(C)C)cc2OC(=O)c2ccc(C)cc2)cc1,3.4627447
O=c1cc(N2CCOCC2)oc2c(-c3ccccc3)cccc12,3.2674618
Nc1n[nH]c2nnc(-c3ccccc3)c(-c3ccccc3)c12,2.3963575
O=S(=O)(Nc1ncc(Cl)s1)c1cc(F)c(Oc2ccc(F)cc2-c2cn[nH]c2)cc1F,2.9307957
COc1cc(F)ccc1-c1cncc(CNC[C@@H]2CCCO2)n1,1.7115823
CC(C)[C@H](NC(=O)C[C@H](NC(=O)/C=C/c1ccccc1)c1ccccc1)C(=O)[C@@H]1C(=O)NC(=O)[C@H]1C,2.0540085
O=C(NCCSCc1ccccc1)c1ccccc1,3.3234253
COC(=O)COc1ccc(C(=O)Nc2ccc(F)cc2)cn1,2.1291618
O=c1[nH]cnc2cc(F)c(F)cc12,0.9651773
O=c1c2ccccc2nc2n1CCS2(=O)=O,0.40733862
Cc1nc(C(=O)N2CCCC3(CCN(Cc4ccc(Cl)cc4)CC3)C2)cs1,1.5974765
Cc1nc(C(=O)N2CCCC3(CCN(Cc4ccccc4)CC3)C2)cs1,0.8687271
CN(C(=O)c1ccncc1)C1CCN(CCC(c2ccccc2)c2ccccc2)CC1,2.5942926
CCC(c1nc2ccsc2c(=O)n1Cc1ccccc1)N(CCCN)C(=O)c1ccc(C)nc1,0.90074277
CC(c1ccccc1)N1Cc2ccccc2C1=O,2.6074123
C[C@@](O)(C(=O)Nc1ccc(C(=O)N2CCCCC2)cc1Cl)C(F)(F)F,2.7229614
Cc1cnc(C(=O)NCCc2ccc(S(=O)(=O)NC(=O)NC3CCCCC3)cc2)cn1,0.26934862
Cc1nn(-c2ccc(F)cc2)c(NS(=O)(=O)c2cccnc2)c1C(=O)N[C@@H](C)C(C)(C)C,-0.09919405
Cc1cc(CCCOc2c(C)cc(-c3noc(C(F)(F)F)n3)cc2C)on1,3.6879072
CC(C)COCC(CN(Cc1ccccc1)c1ccccc1)N1CCCC1,3.4039433
Cc1ccc(C(=O)NC2CCC2)cc1-n1cnc2ccc(N3CCN(C)CC3)cc2c1=O,1.7106106
C[C@H](N)C(=O)N[C@H](/C=C/S(=O)(=O)c1ccccc1)CCc1ccccc1,1.7953312
Fc1ccc(C2CCN(C(=S)COCc3ccncc3)CC2)c(Cl)c1,3.1338751
CN1CCN(CC(=O)Nc2c(C#N)cnn2-c2ccccc2)CC1,-0.21363664
CN1CCC[C@H]1c1ccccn1,0.12395787
CCN(CC)C(=O)c1ccc(C(=C2CCNCC2)c2ccccc2)cc1,0.8785424
CCN(CC)C(=O)c1ccc(C(=C2CCNCC2)c2ccc(Cl)c(Cl)c2)cc1,2.2379537
CCN(CC)C(=O)c1ccc(C(=C2CCNCC2)c2ccccc2OC)cc1,0.8503139
CCN(CC)C(=O)c1ccc(C(=C2CCNCC2)c2cccc(C(F)(F)F)c2)cc1,1.7549359
CCN1CCCC1CNC(=O)c1cc(S(N)(=O)=O)ccc1OC,-0.6810193
CCN1CCC[C@H]1CNC(=O)c1c(O)c(Cl)cc(Cl)c1OC,0.6812651
CCN1CCC[C@H]1CNC(=O)c1c(OC)ccc(Br)c1OC,0.5625441
CCN1CCC[C@H]1CNC(=O)c1cc(Br)cc(OC)c1OC,0.85317254
CCN1CCC[C@H]1CNC(=O)c1cc(S(N)(=O)=O)ccc1OC,-0.73831844
C[C@@H](NC(=O)[C@H]1CCCNC1)c1ccc(Nc2ncc3cc(-c4ccncc4)ccc3n2)cc1,1.7083507
CCCCN1Cc2c(nc3cc(-c4ccco4)nn3c2O)C1=O,1.0380557
CS(=O)(=O)Nc1cccc(NC(=O)CN2CCN(C(=O)C[C@H](N)Cc3ccc(F)c(F)c3)[C@H](Cc3ccccc3)C2)c1,1.9692733
CC(C)(N)C(=O)N[C@H](Cc1c[nH]c2ccccc12)C(=O)N[C@H](Cc1c[nH]c2ccccc12)NC=O,0.9666045
COc1cc(OC)nc(-n2ncc(Cl)c(Cl)c2=O)n1,1.501123
CC(C)(F)C[C@H](N[C@@H](c1ccc(-c2ccc(S(C)(=O)=O)cc2)cc1)C(F)(F)F)C(=O)NC1(C#N)CC1,3.341566
O=c1cc(-c2ccccc2)oc2cc(O)cc(O)c12,3.106193
O=c1cc(-c2ccc(O)cc2)oc2ccc(O)cc12,3.026246
O=c1cc(-c2ccccc2)oc2ccc(O)cc12,3.271783
O=c1cc(-c2ccc(O)cc2)oc2cc(O)ccc12,2.9899805
CC(C)C(=O)Nc1ccc2c(c1)C(=O)NC2=O,1.0123447
O=C1CC2(CCCC2)CC(=O)N1CCCCN1CCN(c2ncccn2)CC1,1.5911543
CC(=O)Nc1ccc(S(=O)(=O)Nc2ccccn2)cc1,0.38992727
COc1ccc(S(=O)(=O)Nc2ccccn2)cc1,1.0021396
Nc1ccc(S(=O)(=O)Nc2ccccn2)cc1,0.10590291
N#Cc1ccc(C(=O)N2CCC3(CC2)N=C(N)c2c(F)ccc(F)c2N3)cn1,0.7525352
CCCc1c(OCCCSc2ccc(CC(=O)O)cc2Cl)ccc(C(=O)CC)c1O,3.0866318
COc1ccc(-c2cc(C(F)F)nn2-c2ccc(S(N)(=O)=O)cc2)cc1F,2.8515255
Cc1ccc(-c2cc(C(F)(F)F)nn2-c2ccc(S(N)(=O)=O)cc2)cc1,3.1681838
Cc1nc2nc(NC(=O)c3ccc(F)cc3)nn2c(O)c1Cc1ccccc1,1.8758633
Cn1c(=O)c(Oc2ccc(F)cc2F)cc2cnc(NC3CCOCC3)nc21,2.4165125
CNS(=O)(=O)CCc1ccc2[nH]cc(C3CCN(C)CC3)c2c1,0.49897313
Cc1ccc(NC(=O)c2cccc(N3CCOCC3)c2)cc1NC(=O)c1ccc(OCc2ccncc2)cc1,3.390252
Cc1cc(Nc2nc(N[C@@H](C)c3ccc(F)cn3)c(C#N)cc2F)n[nH]1,2.6768837
OCCn1cc(-c2cnc3nnn(Cc4ccc5ncccc5c4)c3n2)cn1,1.5936525
CC(=O)NC[C@H]1CN(c2ccc(N3Cc4cccnc4C3)c(F)c2)C(=O)O1,1.5178362
CC(=O)O[C@H]1CC[C@]2(C=O)[C@H]3CC[C@]4(C)[C@@H](C5=CC(=O)OC5)CC[C@]4(O)[C@@H]3CC[C@]2(O)C1,0.63227427
Cc1ccc(C(=O)N2CC3CNCC(C2)O3)cc1NC(=O)CC12CC3CC(CC(C3)C1)C2,1.9283633
CC(NC(=O)C1(N)CCN(c2ncnc3[nH]ccc23)CC1)c1ccccn1,1.3272735
Cc1ccc(-c2cc(C(=O)N3CCOCC3)c3cc(C)ccc3n2)cc1,3.3429484
O=C(c1ccc(F)cc1)C(O)c1ccc(F)cc1,2.6978998
O=C(Cc1ccc(O)cc1)c1ccc(O)cc1O,2.4982326
O=C(Cc1ccccc1)c1ccc(O)cc1O,2.7711997
O=C(c1ccccc1)C(O)c1ccccc1,2.1995344
CC(O)(C(=O)c1ccccc1)c1ccccc1,2.8934186
CC(Oc1c(Cl)cccc1Cl)C1=NCCN1,0.8429153
Cc1c(-c2ccccc2F)c(=O)n(C[C@H](N)c2ccccc2)c(=O)n1Cc1c(F)cccc1F,3.0770407
CCN1CCC[C@@H](C(=O)N2CCN(C(=O)Nc3ccc(Cl)c(Cl)c3)CC2)C1,1.9453729
CCCCC1=NC2(CCCC2)C(=O)N1Cc1ccc(-c2ccccc2-c2nn[nH]n2)cc1,1.3133645
O=c1n(CCCN2CCN(c3cccc(Cl)c3)CC2)nc2ccccn12,3.0516481
Cn1sc(NC(=O)c2cccc(Cl)c2)nc1=O,0.9857352
Cn1sc(NC(=O)c2ccccc2)nc1=O,0.25032127
Cc1cnc(Nc2ccc(N3CCN(C)CC3)cc2)nc1Nc1cccc(S(=O)(=O)NC(C)(C)C)c1,2.7748606
O=C(c1csc2c1CCCC2)N1CCCCC1,2.5050013
CSc1ccc(C(=O)C(C)(C)N2CCOCC2)cc1,2.8539271
CNc1nc(C)c(-c2nc(Nc3cccc(N4CCCNCC4)c3)ncc2C#N)s1,1.6387434
CNc1nc(C)c(-c2nc(Nc3cccc(N4CCCN(C(C)=O)CC4)c3)ncc2C#N)s1,2.9069772
c1ccc2c(OCC3=NCCN3)cccc2c1,0.6929337
O=c1cc(N2CCOCC2)oc2c(-c3cccc(-c4ccsc4)c3)cccc12,3.7610874
Cc1nc(C)c(-c2ccc3c(c2)CC[C@]32CC[C@@H](Cc3nnn[nH]3)CC2)nc1C(N)=O,1.9687536
NC(=O)C(c1ccccc1)(c1ccccc1)[C@@H]1CCN(CCc2ccc3c(c2)CCO3)C1,3.0979989
Cc1cnc(NC(=O)C2C(=O)c3ccccc3S(=O)(=O)N2C)s1,1.0297974
Cc1ccc(Sc2ccccc2CN(C)C)c(N)c1,2.3320704
NC(=O)Nc1sc(-c2ccc(OCCN3CCCCC3)cc2)cc1C(N)=O,1.8336488
Clc1ccc(COC(Cn2ccnc2)c2ccc(Cl)cc2Cl)cc1,3.6200058
O=C1NC(=O)/C(=C/c2ccc3c(c2)OC(F)(F)O3)S1,3.0742457
Cn1cncc1-c1c2c(=O)n(C3CC3)c(=O)n(CC3CC3)c2nn1Cc1ccnc2ccc(Cl)cc12,3.6951823
CC(CNS(=O)(=O)C(C)C)c1ccc(-c2ccc(C#N)cc2)cc1,3.2426543
CCS(=O)(=O)c1ccc(-c2cc(C(F)(F)F)ccc2OCC(=O)O)c(C)c1,-0.33840227
O=C(O)COc1ccc(Br)cc1-c1ccccc1,0.20542991
CS(=O)(=O)c1ccc(-c2cc(Cl)ccc2OCC(=O)O)c(Cl)c1,-0.35240602
O=C(O)COc1ccc(C(F)(F)F)cc1-c1ccc(Cl)cc1,0.97195554
CS(=O)(=O)c1ccc(-c2cc(C(F)(F)F)ccc2OCC(=O)O)cc1,-0.6217129
CCS(=O)(=O)c1ccc(-c2cc(Cl)ccc2OCC(=O)O)c(C)c1,-0.45658374
N#Cc1ccc(OCC(=O)O)c(-c2ccccc2)c1,-0.7579136
CCS(=O)(=O)c1ccc(-c2cc(Cl)ccc2OCC(=O)O)c(C(F)(F)F)c1,-0.00635314
CCS(=O)(=O)c1ccc(-c2cc(C(F)(F)F)ccc2O[C@H](C)C(=O)O)c(C)c1,-0.17937064
N#Cc1ccc(F)c(-c2cc(C(F)(F)F)ccc2OCC(=O)O)c1,0.085803986
CC(C(=O)O)c1ccc(-c2ccccc2)c(F)c1,0.3769666
O=C(O)CCC(=O)c1ccc(-c2ccccc2)cc1,0.38356888
CCS(=O)(=O)c1ccc(-c2cc(C(F)(F)F)ccc2OCC(N)=O)c(C)c1,2.4265287
CC[C@H](N)C(=O)N[C@H](C#N)Cc1ccc(-c2ccccc2)cc1,2.207849
COc1ccc(-c2cc(C(F)(F)F)ccc2OCC(=O)O)cc1,0.26006556
CCC(Oc1ccc(C(F)(F)F)cc1-c1ccc(S(=O)(=O)CC)cc1C)C(=O)O,0.19970703
C[C@@](CCc1ccc(-c2ccc(Cl)cc2)cc1)(C(=O)NO)S(C)(=O)=O,3.3043966
CCS(=O)(=O)c1ccc(-c2cc(C(F)(F)F)ccc2CCC(=O)O)c(C)c1,0.8800298
N#Cc1cccc(-c2cc(Cl)ccc2OCC(=O)O)c1,-0.18780231
Cc1cc(N(C)S(C)(=O)=O)ccc1-c1cc(C(F)(F)F)ccc1OCC(=O)O,-0.63986397
CCS(=O)(=O)c1cccc(-c2cc(C(F)(F)F)ccc2OCC(=O)O)c1,-0.5910318
CCSc1ccc(-c2cc(C(F)(F)F)ccc2OCC(=O)O)cc1,1.4894173
CS(=O)(=O)c1ccc(-c2cc(C(F)(F)F)ccc2OCC(=O)O)c(Cl)c1,-0.2293055
CCN(CC)S(=O)(=O)c1ccc(-c2cc(C(F)(F)F)ccc2OCC(=O)O)cc1,0.5354223
CC(C)C[C@H](N[C@@H](c1ccc(-c2ccc(S(C)(=O)=O)cc2)cc1)C(F)(F)F)C(=O)NCC#N,3.435289
CCS(=O)(=O)c1ccc(-c2cc(Cl)ccc2OCC(=O)O)cc1,-0.7070584
CCS(=O)(=O)c1ccc(-c2cc(Cl)ccc2OCC(=O)O)c(F)c1,-0.59071493
N#Cc1cccc(-c2cc(C(F)(F)F)ccc2OCC(=O)O)c1,-0.062159777
O=C(O)COc1ccc([N+](=O)[O-])cc1-c1ccccc1,-0.46823168
CCS(=O)(=O)c1ccc(-c2cc(Cl)ccc2OCC(=O)O)c(Cl)c1,-0.3540945
O=C(O)c1cc(-c2ccc(F)cc2F)ccc1O,0.26275504
CN(c1ccc(-c2cc(C(F)(F)F)ccc2OCC(=O)O)cc1)S(C)(=O)=O,-0.8509183
CN(c1ccc(-c2cc(F)ccc2OCC(=O)O)c(Cl)c1)S(C)(=O)=O,-0.9560659
Cc1ccc(C#N)cc1-c1cc(C(F)(F)F)ccc1OCC(=O)O,0.29760885
N#Cc1cccc(-c2cccc(C(=O)O)c2)c1,0.113291025
COc1cc(C(=O)NS(=O)(=O)c2ccccc2)ccc1Cn1ccc2ccc(NC(=O)OC3CCCC3)cc21,2.571915
CCn1c(=O)c2nc(-c3ccccc3)[nH]c2n(CC)c1=O,2.7605844
COc1ccccc1CN(C(C)=O)c1cnccc1Oc1ccccc1,2.991889
O=C(Nc1nnn[nH]1)c1cc(Oc2ccccc2)c2ccccn2c1=O,0.42030478
COc1ccc(C(C)NC(=O)C2(N)CCN(c3ncnc4[nH]ccc34)CC2)cc1OC,2.0276744
CC(NC(=O)C1(N)CCN(c2ncnc3[nH]ccc23)CC1)c1ccc(Cl)cc1,2.868853
CN(C)C(=O)CC(NC(=O)C1(N)CCN(c2ncnc3[nH]ccc23)CC1)c1ccc(Cl)cc1,2.1885622
CS(=O)(=O)NCCC(NC(=O)C1(N)CCN(c2ncnc3[nH]ccc23)CC1)c1ccc(Cl)cc1,1.9007584
CN(C)CCCC(NC(=O)C1(N)CCN(c2ncnc3[nH]ccc23)CC1)c1ccc(Cl)cc1,1.6480002
CC(NC(=O)C1(N)CCN(c2ncnc3[nH]ccc23)CC1)c1ccc(F)cc1,2.3961318
NC1(C(=O)NC(CCO)c2ccc(Cl)cc2)CCN(c2ncnc3[nH]ccc23)CC1,2.3436732
CC(NC(=O)C1(N)CCN(c2ncnc3[nH]ccc23)CC1)c1ccc(S(C)(=O)=O)cc1,1.1690123
NC(=O)C(NC(=O)C1(N)CCN(c2ncnc3[nH]ccc23)CC1)c1ccc(Cl)cc1,2.1576371
COCCC(NC(=O)C1(N)CCN(c2ncnc3[nH]ccc23)CC1)c1ccc(Cl)cc1,2.8378615
CS(=O)(=O)NCC(NC(=O)C1(N)CCN(c2ncnc3[nH]ccc23)CC1)c1ccc(Cl)cc1,2.0629318
CC(NC(=O)C1(N)CCN(c2ncnc3[nH]ccc23)CC1)c1ccccc1,2.1568413
NC1(C(=O)NC(CS(N)(=O)=O)c2ccc(Cl)cc2)CCN(c2ncnc3[nH]ccc23)CC1,2.0714087
CC(=O)NCC(NC(=O)C1(N)CCN(c2ncnc3[nH]ccc23)CC1)c1ccc(Cl)cc1,2.3667865
C[C@H](NC(=O)C1(N)CCN(c2ncnc3[nH]ccc23)CC1)c1ccc(Cl)cc1,2.8078122
NC1(C(=O)NC(CO)c2ccc(Cl)cc2)CCN(c2ncnc3[nH]ccc23)CC1,2.416269
C[C@@H](NC(=O)C1(N)CCN(c2ncnc3[nH]ccc23)CC1)c1ccc(Cl)cc1,2.7361712
CN(Cc1ccc(Cl)cc1)C(=O)C1(N)CCN(c2ncnc3[nH]ccc23)CC1,2.7120473
NC1(C(=O)NCc2ccc(Cl)cc2)CCN(c2ncnc3[nH]ccc23)CC1,2.908618
CC(=O)Nc1ccc(O)cc1OC[C@@H](O)CN1CCC2(CC1)Cc1cc(Cl)ccc1O2,2.707738
CC(=O)Nc1ccc(O)cc1OC[C@@H](O)CN1CCC2(CC1)Cc1cc(F)ccc1O2,2.305647
CCCCCCN1CC[C@]2(C)c3cc(O)ccc3CC1[C@@H]2C,2.830851
CN(C)C(=O)C(CCN1CCC(O)(c2ccc(Cl)cc2)CC1)(c1ccccc1)c1ccccc1,3.053475
COc1ccc(CNC(=O)c2ccc(Oc3ccc(C#C[C@]4(O)CN5CCC4CC5)cc3)cc2)nc1,2.7425685
Cc1cc(N)c2cc(NC(=O)CCCCC(=O)Nc3ccc4nc(C)cc(N)c4c3)ccc2n1,1.517278
Cc1ccc(C(=O)NC2CC2)cc1-c1ccc(C(=O)NCC2CC2)nc1,3.0219197
COc1cc(C(=O)c2cc(Cl)ccc2N)cc(OC)c1OC,2.7908182
C[C@H](C(=O)O)c1cccc(C(=O)c2ccccc2)c1,-0.31079316
Cc1ccc(C(=O)c2cc(O)c(O)c([N+](=O)[O-])c2)cc1,1.4366758
CC(C(=O)O)c1cccc(C(=O)c2ccccc2)c1,-0.27330852
O=c1c2ccccc2[se]n1-c1ccccc1,3.3022618
COc1ccnc(C[S+]([O-])c2nc3cc(OC(F)F)ccc3[nH]2)c1OC,1.4929111
COCCCOc1ccnc(C[S+]([O-])c2nc3ccccc3[nH]2)c1C,0.8513309
Cc1c(OCC(F)(F)F)ccnc1C[S+]([O-])c1nc2ccccc2[nH]1,1.9132954
Cc1nccc(-c2ccc(-c3nc4ccncc4c(O)c3C#N)cc2)c1Cl,2.0120797
Cc1cc(-c2ccc(-c3nc4ccncc4c(O)c3C#N)cc2)ccn1,1.63189
CCCc1c(OCc2ccc(/C=C/c3nn[nH]n3)cc2)ccc(C(C)=O)c1O,2.626793
Cc1cc(Nc2nc(NCc3ccccn3)ncc2Br)n[nH]1,2.5350142
CC(C)Oc1cc(Nc2nc(N[C@@H](C)c3ccc(F)cn3)nc(OC(CO)CO)c2Cl)n[nH]1,2.894771
C[C@H]1C[C@@H](NS(=O)(=O)c2cc(Br)ccc2Br)CN1C#N,2.150683
O=C(c1ccc(OCCN2CCCCC2)cc1)c1c(-c2ccc(O)cc2)sc2cc(O)ccc12,3.7122765
Cc1ccc(S(=O)(=O)Nc2c(C(=O)N[C@@H](C)C(C)(C)C)c(C)nn2C2CCCC2)cc1,1.9011768
COc1ccnc(CCc2nc3cc(Br)cnc3[nH]2)c1,2.5540175
COc1ccnc(CCc2nc3c(C)ccnc3[nH]2)c1,1.9730393
COc1ccnc(CCc2nc3cccnc3[nH]2)c1,1.6584105
O=[N+]([O-])c1ccc2c(c1)N(c1cccc[n+]1[O-])CC(C(F)F)(C(F)F)O2,3.0735273
CCCCC(NC(=O)CC1CCN(Cc2ccn(-c3ccc(C(F)(F)F)cc3)c2)CC1)c1ccc(=O)[nH]c1,2.9531739
CCCCC(c1ccncc1)n1[nH]c(=O)c2nc3cc(Cl)ccc3c(O)c2c1=O,1.2981563
CC(C)CC(c1ccncc1)n1[nH]c(=O)c2nc3cc(Cl)ccc3c(O)c2c1=O,1.370816
Cc1ccc(C(=O)Nc2ccon2)cc1-n1cnc2ccc(N3CCN(C)CC3)cc2c1=O,2.0267801
O=C(CCc1ccccc1O)Nc1ccccc1,2.7043478
CN(C)C(=O)N1CCC(C(=O)NCc2cccs2)CC1,0.75938594
CN(C)CCCn1c2c(c3ccccc31)CCCCCC2,3.0108907
COc1cc(F)ccc1-c1cncc(CNC(=O)c2ccccn2)c1,2.9236093
COc1ccccc1CN1C(=O)c2ccccc2C1C(=O)NC1CCC(C)CC1,3.305055
COc1ccc(N2CCN(C(=O)[C@@H]3CCCC[C@H]3C(=O)NC3(C#N)CC3)[C@H](C)C2)nc1OC,2.3460822
N#CCNC(=O)[C@@H]1CCCC[C@H]1C(=O)N1CCN(c2ccccc2)CC1,1.7360092
COc1ccc(N2CCN(C(=O)[C@@H]3CCCC[C@H]3C(=O)NCC#N)CC2)cc1,1.7556256
N#CCNC(=O)[C@@H]1CCCC[C@H]1C(=O)N1CCN(c2ccc(C#N)cc2)CC1,1.5015385
CS(=O)(=O)c1ccc(N2CCN(C(=O)[C@@H]3CCCC[C@H]3C(=O)NCC#N)CC2)cc1,0.6957085
N#CCNC(=O)[C@@H]1CCCC[C@H]1C(=O)N1CCN(c2ccc(F)cc2)CC1,2.0240698
C[C@@H](O)[C@H](NC(=O)c1ccc(C#Cc2ccc(CN3CCOCC3)cc2)cc1)C(=O)NO,2.2981367
CCN(CC)CCOCCOC(=O)C1(c2ccccc2)CCCC1,1.8546607
CCN(CC)CCOC(=O)C1(c2ccccc2)CCCC1,2.1639707
CC#CCn1c(=O)c2c(-c3cncn3C)n(Cc3ccnc4ccc(Cl)cc34)nc2n(CC2CC2)c1=O,3.5571656
CCn1c(=O)c2c(-c3cncn3C)n(Cc3ccnc4ccc(Cl)cc34)nc2n(CC2CC2)c1=O,3.5514445
C#CC(C)n1c(=O)c2c(-c3cncn3C)n(Cc3ccnc4ccc(Cl)cc34)nc2n(CC2CC2)c1=O,3.522128
C#CCn1c(=O)c2c(-c3cncn3C)n(Cc3ccnc4ccc(Cl)cc34)nc2n(CC2CC2)c1=O,3.3474045
C=CCn1c(=O)c2c(-c3cncn3C)n(Cc3ccnc4ccc(Cl)cc34)nc2n(CC2CC2)c1=O,3.5593705
Cn1cncc1-c1c2c(=O)n(CC#CCO)c(=O)n(CC3CC3)c2nn1Cc1ccnc2ccc(Cl)cc12,2.5930228
Cn1cncc1-c1c2c(=O)n(C)c(=O)n(CC3CC3)c2nn1Cc1ccnc2ccc(Cl)cc12,3.1808214
CC(C)n1c(=O)c2c(-c3cncn3C)n(Cc3ccnc4ccc(Cl)cc34)nc2n(CC2CC2)c1=O,3.6264796
O=S(=O)(Cc1cc(N2CCOCC2)nc(-c2ccccn2)n1)c1ccc(F)cc1,1.5859282
O=S(=O)(Cc1cc(N2CCOCC2)nc(-c2ccccn2)n1)c1ccccc1,1.3583696
CCN1CCN(C(=O)c2cc3ccccc3[nH]2)CC1,1.8553162
CCN1CCN(C(=O)c2cc3cc(Cl)ccc3[nH]2)CC1,2.6329627
COc1ccc2[nH]c(C(=O)N3CCN(C)CC3)cc2c1,1.7628896
CC1CN(C(=O)c2cc3ccccc3[nH]2)CCN1,0.57390594
O=C(c1cc2ccccc2[nH]1)N1CCNCC1,0.4083351
CN1CCN(C(=O)c2cc3ccccc3[nH]2)CC1,1.7431037
CN1CCN(C(=O)c2cc3ccccc3n2C)CC1,1.439498
O=C(c1cc2cc(Cl)ccc2[nH]1)N1CCNCC1,1.1851218
CN1CCN(C(=O)c2cc3cc(Cl)ccc3[nH]2)CC1,2.5207503
CN1CCN(C(=O)c2cc3cc(F)ccc3[nH]2)CC1,1.9564335
CCN1CCN(C(=O)c2cc3cc(F)ccc3[nH]2)CC1,2.068646
CN1CCN(C(=O)c2cc3cc(Br)ccc3[nH]2)CC1,2.6430678
Cc1ccc2[nH]c(C(=O)N3CCN(C)CC3)cc2c1,2.2326183
CCCCNc1cc(C(=O)O)cc(S(N)(=O)=O)c1Oc1ccccc1,-0.28525448
NC(Cc1cc(I)c(Oc2ccc(O)c(I)c2)c(I)c1)C(=O)O,0.98079395
CCc1cc(O)c(Oc2ccc(C(N)=O)cc2F)cc1F,2.8253255
CC(C(=O)O)c1cccc(Oc2ccccc2)c1,0.2580124
O=C(Cc1ccc(Oc2ccccc2)cc1)NO,1.9391091
NC(=O)c1cccc(OC2CCN(CC3CC3)CC2)c1,1.0440644
COc1ccc(N(C(=O)c2ccccc2)C(C(=O)NC2CCCC2)c2ccccc2F)c(OC)c1,3.4668798
N#CCNC(=O)[C@@H]1CCCC[C@H]1C(=O)N1CCCCC1,0.59445727
CN1CCC[C@@H]1CCO[C@](C)(c1ccccc1)c1ccc(Cl)cc1,2.8469894
CN1CCCC1CCOC(C)(c1ccccc1)c1ccc(Cl)cc1,2.964221
Nc1cc(C(=O)Nc2cccc(-c3nnn[nH]3)c2)cc(C(F)(F)F)c1,0.9972631
O=C(Nc1cccc(-c2nnn[nH]2)c1)c1cc(O)cc(C(F)(F)F)c1,1.6225269
COc1ccc(-c2ccc3nc(N)sc3c2)cn1,3.2385738
Nc1ccc(Cl)c(-c2nc3ncccc3o2)c1,2.287035
CCCC(=O)Nc1ccc(Cl)c(-c2nc3ncccc3o2)c1,3.171835
NC1=NC(c2cccc(-c3cncnc3)c2)(c2ccnc(C(F)(F)F)c2)c2cccc(F)c21,3.125623
Cc1ccc(CO)cc1N(C)c1ccnc(Nc2cc(OC3CCOCC3)cc(N3CCOCC3)c2)n1,3.4686723
O=C(c1cc(Cc2n[nH]c(=O)c3ccccc23)ccc1F)N1CCN(C(=O)C2CCCO2)CC1,0.9842371
NC1(C(=O)NC(CCCN2CCCC2)c2ccc(Cl)cc2)CCN(c2ncnc3[nH]ccc23)CC1,1.9890792
CCN(CC)CCNc1ncnc2c1sc1nc(N3CCOCC3)c3c(c12)CCCC3,3.1335516
C1CCC(NC2CCCCC2)CC1,0.21513963
Cc1nc2nc(-c3cccnc3)nn2c(O)c1Cc1ccccc1,1.2355819
CC(C)C(NC(=O)Cn1c(-c2ccccc2)ccc(NC(=O)NCc2cccnc2)c1=O)C(=O)C(F)(F)F,2.6183517
O=C([C@@H](O)CO)N1CC=C(c2ccc(N3C[C@H](COc4ccon4)OC3=O)cc2F)CC1,1.2805624
O=CN1CC=C(c2c(F)cc(N3C[C@H](COc4ccon4)OC3=O)cc2F)CC1,1.8062096
CC(C)CCCC(C)/N=c1\ccn(Cc2ccccc2)c2cc(Cl)ccc12,3.582172
CCCCCC/N=c1\ccn(Cc2ccccc2)c2cc(Cl)ccc12,3.513451
O=C(O)c1ccccc1Cn1nnc(-c2cccc(OCc3ccc4ccccc4n3)c2)n1,1.3897547
C[C@@H]1CN(Cc2ccc(F)cc2)CCN1C(=O)COc1ccc(Cl)cc1NC(N)=O,2.7761781
CN(CCOc1ccc(C[C@H](Nc2ccccc2C(=O)c2ccccc2)C(=O)O)cc1)c1nc2ccccc2o1,2.6337566
O=c1[nH]c2ccccc2n1CCCN1CCC(n2c(=O)[nH]c3cc(Cl)ccc32)CC1,3.3451133
Cc1cc(N)c2cc(NC(=O)CC(=O)Nc3ccc4nc(C)cc(N)c4c3)ccc2n1,1.0249681
CN1CCN(C(=O)OC2c3nccnc3C(=O)N2c2ccc(Cl)cn2)CC1,0.28773642
CCOc1cc(CC(=O)N[C@@H](CC(C)C)c2ccccc2N2CCCCC2)ccc1C(=O)O,1.8518384
CN(C(=O)Cc1ccc(-n2cnnn2)cc1)[C@@H]1CCN(Cc2ccc(C(F)(F)F)cn2)C[C@@H]1F,2.1271799
CN(C(=O)Cc1ccc(-n2cnnn2)cc1)C1CCN(Cc2ccc(C(F)(F)F)cn2)CC1,1.9855369
Nc1ccc2c(c1)C(=O)c1ccccc1-2,1.8954782
CS(=O)(=O)C1(c2cc(N3CCOCC3)nc(-c3cccc(N)c3)n2)CC1,1.1104426
CS(=O)(=O)C1(c2cc(N3CCOCC3)nc(-c3ccccc3)n2)CC1,2.025098
COc1cc2ncnc(Nc3cc(NC(=O)c4ccnc(N5CCOCC5)c4)ccc3C)c2cc1OCCN(C(C)C)C(C)C,2.6852827
CCc1[nH]c2nc(Sc3cnc4ccc[n+]([O-])c4c3)nc(N3C[C@H]4[C@H](N)[C@H]4C3)c2c1Cl,2.4848056
O=S(=O)(NCC(c1ccccc1)N1CCCCCC1)c1cccnc1,1.9840246
C[C@@H](Oc1cccc2ncnc(Nc3ccc4c(cnn4Cc4ccccn4)c3)c12)C(=O)N(C)C,3.0959768
Cc1ccc(S(=O)(=O)Nc2c(C(=O)NCc3ccccc3)cnn2-c2ccccc2)cc1,1.630799
CCC1(c2cccc(O)c2)CCCCN(C)C1,1.1090966
CC1(C)C(=O)N(c2ccc(SC(F)(F)F)cc2)C(=O)N1Cc1ccnc(N2CCOCC2)c1,3.487739
C[C@H](Nc1nc(Nc2ncc(C#N)s2)cc(N2CCOCC2)n1)c1ccc(F)cn1,3.3585885
COc1ccc(C(=O)Nc2c(Cl)cncc2Cl)c2cccnc12,2.3285308
CC(C)C(NC(=O)Cn1c(-c2ccccc2)ccc(NS(N)(=O)=O)c1=O)C(=O)C(F)(F)F,1.1221114
CC(=O)Nc1ccc(-c2ccccc2)n(CC(=O)NC(C(=O)C(F)(F)F)C(C)C)c1=O,1.8454376
CNS(=O)(=O)Nc1ccc(-c2ccccc2)n(CC(=O)NC(C(=O)C(F)(F)F)C(C)C)c1=O,1.5196481
CC(C)C(NC(=O)Cn1c(-c2ccccc2)ccc(NS(C)(=O)=O)c1=O)C(=O)C(F)(F)F,1.0448188
CC(C)C(NC(=O)Cn1c(-c2ccccc2)ccc(NS(=O)(=O)C(F)(F)F)c1=O)C(=O)C(F)(F)F,1.7064635
CCNc1ccc(-c2ccccc2)n(CC(=O)NC(C(=O)C(F)(F)F)C(C)C)c1=O,2.679964
CC(C)C(NC(=O)Cn1c(-c2ccccc2)ccc(N)c1=O)C(=O)C(F)(F)F,1.8783672
CC(C)C(NC(=O)Cn1c(-c2ccccc2)ccc(NC=O)c1=O)C(=O)C(F)(F)F,1.8410234
CC(C)N(C(=O)C(c1cccnc1)C(CNC(=O)NCc1ccccc1F)c1ccccc1)C(C)C,3.6539588
N#Cc1cccnc1-c1ccc(C(=O)Nc2ccccc2N)cc1,1.7922528
CN(C)CCCNC(=O)c1nc(Cl)c(N)nc1N,-0.42304134
CCCCCCCN(CCc1ccc(OC(C)(C)C(=O)O)cc1)C(=O)Nc1ccc(F)cc1F,2.1525297
OCCOCCN1CCN(C(c2ccccc2)c2ccc(Cl)cc2)CC1,3.0335114
O=C(O)COCCN1CCN(C(c2ccccc2)c2ccc(Cl)cc2)CC1,0.75719833
Clc1ccc(C(c2ccccc2)N2CCNCC2)cc1,1.8073792
Cc1nnc2n1-c1ccc(Cl)cc1C(c1ccccc1)=NC2,2.2094488
CCNC(=O)C[C@@H]1N=C(c2ccc(Cl)cc2)c2cc(OC)ccc2-n2c(C)nnc21,2.1050837
CCNC(=O)C[C@H]1N=C(c2ccc(Cl)cc2)c2cc(OC)ccc2-n2c(C)nnc21,2.1730142
Cc1nnc2n1-c1ccc(Cl)cc1C(c1ccccc1Cl)=NC2,2.5973513
CC(C)(C)OC(=O)c1ncn2c1[C@@H]1CCCN1C(=O)c1c(Br)cccc1-2,2.6135352
C[C@@H](NC1=CC(=O)CC1)c1ccc(Nc2ncc3cc(-c4ccncc4)ccc3n2)cc1,3.258725
CC(=O)Nc1cccc(Nc2ncnc(N3CCC(OCc4ccc(OC(F)(F)F)cc4)CC3)n2)c1C,3.9877877
CN(CCOc1ccc(NS(C)(=O)=O)cc1)CCc1ccc(NS(C)(=O)=O)cc1,0.8755032
CC(COc1ccccc1)NC(C)C(O)c1ccc(O)cc1,0.99845684
Clc1ccc2c(c1)C(N1CCNCC1)=Nc1ccccc1O2,1.9594357
CN1CCN(C2=Nc3ccccc3Oc3ccc(Cl)cc32)CC1,3.2461967
O=C(O)C[C@H](O)C[C@H](O)/C=C/c1c(C2CC2)nc2ccccc2c1-c1ccc(F)cc1,0.45671344
CC(C)C(=O)Nc1nc(-c2ccccn2)cc2ccccc12,3.1247294
O=C1CCOc2nc(C#CC3CCCCC3)ccc21,3.6347675
N#Cc1nc(NC2CCCCC2)c(N)c(N2CCOCC2)n1,3.146069
O=C1Nc2ccccc2B(O)N1c1ccccc1,1.2646011
CC(=O)NC[C@H]1CN(c2ccc(N3CCOCC3)c(F)c2)C(=O)O1,0.8972591
CNC1(C)C2CCC(C2)C1(C)C,-0.7424171
COC[C@H](O)Cn1c(=O)cnn(-c2ccc(Cl)c(C(=O)NCC3(O)CCCCCC3)c2)c1=O,0.8252958
O=C(NCC1(O)CCCCCC1)c1cc(-n2ncc(=O)[nH]c2=O)ccc1Cl,0.41696012
COC[C@@H](O)Cn1c(=O)cnn(-c2ccc(Cl)c(C(=O)NCC3(O)CCCCCC3)c2)c1=O,1.0175481
O=C(N[C@H]1CN2CCC1CC2)c1ccc(Cl)cc1,1.0217305
O=C(O)C[C@H]1CC[C@H](c2ccc(-c3ccc(Nc4ccc(C(F)(F)F)nc4)cn3)cc2)CC1,3.3873174
NNc1nc2ccccc2[nH]c1=O,0.11515188
COc1ccc(N(C(=O)c2ccccc2)C(C)C(=O)NC2CCCC2)c(OC)c1,2.7602677
O=c1cc(N2CCOCC2)nc2ccccn12,0.9801961
CSc1nc(C(N)=O)c(N)s1,1.7102486
N=C(N)Nc1nc(CSCCC(=N)NS(N)(=O)=O)cs1,-1.4793186
CC(C)NCC(O)COc1nccs1,-0.6297009
CC1=C(C2=C(C)C(=O)c3c(cc(O)c(O)c3Cc3ccccc3)C2=O)C(=O)c2cc(O)c(O)c(Cc3ccccc3)c2C1=O,3.1394005
O=C(c1ccc(Cl)cc1)C1CCN(C(=O)C2CC2)CC1,2.7334085
CCCc1c(OCc2cccc(NC(=O)Cc3ccccc3C(=O)O)c2)ccc(C(C)=O)c1O,2.752967
COc1ccc(-n2cnc3cc(NS(=O)(=O)c4ccccc4)ccc32)cc1,3.2000937
CNc1ncnc2c(CNc3cc(NC(=O)c4ccc5c(c4)OCCO5)ccc3C)cccc12,3.6625454
NC1(C(=O)NC(c2ccc(Cl)cc2)C2CC2)CCN(c2ncnc3[nH]ccc23)CC1,3.411553
Cc1nc(-c2ccc(CN3CCC(n4c(=O)[nH]c5ccccc54)CC3)cc2)c(-c2ccccc2)[nH]c1=O,3.6016579
CCN(CC)C(=O)c1ccc([C@H](c2cccc(NC(=O)C3CC3)c2)N2CCN(CCOC)CC2)cc1,2.541357
COc1ccccc1CN[C@H]1CCCN[C@H]1c1ccccc1,1.2815089
COc1ccc(OC(F)(F)F)cc1CN[C@H]1CCCN[C@H]1c1ccccc1,2.780955
O=C(N[C@@H](Cc1ccccc1)[C@@H](O)C(=O)N1C[C@H](O)[C@H](O)C1)c1cc2cc(Cl)ccc2[nH]1,2.7043731
O=c1[nH]c2c(O)ccc([C@@H](O)CNCCc3cccc(CNCCCc4ccccc4)c3)c2s1,0.85476744
COc1cc2c(Nc3c(Cl)ccc4c3OCO4)ncnc2cc1OCCCN1CCCCC1,2.4616678
CN(C)C(=O)N[C@H]1CC[C@H](CCN2[C@H]3CC[C@@H]2C[C@H](Oc2cccc(C(N)=O)c2)C3)CC1,0.38094378
CN(C)C(=O)N[C@H]1CC[C@@H](CCN2[C@H]3CC[C@@H]2C[C@H](Oc2cccc(C(N)=O)c2)C3)CC1,0.19210029
COc1cc(C(=O)Nc2ccc(Cl)c(-c3nc4ccccc4[nH]3)c2)cc(OC)c1OC,3.536225
CCCc1c(OCCCSc2ccc(CC(=O)O)cc2Cl)ccc2c(CC)noc12,3.365664
Cc1ccc(S(=O)(=O)Nc2c(C(=O)N[C@@H](C)C(C)(C)C)c(C)nn2C2CCOCC2)cc1,0.69464207
COc1cc2ncnc(Nc3cc(NC(=O)c4ccnc(N5CCOCC5)c4)ccc3C)c2cc1OCCN1CCCC1,2.7199872
Nc1cccc(CCc2ccc3cc[nH]c3c2)n1,2.9350708
COc1ccc(NC(=O)CSc2nnc(C)n2-c2ccc(C)cc2)cc1,2.4916809
NC(=O)c1cccc(O[C@H]2C[C@@H]3CC[C@H](C2)N3CCc2ccccc2)c1,1.5144805
N#Cc1cccc(-c2ccc(C3(CNC(=O)Nc4cc(Cl)cc(Cl)c4)CCN(CC4CC4)CC3)cc2)c1,3.9207778
CN(C)C(=O)[C@H](Cc1ccccc1)NC(=O)c1cc2sccc2[nH]1,3.3382587
CCC1(c2ccc(N)cc2)CCC(=O)NC1=O,0.3978392
Cc1cnc(NS(=O)(=O)c2ccccc2)c(C)n1,0.0752604
COc1nccnc1NS(=O)(=O)c1ccc(N)cc1,-0.93960214
Nc1nc(OC2CCCC2)nc2c1ncn2[C@@H]1O[C@H](CO)[C@H](Cl)[C@H]1O,1.8868012
Nc1nc(OC2CCCC2)nc2c1ncn2[C@@H]1O[C@H](CF)[C@@H](O)[C@H]1O,1.4174705
Nc1nc(OC2CCCC2)nc2c1ncn2[C@@H]1O[C@H](CO)[C@@H](O)[C@H]1O,0.8982316
C[C@H]1O[C@@H](n2cnc3c(N)nc(OC4CCCC4)nc32)[C@H](O)[C@H]1Cl,3.2922473
Cc1cc(C)cc(-c2nnc(SCC(=O)N3CCN(C(=O)c4ccco4)CC3)o2)c1,2.9001756
COc1cc2ncnc(Nc3cc(NC(=O)c4ccnc(N5CCOCC5)c4)ccc3C)c2cc1OCCN1CCCCC1,3.027967
O=C(CC12CC3CC(CC(C3)C1)C2)Nc1ccc2[nH]ncc2c1,3.8222
CC(C)OC(=O)c1cn(Cc2c(F)cccc2F)c2sc(-c3ccc(NC(=O)C(C)C)cc3)c(CN(C)Cc3ccccc3)c2c1=O,4.409302
CC(C)COc1cc(-c2cccc3c(=O)cc(N4CCOCC4)oc23)ccc1NC(=O)CN1CCOCC1,3.3629003
C=CCOc1cc(-c2cccc3c(=O)cc(N4CCOCC4)oc23)ccc1NC(=O)CN1CCOCC1,2.7669332
O=C(CN1CCOCC1)Nc1ccc(-c2cccc3c(=O)cc(N4CCOCC4)oc23)cc1O,2.2316732
COc1cc(-c2cccc3c(=O)cc(N4CCOCC4)oc23)ccc1NC(=O)CN1CCOCC1,2.395139
CCOc1cc(-c2cccc3c(=O)cc(N4CCOCC4)oc23)ccc1NC(=O)CN1CCOCC1,2.7183995
CC(C)Oc1cc(-c2cccc3c(=O)cc(N4CCOCC4)oc23)ccc1NC(=O)CN1CCOCC1,3.1667995
CCOc1cc2nccc(Oc3cnc(CC(=O)Nc4n[nH]c(CC)c4C)c(OC)c3)c2cc1OC,3.227483
CCc1[nH]nc(NC(=O)Cc2ncc(Oc3ccnc4cc(OC)c(OC)cc34)cc2OC)c1C,2.9740927
N#C[C@@H]1CCCN1C(=O)CNC12CC3CC(CC(O)(C3)C1)C2,-0.28185678
CCCNC(=O)c1nnc2c(-c3ncccn3)cccc2c1N,1.8613483
CCCNC(=O)c1nnc2c(-c3ncccn3)c(F)ccc2c1N,1.8324782
CC(C)N1CCN[C@@H](CN2CCN(C(=O)Nc3ccc(Cl)c(Cl)c3)CC2)C1,1.7377623
CC(C)CNc1nc(C#N)nc(NC2CCS(=O)(=O)C2)c1N,2.4963517
Oc1ccc(-c2nc3ccccc3nc2-c2ccc(O)cc2)cc1,3.4505076
Cn1c(Nc2ccc(C(F)(F)F)cc2)nc2cc(Oc3ccnc(-c4ncc(C(F)(F)F)[nH]4)c3)ccc21,4.1698422
Cc1c(Sc2ccc(Cl)cc2)c2cc(Cl)ccc2n1Cc1nnn[nH]1,3.0696802
O=C(NS(=O)(=O)Cc1ccccc1)N1CCC(N2CCC(Oc3ccc(Cl)c(Cl)c3)CC2)CC1,2.3330557
CC(C)(C)c1cc2nc3c(c(O)n2n1)CN(Cc1ccccc1)C3=O,2.1311893
CCN(C(=O)Cc1ccc(S(C)(=O)=O)cc1)C1CCN(CCC(c2ccccc2)C2CCN(Cc3ccccc3)CC2)CC1,2.7260218
Fc1ncccc1OC[C@@H]1CCN1,-0.49325943
c1ccc(-c2[nH]nc3ccccc23)cc1,3.182269
C[C@H]1O[C@@H](n2cnc3c(N)nc(OCC4CC(F)(F)C4(F)F)nc32)[C@H](O)[C@@H]1O,1.190136
NS(=O)(=O)c1cc2c(cc1Cl)NC(C1CC3C=CC1C3)NS2(=O)=O,1.8810587
COc1cc(F)ccc1-c1cncc(CNC2CCC2)n1,1.894104
CN[C@@H](C)C(=O)N[C@H](C(=O)N[C@H]1CCN(CCc2ccccc2)C1)C1CCCCC1,1.677064
Nc1nccc(-c2cc3c([nH]2)[C@@H](CCF)CNC3=O)n1,0.5273558
Nc1nccc(-c2cc3c([nH]2)[C@H](CCF)CNC3=O)n1,0.738117
CCCc1c(OCCCOc2ccc3c(=O)cc(C(=O)O)oc3c2CCC)ccc(C(C)=O)c1O,2.6312401
O=S(=O)(CCCNCCc1ccc(O)c2nc(O)sc12)NCCOCCSc1ccccc1,1.9803993
COc1ccc2nc(NC(=O)CCc3ccc(OC)c(OC)c3)sc2c1,3.5154011
CC1=NC(C)(c2cccc(-c3cccnc3)c2)N=C1N,1.4948475
CCN(C(=O)Cc1ccc(S(C)(=O)=O)cc1)C1CCN(CCC(c2ccccc2)N2CCN(c3cccc(F)c3)CC2)CC1,2.9542637
CCN(C(=O)Cc1ccc(S(C)(=O)=O)cc1)C1CCN(CCC(c2ccccc2)N2CCN(c3ccccc3)CC2)CC1,2.7385094
Cc1cnc(NC(=O)c2cc(Oc3cnc(C(=O)N(C)C)nc3)c3cc(C)oc3c2)cn1,2.1771605
N#Cc1nc(Nc2ccccc2)c(N)c(N2CCOCC2)n1,2.8692107
Cn1ncc2c(=O)[nH]c(-c3ccccc3)nc21,1.6889861
Cc1cccc([C@H](C)c2c[nH]cn2)c1C,2.5672555
CN1CC(=O)N2[C@H](Cc3c([nH]c4ccccc34)[C@H]2c2ccc3c(c2)OCO3)C1=O,2.4542677
O=C(NCCc1ccccc1Cl)c1cc(-n2ncc(=O)[nH]c2=O)ccc1Cl,1.682317
O=C(NCCc1ccccc1)c1cc(-n2ncc(=O)[nH]c2=O)ccc1Cl,0.93964934
CCc1c(C)nc(SCC(=O)Nc2nc(-c3ccc(OC)cc3)cs2)nc1O,3.4508774
CCOc1nc2cccc(C(=O)O)c2n1Cc1ccc(-c2ccccc2-c2nnn[nH]2)cc1,0.34443426
Brc1cnc(NCc2ccccc2)nc1Nc1cc(C2CC2)[nH]n1,3.6131866
C[C@H](Nc1nc(NC[C@@H](O)CO)c(Cl)c(Nc2cc(C3CC3)[nH]n2)n1)c1ccc(F)cc1,3.1946535
Fc1ccc(CNc2ncc(Br)c(Nc3cc(C4CC4)[nH]n3)n2)cc1,3.656381
OC[C@H](Nc1ncc(Cl)c(Nc2cc(C3CC3)[nH]n2)n1)c1ccc(F)cc1,3.2681808
CNC(=O)C[C@H](Nc1ncc(Cl)c(Nc2cc(C3CC3)[nH]n2)n1)c1ccc(F)cc1,2.805221
O=C(Nc1nnc(C(=O)Nc2ccc(N3CCOCC3)cc2)o1)c1ccccc1,1.7169592
O=C(Nc1nnc(C(=O)Nc2ccc(N3CCOCC3)cc2)o1)c1ccc(Cl)cc1,2.5691655
CCCc1c(O)c(O)c(C(=O)O)c2cc(Cc3ccccc3)c(C)cc12,1.7190303
Nc1nc(Nc2ccc(S(N)(=O)=O)cc2)nn1C(=O)c1c(F)cccc1F,1.8140637
CC(C)Cn1c(=O)n(C)c(=O)c2c(C(=O)N3CCCC3)c(Cc3ccccc3C(F)(F)F)sc21,3.3353705
CC(C)Cn1c(=O)n(C)c(=O)c2c(C(=O)N3CC[C@@H](O)C3)c(Cc3ccccc3C(F)(F)F)sc21,2.6939454
CS(=O)(=O)C1(c2cc(N3CC4CCC(C3)O4)nc(-c3cccc4[nH]ccc34)n2)CC1,3.14981
CC1(C)Cc2c(-c3ccccc3)c(-c3ccc(Cl)cc3)c(CC(=O)O)n2C1,2.2871547
O=C(NC1CCCCC1)C1CCCN(S(=O)(=O)c2cccs2)C1,2.657734
CN(C)CC/C=C1\c2ccccc2Sc2ccc(Cl)cc21,3.2141504
COC(=O)C1=C(C)NC(C)=C(C(=O)OCC(C)C)C1c1ccccc1[N+](=O)[O-],3.7165465
COC(=O)C1=C(C)NC(C)=C(C(=O)OC)C1c1ccccc1[N+](=O)[O-],3.2325182
COCCOC(=O)C1=C(C)NC(C)=C(C(=O)OC(C)C)C1c1cccc([N+](=O)[O-])c1,3.5359595
O=C(O)C(c1ccccc1)N1CCO[C@@H](CN2CCC(Oc3ccc(Cl)c(Cl)c3)CC2)C1,2.089828
N#Cc1c(N)nc2c(c1N)CC(COc1ccccc1)O2,2.197683
O=c1[nH]c2cc(Cl)ccc2c(O)c1-c1cccc(Oc2ccccc2)c1,3.6102386
CCCCC(CC)CNC(=O)c1ccc2c(c1)c(Cc1ccc(C(=O)NS(=O)(=O)c3ccccc3C)cc1OC)cn2C,3.138274
CCC(CC)CNC(=O)c1ccc2c(c1)c(Cc1ccc(C(=O)NS(=O)(=O)c3ccccc3C)cc1OC)cn2C,2.769683
CN1CCN2c3ncccc3Cc3ccccc3C2C1,2.4361072
CC1(c2c(C(=O)NC3C4CC5CC(C4)CC3C5)cnn2-c2ccc(C(=O)O)cc2)CC1,1.5736303
CN(C)c1ccc2nc3ccc(=[N+](C)C)cc-3sc2c1,-0.5506885
Cc1ccc(S(=O)(=O)NC(=O)NN2CCCCCC2)cc1,-0.5205281
O=C1NC(c2ccc(Br)cc2)Nc2ccccc21,2.9690843
Cc1cc(Oc2ccnc(Nc3ccc(S(N)(=O)=O)cc3)c2)c(-c2ccccn2)nc1C,2.7759988
COc1ccc(Nc2cc(Oc3cc(C)c(C)nc3-c3ccccn3)ccn2)cc1,3.5537255
COc1ccccc1Nc1cc(Oc2cc(C)c(C)nc2-c2ccccn2)ccn1,3.5220973
COc1cc(Nc2cc(Oc3cc(C)c(C)nc3-c3ccccn3)ccn2)cc(OC)c1OC,3.4192564
Nc1nnc(CCSCCc2nnc(N)s2)s1,0.26919925
Nc1nc(NCc2ccccc2)nc2c1nc(O)n2Cc1ccccc1,3.4559202
COC1CCN(C(=O)C2CCN(CCc3c(-c4cc(C)cc(C)c4)[nH]c4sc(C(C)(C)C(=O)N5C6CCC5CC6)cc34)CC2)CC1,4.1875124
CCO[C@@H]1OC(=O)C[C@@H]1NC(=O)[C@@H]1CCCN2C(=O)CC[C@H](NC(=O)c3nccc4ccccc34)C(=O)N12,0.6796757
CNC(=O)c1ccc(N2C(=S)N(c3ccc(C#N)c(C(F)(F)F)c3)C(=O)C23CCC3)cc1F,2.6770024
C(=C/c1c(-c2ccccc2)nc2sccn12)\c1ccncn1,3.4345648
COc1ccc2ncc(=O)n(CCN3CCC(NCc4cc5c(cn4)OCCO5)CC3)c2n1,0.49431348
O=C1CCOc2nc(C#CC3CCCC3)ccc21,3.511351
CC(C)Oc1cc(OCCc2cccnc2)cc(C(=O)Nc2ccc(C(=O)O)cn2)c1,0.76875305
CCN1C(=O)N(C)c2cnc(Nc3ccc(C(=O)NC4CCN(C)CC4)cc3OC)nc2N1C1CCCC1,2.4502444
COc1ccccc1Oc1c(NS(=O)(=O)c2ccc(C(C)(C)C)cc2)nc(-c2ncccn2)nc1OCCO,0.8524493
COc1cc(N2CC[C@@H](N(C)C)C2)c2[nH]c(C(=O)Nc3ccc(N4CCOCC4)cc3)cc(=O)c2c1,2.2920814
CC(C)(C)OC(=O)N1CCC(c2ncc(OCc3ccc(S(C)(=O)=O)cc3)cn2)CC1,2.5913289
C[C@H]1O[C@@H](n2cnc3c(N)nc(OC4CC5CC5C4)nc32)[C@H](O)[C@@H]1O,2.0729306
COc1ccc2nc(C)cc(-n3cc(CNC(C)=O)nn3)c2c1,1.45242
Nc1ncc2cc(-c3c(Br)cccc3Br)c(N)nc2n1,2.3978834
COc1cc(OC)cc(-c2cc3cnc(N)nc3nc2N)c1,1.7261127
CCC(c1nc2nccnc2c(=O)n1Cc1ccccc1)N(CCCN)C(=O)c1ccc(C)cc1,-0.09187031
Cn1ncc(Cl)c1-c1cc(C(=O)N[C@H](CN)Cc2cccc(F)c2)sc1Cl,2.4286122
Nc1nc2ccccc2n1C(=O)c1ccccc1,2.1989148
COc1cccc(/C=C2\SC(=O)NC2=O)c1N1CCC[C@@H](N)C1,1.077522
CCOc1cccc(/C=C2\SC(=O)NC2=O)c1N1CCC[C@@H](N)C1,1.4629897
N[C@@H]1CCCN(c2c(Cl)cccc2/C=C2\SC(=O)NC2=O)C1,1.7223378
CC(=O)Nc1ccc2cnn(-c3cc(NC4CC4)n4ncc(C#N)c4n3)c2c1,2.6063976
CS(=O)(=O)c1ccc(Oc2ccc(C#C[C@]3(O)CN4CCC3CC4)cc2)cc1,1.8236294
CNC(=O)c1ccc(Oc2ccc(C#C[C@]3(O)CN4CCC3CC4)cc2)cc1,1.9606481
CNS(=O)(=O)c1ccc(Oc2ccc(C#C[C@]3(O)CN4CCC3CC4)cc2)cc1,1.7535838
CS(=O)(=O)N1CCc2c(-c3cnc(N)nc3)nc(N3CCOCC3)nc21,0.561255
COc1cc(F)ccc1-c1cc(CNC2CCCC2)ccn1,1.7742519
CC(=O)Nc1ccc(S(=O)(=O)Nc2ccc(Cc3ccncc3)cc2)cc1,2.1548738
COc1cnc(-c2ccccn2)nc1N(C)c1ccccc1,2.7801046
O=C(NC1Cc2ccccc2N(CC(=O)N2CCC(O)CC2)C1=O)c1cc2cc(Cl)sc2[nH]1,2.6346357
CC1CN(C(=O)c2nnc3c(-c4ncccn4)cccc3c2N)C1,1.4368064
O=C(c1ccc(C(=C2CCN(Cc3cscn3)CC2)c2cccc3cccnc23)cc1)N1CCC(O)CC1,1.9782997
CCOc1ccc(-n2c([C@@H](C)N(CC3CCN(C)CC3)C(=O)Cc3ccc(F)c(C(F)(F)F)c3)nc3ncccc3c2=O)cc1,2.01222
O=c1[nH]c2c(O)ccc([C@@H](O)CNCCOc3cccc(CNCCc4ccccc4F)c3)c2s1,1.3803382
O=C1CCC(=O)N1C(CCc1ccncc1)COc1ccc(-c2cccc([N+](=O)[O-])c2)cc1,3.352078
O=C(NCC12CC3CC(CC(C3)C1)C2)c1cc(OC2CCNCC2)ccc1Cl,1.9945422
Cc1cc(OCCCS(C)(=O)=O)cc(C)c1-c1cccc(COc2ccc3c(c2)OC[C@H]3CC(=O)O)c1,2.5654469
COc1ccc(NC(=O)c2ccc(-c3ccncc3)c(C)c2)cc1N1CCN(C)CC1,2.6933749
COc1cc(OC)c(S(=O)(=O)N2c3ccccc3CCC2C)cc1NC(=O)CSc1ccncc1,2.680995
O=c1[nH]c2c(O)ccc([C@@H](O)CNCCc3cccc(CN4CCC(c5ccccc5)CC4)c3)c2s1,1.849268
Cc1noc2cc(N3CCN(C(=O)[C@@H]4CCCC[C@H]4C(=O)NC4(C#N)CC4)[C@H](C)C3)ccc12,2.9035132
COc1ccc([C@]2(O)CC[C@H](N3CC[C@@H](NC(=O)CNC(=O)c4cccc(C(F)(F)F)c4)C3)CC2)cn1,2.004583
CCCc1c(C(=O)Nc2cc(C)on2)cnn1-c1ccccc1,3.4634376
O=C(NCC12CC3CC(CC(C3)C1)C2)c1cc(CN2CCNCC2)ccc1Cl,1.6390469
Cc1cc(Nc2nc(N[C@@H](C)c3ncc(F)cn3)ncc2Br)n[nH]1,2.095704
Cc1cc(Nc2nc(N[C@@H](C)c3ncc(F)cn3)ncc2F)n[nH]1,1.6837274
C[C@H](Nc1ncc(F)c(Nc2cc(N(C)C)[nH]n2)n1)c1ncc(F)cn1,1.8482182
C[C@H](Nc1ncc(Cl)c(Nc2cc(N(C)C)[nH]n2)n1)c1ncc(F)cn1,2.1282783
Cc1cc(Nc2nc(N[C@@H](C)c3ncc(F)cn3)ncc2C)n[nH]1,1.6490835
COc1cc(Nc2nc(N[C@@H](C)c3ncc(F)cn3)ncc2Cl)n[nH]1,2.2326107
COc1cc(Nc2nc(N[C@@H](C)c3ncc(F)cn3)ncc2Br)n[nH]1,2.3414972
COc1ccc(Cl)c(Nc2ncnc3cc(OC)cc(OC4CCN(C)CC4)c23)c1,3.056988
C[C@H]([C@H](O)c1ccc(O)cc1)N1CCC(O)(c2ccccc2)CC1,0.934672
O=S(=O)(Cc1c(F)cccc1F)N1CCN(c2ncccc2C(F)(F)F)CC1,3.4766352
O=C(N[C@@H](Cc1ccccc1)C(=O)N1CCC(O)CC1)c1cc2cc(Cl)ccc2[nH]1,3.380024
CNc1c(Cl)cnc2[nH]c(-c3ccc(OCCN4CCOCC4)cc3)nc12,2.9402215
CNc1c(C(N)=O)cnc2[nH]c(-c3ccc(OCCN4CCOCC4)cc3)nc12,1.9513413
CCOc1ccccc1N1CCN(Cc2c[nH]nc2-c2ccc(F)cc2)CC1,3.4242673
O=C(NNc1cccc(Cl)c1)c1cccnc1Cl,2.2905467
CC1CN(C(=O)c2ccccc2)c2ccccc2NC1=O,2.0109437
O=S(=O)(Nc1cccnc1)c1cccs1,0.43141174
CCCNC(=O)c1nnc2c(-c3cc(C)ccc3OC)cccc2c1N,3.4105227
CCCNC(=O)c1nnc2c(-c3ccc(OC)cc3OC)c(F)ccc2c1N,3.2471545
COc1ccc(OC)c(-c2c(F)ccc3c(N)c(C(=O)NC(C)C)nnc23)c1,3.25023
COc1ccc(OC)c(-c2cccc3c(N)c(C(=O)NC(C)C)nnc23)c1,3.2723432
CCCNC(=O)c1nnc2c(-c3ccccc3)cccc2c1N,3.2940445
NC(=O)c1cnc(N[C@H]2CCCNC2)c2cc(Br)sc12,0.74865854
N#Cc1cccc(COc2ccc3c(c2)OCCC3=O)c1,2.8824422
O=C1CCOc2cc(OCc3cccc(F)c3)ccc21,3.3067775
O=c1[nH]c2c(O)ccc([C@@H](O)CNCCCSCCOCCc3cccc4ccccc34)c2s1,2.9973638
C(=C/c1nn[nH]n1)\c1ccccc1,-0.1131773
Cc1cc(Nc2cc(N3CCN(C)CC3)nc(Sc3ccc(NC(=O)C4CC4)cc3)n2)n[nH]1,3.2538052
O=C(CC12CC3CC(CC(C3)C1)C2)Nc1c(Cl)ccc2nc(CN3CCN(CCO)CC3)ccc12,3.1586971
c1ccc(-c2c[nH]c(-c3ccccc3)n2)cc1,3.3816304
COc1cccc(-c2c[nH]c(-c3ccccc3)n2)c1,3.4004483
CN(C(=O)Cc1ccc(-n2cnnn2)cc1)C1CCN(Cc2nc3c(s2)CCCC3)CC1,2.7558362
COc1ccccc1CNCCc1cccc(CCNC[C@H](O)c2ccc(O)c3[nH]c(=O)sc23)c1,0.70471454
COc1ccc(Cn2cc3c(=O)n(C)c(=O)n(CC(C)C)c3c2)cc1,2.8826885
C[C@H]1O[C@@H](n2cnc3c(N)nc(OC4CCC(F)(F)CC4)nc32)[C@H](O)[C@@H]1O,1.3775783
C[C@H]1O[C@@H](n2cnc3c(N)nc(O[C@H]4CC[C@H](C)CC4)nc32)[C@H](O)[C@@H]1O,2.0461776
Nc1c(-c2ccccc2)c(CN2CCOCC2)nn1-c1ccc(F)cc1,2.8098211
CC(C)[N+](C)(CCOC(=O)C1c2ccccc2Oc2ccccc21)C(C)C,0.15734899
COc1ncc(-c2ccc3nccc(-c4ccnnc4)c3c2)cc1NS(=O)(=O)c1ccc(F)cc1F,2.6373866
CC[C@H](C)[C@H](N)C1=N[C@H](C(=O)N[C@@H](CC(C)C)C(=O)N[C@H](CCC(=O)O)C(=O)N[C@H](C(=O)N[C@H]2CCCCNC(=O)[C@H](CC(N)=O)NC(=O)[C@@H](CC(=O)O)NC(=O)[C@H](Cc3cnc[nH]3)NC(=O)[C@@H](Cc3ccccc3)NC(=O)[C@H]([C@@H](C)CC)NC(=O)[C@@H](CCCN)NC2=O)[C@@H](C)CC)CS1,-0.53215384
Cc1cc2n[nH]c(=O)n2c2cc(-c3ccc(C(=O)N4CCOCC4)cc3)ccc12,2.8832753
CC(C)C[C@H](NC(=O)N1CCOCC1)C(=O)N[C@H](/C=C/S(=O)(=O)c1ccccc1)CCc1ccccc1,3.2742991
O=C(COc1ccccc1)c1ccccc1,2.9576085
CC(C)(C)OC(=O)N1C[C@@H]2CC[C@H]1CN2c1ncc(OCc2ccc(S(C)(=O)=O)cc2)cn1,3.5132203
CCCNC(=O)CSc1ccc(S(=O)(=O)N2CCCC2)cn1,0.98384714
Cc1cc(C)cc(-c2[nH]c3ccc(C(C)(C)C(=O)N4C5CCC4CC5)cc3c2CCNCCCCc2ccncc2)c1,3.8917243
CNC(=O)c1cc(C(=O)c2ccc(Cl)cc2)c(Br)[nH]1,2.9739566
COC(=O)c1c(C)[nH]c(C)c1C(=O)c1ccccc1Cl,2.6399274
Cc1cccc(Nc2ccncc2S(=O)(=O)NC(=O)NC(C)C)c1,0.051588774
Clc1cc(Nc2ncnc3[nH]nc(OCCN4CCCC4)c23)ccc1OCc1ccccn1,3.0724435
O=c1ccoc2cc(OCc3ccccc3)ccc12,3.1227207
Cc1ccc(NC(=O)c2cscn2)cc1-n1cnc2ccc(N3CCN(C)CC3)cc2c1=O,2.085275
CC(O)C(C)OC(=O)[C@@H]1CC2c3cccc4c3c(cn4C(C)C)CC2N(C)C1,2.5647159
CCN(CC)C(=O)N[C@H]1C[C@@H]2c3cccc4[nH]cc(c34)C[C@H]2N(C)C1,2.2355046
COc1cccc([C@H](O)C2CCN(CCc3ccc(F)cc3)CC2)c1OC,1.744993
O=C(OCCN1CCCCC1)c1c[nH]c2ccccc12,2.2046463
Cc1cc(Nc2ccc(F)cc2)nc(N)n1,2.1381395
CCN(C(=O)Cc1ccc(S(C)(=O)=O)cc1)C1CCN(CC[C@@H](c2cccc(C(F)(F)F)c2)C2CCN(S(C)(=O)=O)CC2)CC1,1.8770512
CCN(C(=O)Cc1ccc(S(C)(=O)=O)cc1)C1CCN(CC[C@@H](c2ccccc2)C2CCN(S(=O)(=O)C(F)(F)F)CC2)CC1,2.6699955
CCN(C(=O)Cc1ccc(S(C)(=O)=O)cc1)C1CCN(CC[C@@H](c2cccc(F)c2)C2CCN(S(C)(=O)=O)CC2)CC1,1.2371702
CCN(C(=O)Cc1ccc(S(C)(=O)=O)cc1)C1CCN(CCC(c2ccccc2)C2CCN(S(=O)(=O)CC)CC2)CC1,1.6516755
CCN(C(=O)Cc1ccc(S(C)(=O)=O)cc1)C1CCN(CC[C@@H](c2ccccc2)C2CCN(S(C)(=O)=O)CC2)CC1,0.98338306
CCN(C(=O)Cc1ccc(S(C)(=O)=O)cc1)C1CCN(CC[C@@H](c2cc(C)cc(C)c2)C2CCN(S(C)(=O)=O)CC2)CC1,1.9010695
CCN(C(=O)Cc1ccc(S(C)(=O)=O)cc1)C1CCN(CC[C@@H](c2cc(Cl)cc(Cl)c2)C2CCN(S(C)(=O)=O)CC2)CC1,2.5047414
Oc1ccc2c3c1O[C@H]1c4[nH]c5c(c4C[C@@]4(O)[C@@H](C2)N(CC2CC2)CC[C@]314)C[C@@]1(O)[C@H]2Cc3ccc(O)c4c3[C@@]1(CCN2CC1CC1)[C@H]5O4,1.4025667
Nc1nnc(-c2cccc(Cl)c2Cl)c(N)n1,1.6463499
CCOC(=O)c1cc(O)c(-c2ccccc2)nn1,0.7110373
C1=CCC(c2cc3ccccc3o2)CNC1,1.5125855
CN1CC=CCC(c2cc3ccccc3o2)C1,2.4571302
C[C@@H](NC(=O)C1CCNCC1)c1ccc(Nc2ncc3cc(-c4ccncc4)ccc3n2)cc1,1.0094967
Cn1ncnc1-c1c2c(=O)n(C)c(=O)n(CC3CC3)c2nn1Cc1ccnc2ccc(Cl)cc12,3.2158666
CC(C)C[C@H](NC(=O)N1CCOCC1)C(=O)NCC#N,0.31853068
CN(C)c1nc(N(C)C)nc(N(C)C)n1,2.3166072
Cc1sc(CN2CCNCC2)cc1C(=O)NCC12CC3CC(CC(C3)C1)C2,1.8878217
CN1C(=O)CC(C)(CCc2cccc(-c3ccccc3)c2)N=C1N,2.5165253
Cn1c(-c2ccncc2)cc2onc(-c3ccccc3)c2c1=O,2.5859928
CSc1ncccc1C(=O)NCC1CCCCC1,2.9603677
Cc1ccc(NC(=O)c2ccc(CN3CCN(C)CC3)cc2)cc1Nc1nccc(-c2cccnc2)n1,2.5303578
O=C1NC(=O)C(c2cnc3ccccn23)=C1c1cn2c3c(cccc13)CN(C(=O)N1CCOCC1)CC2,2.1152327
Clc1ccc2[nH]ccc2c1,2.8580804
CCc1cccc2c(C#N)cn(CC(=O)NCCOC)c12,1.7132134
CC(C)NCC(O)COc1cccc2[nH]ccc12,-0.043473005
NC(Cc1c[nH]c2ccccc12)C(=O)O,-1.0637846
O=C(O)CSc1c[nH]c2ccccc12,-0.9991505
NCCCCCc1c[nH]c2ccc(F)cc12,0.8956481
N[C@H](Cc1c[nH]c2ccccc12)C(=O)O,-0.9047134
CNS(=O)(=O)Cc1ccc2[nH]cc(CCN(C)C)c2c1,-0.12675571
N[C@@H](Cc1c[nH]c2ccccc12)C(=O)O,-0.97881556
CC(=O)Nc1cccc(Nc2nc(NC3CC3)n3ncc(C#N)c3n2)c1,2.564113
CC(=O)N1CCN(c2ccc(NC(=O)c3nnc(Nc4ccccc4F)o3)cc2)CC1,2.4808552
CN(CCc1ccc(O)c2nc(O)sc12)CCN(C)C(=O)CCOCCc1ccccc1,2.562926
CCCN[C@H]1CCc2nc(N)sc2C1,0.64043045
NC(=O)Cc1nc(-c2ccccc2)cs1,1.4936042
Nc1nc(-c2ccc(Cl)cc2)cs1,3.153217
Cc1sc(N)nc1-c1ccccc1,2.6984692
Nc1nc(-c2ccccc2)cs1,2.4543588
O=C(O)CSCC(=O)Nc1nc(-c2ccc(F)cc2)cs1,-0.27517247
COc1ccccc1OCCNCC(O)COc1cccc2[nH]c3ccccc3c12,2.8161497
C[C@]12Cc3cnn(-c4ccc(F)cc4)c3C=C1CC[C@@]2(O)CCc1ccc(F)cc1C(N)=O,3.6054587
Cc1cccc(NC(=O)c2ccc(-c3ccccc3)c(C#N)c2)n1,3.3084583
O=C(CSc1nccn(-c2ccc(F)c(F)c2)c1=O)NC1CCCC1,1.7285917
O=c1[nH]nc(Cc2ccccc2)c2ccccc12,2.1437573
CC(C)(CCCCCOCCc1ccccc1)NCCc1ccc(O)c2nc(O)sc12,2.5699754
Oc1nc2c(O)ccc(CCNCCCCCCOCCc3ccccc3)c2s1,2.2161443
c1ccc(C2CCNCC2)cc1,-0.4057157
CCOC(=O)C1(c2ccccc2)CCN(C)CC1,1.2169242
N#CCNC(=O)c1ccc(-c2ccnc(Nc3ccc(N4CCOCC4)cc3)n2)cc1,2.3538418
CC(=O)Nc1ccc(-c2ccnc(Nc3ccc(N4CCOCC4)cc3)n2)cc1,2.7893443
CC[C@H](NC(=O)c1c([S+](C)[O-])c(-c2ccsc2)nc2ccccc12)c1ccccc1,3.3202925
Cc1ccnc(NCc2c(O)ccc3ccccc23)c1,3.6886635
CC(C)(C)C(=O)NCc1ccc(NC(=O)N2CCCC(O)(c3ccc(Cl)c(Cl)c3)C2)cc1,3.5444448
NC(=O)c1ccc(O[C@@H]2C[C@@H]3CC[C@H](C2)N3Cc2ccccc2)nc1,1.3291413
NC(=O)c1cccc(O[C@@H]2C[C@@H]3CC[C@H](C2)N3Cc2ccccc2)n1,1.627179
Cc1cc(Cl)ccc1OC1CCN(C[C@H](O)CNC(=O)c2c[nH]c(=O)cc2C(F)(F)F)CC1,2.893137
Cn1cc(C(=O)NC[C@@H](O)CN2CCC(Oc3ccc(Cl)c(Cl)c3)CC2)c(C(F)(F)F)cc1=O,2.9118674
O=C(NC[C@@H](O)CN1CCC(Oc2ccc(Cl)c(Cl)c2)CC1)c1c[nH]c(=O)cc1C(F)(F)F,3.0359387
Cc1c(Cl)ccc(OC2CCN(C[C@H](O)CNC(=O)c3c[nH]c(=O)cc3C(F)(F)F)CC2)c1Cl,3.1467593
Nc1nc2cc3c(cc2s1)CCN(Cc1cnc[nH]1)CC3,1.0426214
Cc1ccc(-c2cn(C)cn2)cc1NC(=O)c1ccc(OCc2ccccn2)cc1,2.8933802
Cc1nc(-c2ccc(C)c(NC(=O)c3ccc(OCc4ccccn4)cc3)c2)c[nH]1,2.9006436
Cc1ccc(-c2cn(C)c(C)n2)cc1NC(=O)c1ccc(OCc2ccccn2)cc1,2.8952405
Cc1ccc(-c2c[nH]cn2)cc1NC(=O)c1ccc(OCc2ccccn2)cc1,2.764732
COc1cc(Nc2ncnc3cccc(O[C@H](C)C(=O)N4CCOCC4)c23)ccc1Oc1ccc(C)nc1,3.3649452
Cc1ccc(Oc2ccc(Nc3ncnc4cccc(O[C@H](C)C(=O)N5CCOCC5)c34)cc2C)cn1,3.6351109
OC1(c2ccccc2)CNCCc2ccccc21,1.2855376
CN1CCc2cc(Cl)c(O)cc2[C@@H](c2ccccc2)C1,2.6912992
Oc1ccc(C2CNCCc3c2cc(O)c(O)c3Cl)cc1,0.49799037
Cc1ccc(-c2nnc(N3CCN(C(=O)c4ccco4)CC3)c3ccccc23)cc1,3.7109427
O=C(CSc1nc2c(c(=O)n1-c1ccccc1)SCC2)Nc1ncc(-c2ccccc2)s1,3.399473
O=C(NC1CC1)c1cc(-c2cccs2)on1,2.5625076
CC(C)[C@H]1C(=O)N[C@H](CO)Cc2ccccc2N1C,2.0132036
N=C(N)NC(=O)c1nc(Cl)c(NCc2ccncc2)nc1N,-0.3979199
N#CC1=C2C(=NC1=O)c1cccc3c(N4CCSCC4)ccc2c13,2.7422676
CN[C@@H](C)C(=O)N[C@H](C(=O)N[C@H]1CCCCN(Cc2ccccc2)C1)C1CCCCC1,2.0576408
Nc1nc2cc3c(cc2s1)CCN(Cc1cccc(F)c1)CC3,3.2163565
CN(C)C(=O)c1ccc(CN2CCc3cc4nc(N)sc4cc3CC2)cc1,1.8867317
Nc1nc2cc3c(cc2s1)CCN(Cc1ccccc1)CC3,2.9786563
CC[C@H](NC(=O)c1c([S+](C)[O-])c(-c2cccs2)nc2ccccc12)c1ccccc1,3.3133757
CCN1CCC[C@@H](CN2CCN(C(=O)Nc3ccc(Cl)c(Cl)c3)CC2)C1,1.9754243
CN1CCCC(CN2CCN(C(=O)Nc3ccc(Cl)c(Cl)c3)CC2)C1,1.6999671
CC(C)N1CCC[C@@H](CN2CCN(C(=O)Nc3ccc(Cl)c(Cl)c3)CC2)C1,2.1620326
CCN1CCC[C@H](CN2CCN(C(=O)Nc3ccc(Cl)c(Cl)c3)CC2)C1,2.04355
CCCCC(CC)CNC(=O)c1cc(-n2ncc(=O)[nH]c2=O)ccc1Cl,1.6110597
O=C(Nc1ccccn1)c1ccccc1,1.9915408
CC(C)COc1cc(OC(C)C)cc(C(=O)Nc2ccc(C(=O)O)cn2)c1,1.2289746
COCCOc1ccc(C(=O)Nc2cc(NC(=O)c3cccc(N(C)C)c3)ccc2C)cc1,3.2497878
Cc1ccc(NC(=O)c2cccc(N(C)C)c2)cc1NC(=O)c1ccc(OC(C)C)cc1,3.6162653
COc1cc(C(=O)Nc2cc(NC(=O)c3cccc(N(C)C)c3)ccc2C)cc(OC)c1OC,2.9527736
COc1ccc(C(=O)Nc2cccc(NC(=O)c3cccc(N(C)C)c3)c2)cc1OC,3.0275269
COc1ccc(C(=O)Nc2cc(NC(=O)c3cccc(N(C)C)c3)ccc2Br)cc1OC,3.3613362
COc1ccc(C(=O)Nc2cc(NC(=O)c3cccc(N(C)C)c3)ccc2C)cc1,3.2889404
Cc1ccc(NC(=O)c2cccc(N(C)C)c2)cc1NC(=O)c1ccc(O)cc1,3.0298312
COc1ccc(C(=O)Nc2cc(NC(=O)c3cccc(N(C)C)c3)ccc2C)cc1OC,3.1556067
O=C(NC[C@@H](O)CN1CCC(Oc2ccc(Cl)c(Cl)c2)CC1)c1c[nH]c2ccccc12,3.5735888
NC1(c2ccc(-c3ncc4ccncc4c3-c3ccccc3)cc2)CCC1,2.1404052
CCN1CCN(c2ccc(Nc3cc(N(C)C(=O)Nc4c(Cl)c(OC)cc(OC)c4Cl)ncn3)cc2)CC1,3.2933507
CC(C)NC(=O)c1ccc2c(Nc3ccc(Cl)cc3)nc(N3CCOCC3)nc2c1,3.505612
Cc1cc(CN2Cc3ccccc3C2C(=O)Nc2cc(Cl)ccc2Cl)ccc1OCC(=O)O,2.08884
Cc1cc(CN2Cc3ccccc3C2C(=O)Nc2ccc(Cl)cc2Cl)ccc1OCC(=O)O,2.1276047
Cc1cc(CN2Cc3ccccc3C2C(=O)Nc2ccc(Cl)cc2)ccc1OCC(=O)O,1.7442219
Cc1ccc(-c2nc3ccccc3[nH]2)cc1NC(=O)c1ccc(OCc2ccccn2)cc1,3.7015295
Clc1ccc(CN(Cc2ccc(Cl)cc2)c2nn[nH]n2)cc1,2.489724
c1ccc(CN(Cc2ccccc2)c2nn[nH]n2)cc1,1.0329742
c1ccc(-c2nnc3ccc(NC4CC4)nn23)cc1,2.86837
CC(=O)N1CCN(c2nc(C#N)nc(NCC(C)C)c2N)CC1,2.3994884
CC(C)CNc1nc(C#N)nc(N2CCNCC2)c1N,1.077839
[O-][S+](c1ccccc1)c1ccc2nnnn2n1,0.28915834
Cc1sc2ncnc(SCC(=O)N3CCN(C(=O)c4ccco4)CC3)c2c1C,2.6588209
Cc1c(Cl)cccc1S(=O)(=O)Nc1nc(CC(=O)N2CCN(C)CC2)cs1,0.3742969
Nc1ccccc1NC(=O)c1ccc(-c2ncc(CN3CCCCC3)s2)cc1,2.7425733
C[C@]12CC[C@@H]3c4ccc(O)cc4CC[C@H]3[C@@H]1CCC2=O,3.6669412
Cc1cc(CCCOc2c(Cl)cc(C3=NCCO3)cc2Cl)on1,2.9695857
Nc1[nH]ncc1-c1cc(Cl)ccc1Oc1cc(F)c(S(=O)(=O)Nc2cscn2)cc1Cl,1.9656161
Nc1n[nH]cc1-c1cc(C(F)(F)F)ccc1Oc1cc(F)c(S(=O)(=O)Nc2cscn2)cc1Cl,2.2333877
O=CNc1cc([C@@H](O)CNCCc2ccc(NC[C@H](O)c3ccccc3)cc2)ccc1O,0.4607495
Cc1ccc(OC(=O)N2CCN3CCC2CC3)cc1,1.5454781
O=C(Oc1ccc(Br)cc1)N1CCN2CCC1CC2,1.9190664
Cc1ccccc1CCOCCCS(=O)(=O)CCNCCc1ccc(O)c2nc(O)sc12,2.641316
O=S(=O)(CCCOCCc1ccccc1)CCNCCc1ccc(O)c2nc(O)sc12,2.2288454
C[C@@H](COCCCS(=O)(=O)CCNCCc1ccc(O)c2nc(O)sc12)c1ccccc1,2.3046422
CS(=O)(=O)Nc1ccc(CCOCCCS(=O)(=O)CCNCCc2ccc(O)c3nc(O)sc23)cc1,1.4113548
CC1CC(=O)Nc2ccccc2N1,1.1468205
COc1ccc(-c2c(-c3ccc(O)cc3O)n[nH]c2C)cc1,3.118032
COc1cc(-n2nnc3cc(-c4ccc(Cl)cc4)sc3c2=O)ccc1N1CC[C@@H](O)C1,3.3709805
C[C@@H](C(=O)NCCN1CCCC1)c1ccc(OS(=O)(=O)C(F)(F)F)cc1,1.2578485
CCC[C@@H](CN1CCCC1)N(C)C(=O)Cc1ccc(Cl)c(Cl)c1,2.7532263
CCOC(=O)c1ccc(OCCC2CN(c3ccc(C)nn3)C2)cc1,3.085733
NS(=O)(=O)c1cc2c(cc1Cl)NCNS2(=O)=O,-0.14499855
NS(=O)(=O)c1cc2c(cc1Cl)NC(C(Cl)Cl)NS2(=O)=O,0.5335449
Cn1cnc([N+](=O)[O-])c1Sc1ncnc2nc[nH]c12,-0.28010726
CNCCCC12CCC(c3ccccc31)c1ccccc12,1.5970271
CS(=O)(=O)Cc1cc(N2CCOCC2)nc(-c2ccc(NS(C)(=O)=O)cc2)n1,0.8818134
CS(=O)(=O)Cc1cc(N2CCOCC2)nc(-c2cccc(CO)c2)n1,1.1544521
CSCc1cc(N2CCOCC2)nc(-c2ccccc2)n1,3.4064157
CS(=O)(=O)Cc1cc(N2CCOCC2)nc(-c2ccccc2)n1,1.823506
Cn1sc(NCc2ccccc2)nc1=O,1.1895552
CC(=O)Nc1ccc2ccn(-c3cc(NCCCCO)n4ncc(C#N)c4n3)c2c1,2.167609
CC(=O)Nc1ccc2ccn(-c3cc(NCCCN(C)C)n4ncc(C#N)c4n3)c2c1,1.0665671
CC1CC(CN)CC(CO)C1,-0.6884513
NC(=O)C1CCCCC1,0.89894617
CC1(C)CCC(NC(=O)[C@@H](N)CCC(=O)O)CC1,-0.7603202
O=c1[nH]c2c(O)ccc([C@@H](O)CNCCSCCCNCCc3cccc(Cl)c3Cl)c2s1,1.6737959
CCc1ccc(CCNCCCSCCNC[C@H](O)c2ccc(O)c3[nH]c(=O)sc23)cc1,0.57063425
O=c1[nH]c2c(O)ccc([C@@H](O)CNCCSCCCNCCc3cccc(C(F)(F)F)c3)c2s1,1.0366309
O=c1[nH]c2c(O)ccc([C@@H](O)CNCCSCCCNCCc3cccc(Cl)c3)c2s1,0.93259835
CCOc1ccc(CCNCCCSCCNC[C@H](O)c2ccc(O)c3[nH]c(=O)sc23)cc1,0.31206954
O=c1[nH]c2c(O)ccc([C@@H](O)CNCCSCCCNCCc3ccccc3)c2s1,0.17229879
CNc1cccc(CCCc2ccc(C[C@H](NC(=O)c3c(Cl)cccc3Cl)C(=O)O)cc2)n1,0.39869905
O=C(NCC12CC3CC(CC(C3)C1)C2)c1cc(OCCCNCCCO)ccc1Cl,1.8871982
COc1ccc(Cl)c(C(=O)NCC23CC4CC(CC(C4)C2)C3)c1,3.83324
O=C(NCC12CC3CC(CC(C3)C1)C2)c1cccc(Cl)c1Cl,3.9409356
Cc1ccccc1C(=O)NCC12CC3CC(CC(C3)C1)C2,3.8623996
O=C(NCC12CC3CC(CC(C3)C1)C2)c1ccccc1,3.71125
COc1ccccc1C(=O)NCC12CC3CC(CC(C3)C1)C2,3.6734948
CN(C)C[C@H](O)Cc1ccc(Cl)c(C(=O)NCC23CC4CC(CC(C4)C2)C3)c1,2.115822
CNC[C@H](O)c1ccc(Cl)c(C(=O)NCC23CC4CC(CC(C4)C2)C3)c1,1.2963891
O=C(O)CNCCNc1ccc(Cl)c(C(=O)NCC23CC4CC(CC(C4)C2)C3)c1,1.2553836
Nc1cccc(C(=O)NCC23CC4CC(CC(C4)C2)C3)c1Cl,3.2443433
O=C(NCC12CC3CC(CC(C3)C1)C2)c1ccccc1Br,3.8274722
O=C(NCC12CC3CC(CC(C3)C1)C2)c1ccccc1Cl,3.803975
Nc1ccc(Cl)c(C(=O)NCC23CC4CC(CC(C4)C2)C3)c1,3.3175206
CCCCNc1nc(SCCC)nc2c1nnn2[C@@H]1C[C@H](CO)[C@@H](O)[C@H]1O,2.926909
Nc1nc(N)c2cc(Br)ccc2n1,1.7704967
COc1ccc2c(C)nc(NC(=N)N)nc2c1,-0.0007493496
c1ccc2ncncc2c1,1.3016142
Cc1cc2nc(NC(=N)N)nc(C)c2cc1C,0.82052505
Nc1ncnc2ccccc12,0.97431195
Cc1nc(NC(=N)N)nc2ccccc12,-0.098165035
Oc1ncc(NCc2ccccc2)c(O)n1,0.8952656
O=C(O)CCc1nc(-c2ccccc2)c(-c2ccccc2)o1,0.7754533
Oc1nc(-c2ccccc2)c(-c2ccccc2)o1,3.1446388
Nc1c2c(nc3ccccc13)CCCC2,1.9302468
O=c1[nH]c(-c2ccc([N+](=O)[O-])cc2)nc2ccccc12,2.5636613
O=c1[nH]c(-c2ccccc2)nc2cc(Cl)ccc12,3.1222203
N#C[C@]1(NC(=O)[C@@H](N)Cc2cccs2)C[C@H]1c1ccccc1,1.2518239
N#C[C@@]1(NC(=O)[C@@H](N)Cc2cccs2)C[C@@H]1c1ccccc1,1.4411573
NC(=O)c1sc(-c2ccsc2)cc1N,2.5732343
NC(=O)Nc1cc(-c2ccsc2)sc1C(N)=O,1.9545403
Cc1cc2n[nH]c(=O)n2c2cc(-c3cccnc3)ccc12,2.8405364
CC(C)c1ccc(Sc2cnc(O)c(C(=O)NCc3ccccc3)c2)cc1,3.5906534
CCCN1CCC(Oc2nccc(Nc3cc(NC(=O)c4cccc(N5CCOCC5)c4)ccc3C)n2)CC1,2.7959275
CS(=O)(=O)Cc1cc(N2CCOCC2)nc(-c2cccc3cc[nH]c23)n1,2.2540288
N#Cc1c(-c2ccc(-c3ccccc3C(F)(F)F)cc2)nc2ccncc2c1O,3.1439743
CCOc1ccccc1-c1ccc(-c2nc3ccncc3c(O)c2C#N)cc1,2.6270022
CCc1ccccc1-c1ccc(-c2nc3ccncc3c(O)c2C#N)cc1,3.0796144
N#Cc1c(-c2ccc(-c3ccccc3OC(F)(F)F)cc2)nc2ccncc2c1O,3.3342164
COc1ccc(Cl)cc1C(=O)Nc1nc2ccccc2[nH]1,3.3990498
COc1ccccc1C(=O)Nc1nc2ccccc2[nH]1,3.0001602
O=C(Nc1nc2ccccc2n1CCCO)c1cccc([N+](=O)[O-])c1,2.487339
COc1ccc2nc(C)cc(OCC(=O)NCc3ccccc3)c2c1,2.8810477
CC(C)C(NC(=O)Cn1c(-c2ccccc2)ncc(NC(=O)OCC(F)(F)F)c1=O)C(=O)C(F)(F)F,2.0654292
CC(C)C(NC(=O)Cn1c(-c2cc(F)cc(F)c2)ncc(N)c1=O)C(=O)C(F)(F)F,1.4057481
COC(=O)Nc1cnc(-c2ccc(F)cc2)n(CC(=O)NC(C(=O)C(F)(F)F)C(C)C)c1=O,1.4321827
CNc1cnc(-c2ccc(F)cc2)n(CC(=O)NC(C(=O)C(F)(F)F)C(C)C)c1=O,1.7419251
CC(C)C(NC(=O)Cn1c(-c2ccc(F)cc2)ncc(N)c1=O)C(=O)C(F)(F)F,1.1794744
CN[C@@H](C)C(=O)N[C@H](C(=O)N[C@H]1CCN(C(=O)Cc2ccccc2)C1)C1CCCCC1,1.2497122
CC[C@H]1OC(=O)[C@H](C)[C@@H](O[C@H]2C[C@@](C)(OC)[C@@H](O)[C@H](C)O2)[C@H](C)[C@@H](O[C@@H]2O[C@H](C)C[C@H](N(C)C)[C@H]2O)[C@](C)(O)C[C@@H](C)/C(=N\OCOCCOC)[C@H](C)[C@@H](O)[C@]1(C)O,1.6854907
CC(C)C(C#N)(CCCN(C)CCc1ccccc1)c1ccccc1,3.1258304
COc1ccc(CCN(C)CCCC(C#N)(c2ccc(OC)c(OC)c2)C(C)C)cc1OC,2.8187747
O=C(CCc1ccncc1)Nc1ccc(C(=O)c2ccccc2)cc1,2.7014809
N[C@@H](CC(=O)N1CCn2c(nnc2C(F)(F)F)C1)Cc1cc(F)c(F)cc1F,0.57448995
CN1CCC(C#N)(c2cccc3ccccc23)CC1,2.4624262
CCCCCCCCCC(=O)N[C@@H](Cc1c[nH]c2ccccc12)C(=O)N[C@@H](CC(N)=O)C(=O)N[C@@H](CC(=O)O)C(=O)N[C@@H]1C(=O)NCC(=O)N[C@@H](CCCN)C(=O)N[C@@H](CC(=O)O)C(=O)N[C@H](C)C(=O)N[C@@H](CC(=O)O)C(=O)NCC(=O)N[C@H](CO)C(=O)N[C@@H]([C@H](C)CC(=O)O)C(=O)N[C@@H](CC(=O)c2ccccc2N)C(=O)O[C@@H]1C,-1.4499164
O=c1oc2c(O)cccc2cc1-c1ccc(O)cc1,2.4750702
O=c1oc2ccccc2cc1-c1ccccc1,3.3337975
O=c1oc2ccc(O)cc2cc1-c1ccc(O)cc1,2.9087172
O=c1oc2ccccc2cc1-c1ccc(O)cc1,3.140867
Cc1c(-c2ccc(O)cc2)c(=O)oc2cc(O)ccc12,3.0488114
O=c1oc2ccc(O)cc2cc1-c1ccccc1,3.1814623
O=c1oc2cc(O)ccc2cc1-c1ccc(O)cc1,2.9636533
COc1ccc(-c2c(C)c3ccc(OC)cc3oc2=O)cc1,3.4011848
C[C@@H](NCc1ccccc1-c1ccc(CCNC[C@H](O)c2ccc(O)c3[nH]c(=O)sc23)cc1)c1ccccc1,2.2299917
O=C(Oc1ccccc1)N1CCOCC1,1.3588744
C1CCc2c(c3c(N4CCCC4)nc(N4CCCC4)nc3n2CCN2CCOCC2)C1,3.7457747
Nc1c(C(=O)c2cccc(OC[C@@H](O)CO)c2)cnn1-c1ccc(F)cc1,1.773855
Nc1c(C(=O)c2cccc(OC[C@H](O)CO)c2)cnn1-c1ccc(F)cc1,1.7775785
CCCc1c(OCc2ccc(C(=O)O)cc2)ccc(C(C)=O)c1O,1.884414
CNCC[C@H](Oc1ccc(C(F)(F)F)cc1)c1ccccc1,1.6420376
CNCC[C@@H](Oc1cc(C(F)(F)F)ccc1C#N)c1ccccc1,1.177955
N#Cc1cc(F)c(Cl)cc1O[C@H](CCN)c1ccccc1,1.1650097
N#Cc1ccc(Cl)cc1O[C@H](CCN)c1ccccc1,0.9098624
Nc1ccc(OCc2ccccc2)cc1,2.3771188
CNCCC(Oc1ccc(C(F)(F)F)cc1)c1ccccc1,1.8556707
CNCC[C@@H](Oc1ccc(C(F)(F)F)cc1)c1ccccc1,1.6728612
CNCC[C@@H](Oc1cc(OC)ccc1C#N)c1ccccc1,0.4661864
CNCCC(Oc1ccccc1OC)c1ccccc1,0.6967422
NC(=O)c1ccccc1OCc1ccccc1,2.310388
CCCc1c(OCc2ccc(C(=O)O)c(Br)c2)ccc(C(C)=O)c1O,2.379435
O=C(Cc1ccc(OCc2ccccc2)cc1)NO,2.0331414
CNCC[C@@H](Oc1ccccc1C)c1ccccc1,1.11268
OCCNCc1cc(Br)ccc1OCc1ccc(Cl)cc1,2.869165
O=C(O)CCc1ccc(OCc2cccc(Br)c2)cc1,1.5462565
N#Cc1cc(Cl)ccc1O[C@H](CCN)c1ccccc1,1.005061
Cc1cnc(-c2cc(NC(=O)c3ccc(C(F)(F)F)nc3C)ccc2Cl)[nH]1,3.3680067
C[C@H](CO)Nc1nc(SCc2cccc(F)c2F)nc2[nH]c(=O)c(C#N)cc12,2.9278946
C[C@H](CO)Nc1nc(SCc2cccc(F)c2F)nc2[nH]c(=O)ccc12,3.2759519
Cc1cc(NC(=O)c2ccccc2)n[nH]1,1.6063099
COc1cc2ncnc(Nc3cccc(Cl)c3F)c2cc1OC1CCN(C)CC1,3.1936927
COc1cc2ncnc(Nc3cccc(Cl)c3F)c2cc1OC1CCN(S(C)(=O)=O)CC1,3.3749804
COc1cc2ncnc(Nc3cccc(Cl)c3F)c2cc1OC1CCN(CC(N)=O)CC1,3.126473
O=[N+]([O-])c1ccc2c(c1)nc1n2CCCCC1,2.5389988
CN(C(=O)NCc1ccccc1)C1CCN(CCC(c2ccccc2)c2ccccc2)CC1,3.6221018
C=CCN(C(=O)NCc1ccc(OC)cc1)C1CCN(CCC(c2ccccc2)c2ccccc2)CC1,3.7383993
CCN(C(=O)NCc1ccc(F)cc1)C1CCN(CCC(c2ccccc2)c2ccccc2)CC1,3.7531433
CCN(C(=O)NCc1ccccc1)C1CCN(CCC(c2ccccc2)c2ccccc2)CC1,3.7100267
CCN(C(=O)NCc1c(F)cccc1F)C1CCN(CCC(c2ccccc2)c2ccccc2)CC1,3.8317442
CCN(C(=O)NCc1ccc(S(C)(=O)=O)cc1)C1CCN(CCC(c2ccccc2)c2ccccc2)CC1,3.1690614
Cc1cc(NCc2ccccc2)nc2ccccc12,3.6196692
Cc1ccc(-c2ccc3c(ccc4sc5c(c43)NC[C@@H](C)NC5=O)n2)cn1,3.39463
COc1cc(CCc2cc(Nc3ccnc(NCc4ccccn4)n3)n[nH]2)cc(OC)c1,3.456739
CN1CCCCC1CCN1c2ccccc2Sc2ccc([S+](C)[O-])cc21,1.5924189
CSc1ccc2c(c1)N(CCC1CCCCN1C)c1ccccc1S2,3.5289326
C[C@H]1O[C@@H](n2cnc3c(N)nc(OC(C4CC4)C(F)(F)F)nc32)[C@H](O)[C@@H]1O,1.9395474
NC1CCc2cc(OC(=O)c3ccccc3)c(OC(=O)c3ccccc3)cc2C1,2.8834257
COc1cccc(C(=O)N2CCC(n3c(=O)[nH]c4ccccc43)CC2)c1,2.6191697
CNCC[C@H](Oc1cccc2ccccc12)c1cccs1,1.8274008
N#Cc1cnn2c(NC3CC3)cc(-n3ccc4ccc(CO)cc43)nc12,2.990765
CS(=O)(=O)Cc1ccc2ccn(-c3cc(NC4CC4)n4ncc(C#N)c4n3)c2c1,3.082314
CC(=O)Nc1cc2c(ccn2-c2cc(NC3CC3)n3ncc(C#N)c3n2)cc1C,3.0965161
CC(=O)Nc1ccc2ccn(-c3cc(NC4CC4)n4ncc(C#N)c4n3)c2c1,2.9805298
CC(=O)N(C)c1ccc2ccn(-c3cc(NC4CC4)n4ncc(C#N)c4n3)c2c1,2.868094
COC(=O)c1c(O)cccc1OC/C=C/c1ccc(F)c(-c2cc(C(=O)O)no2)c1,0.7291057
Nc1c(C(=O)NC2CC2)nnc2c(-c3ncccn3)c(F)ccc12,1.705705
Nc1c(C(=O)NC2CC2)nnc2c(-c3ncccn3)cccc12,1.7345753
Oc1nc2ccccc2nc1NCc1ccccc1,2.8920336
O=C(O)COc1ccc(C(F)(F)F)cc1-c1ccccc1-c1ccccc1,1.5585437
O=C(c1ccccc1)C(O)(CN1CCCCC1)c1ccccc1,2.9341745
O=C(c1ccccc1)c1ccc2n1CCC2C(=O)O,-0.6357641
COC(=O)C1=C(C)NC(C)=C(C(=O)OC(C)C)[C@@H]1c1cccc2nonc12,3.5532067
CS(=O)(=O)c1ccc(CC(=O)N(C2CC2)C2CCN(CCC(c3ccccc3)c3ccccc3)CC2)cc1,3.0954833
CCCC1CCCCC(N)=N1,0.7193661
CCN(C(=O)Cc1ccc(S(C)(=O)=O)cc1)C1CCN(CCC(c2ccccc2)N2CCC(C(C)=O)CC2)CC1,1.3432745
NC1(c2ccc(-c3ncc4ccccc4c3-c3ccccc3)cc2)CCC1,3.1089456
CCC(c1nc2ccsc2c(=O)n1Cc1cccnc1)N(CCCN)C(=O)c1ccc(C)cc1,0.72623193
CNc1c(Br)cnc2[nH]c(-c3ccc(OCCN4CCCCC4)cc3)nc12,2.9769807
O=C(Cc1cc(Nc2ncnc3cc(OCCCN4CCC[C@@H]4CO)ccc23)n[nH]1)Nc1cccc(F)c1F,2.1400237
COc1cc2c(Nc3cc(CC(=O)Nc4cccc(F)c4F)[nH]n3)ncnc2cc1OCCCN1CCC[C@@H]1CO,1.9924628
O=C(Nc1ccccc1F)N[C@H]1N=C(c2ccccc2)c2ccccc2NC1=O,3.5655766
O=C(Nc1ccccc1F)NC1N=C(c2ccccc2)c2ccccc2NC1=O,3.5215626
COc1ncc2ncc(=O)n(CCN3CCC(NCc4cc5c(cn4)OCCO5)CC3)c2n1,-0.12115669
CC#Cc1ccnc(-c2cccc([C@@]3(c4cc(C)c(=O)n(CC)c4)N=C(N)c4c(F)cccc43)c2)c1,3.6439328
CO[C@@H]1CN(CCn2c(=O)ccc3ccc(C#N)cc32)CC[C@H]1NCc1ccc2c(n1)NC(=O)CO2,0.96335506
CO[C@H]1CN(CCn2c(=O)ccc3ccc(C#N)cc32)CC[C@H]1NCc1ccc2c(n1)NC(=O)CO2,0.9597055
N#Cc1ccc2ccc(=O)n(CCN3CC[C@H](NCc4ccc5c(n4)NC(=O)CO5)[C@H](O)C3)c2c1,0.4141568
N#Cc1ccc2ccc(=O)n(CCN3CC[C@@H](NCc4ccc5c(n4)NC(=O)CO5)[C@@H](F)C3)c2c1,0.86809325
Cn1c(-c2ccc(O)nc2)nc2ccccc21,1.7546843
O=c1[nH]c2c(O)ccc([C@@H](O)CNCCc3cccc(CN4CCCC4)c3)c2s1,0.25922883
NC(=O)Nc1sc(-c2ccsc2)cc1C(=O)N[C@H]1CCCNC1,0.7421218
CCCCCC[C@H]1OC(=O)CNC(=O)[C@@H]([C@H](C)O)NC(=O)[C@H](CO)NC(=O)[C@H]([C@H](C)CC)NC(=O)[C@H](CC(C)C)N(C)C(=O)[C@@H]1C,3.4415715
Cc1ccc(NC(=O)c2ccno2)cc1-n1cnc2ccc(N3CCN(C)CC3)cc2c1=O,2.26689
CCCc1c(OCc2ccc(-c3nn[nH]n3)cc2OC)ccc(C(C)=O)c1O,2.572469
CCCc1c(OCc2ccc(-c3nn[nH]n3)cc2)ccc(C(C)=O)c1O,2.4159124
CC(=O)c1ccc2[nH]c(-c3cccnc3)cc(=O)c2c1,2.0348322
CNC(=O)c1ccc2c(=O)cc(-c3cccnc3)[nH]c2c1,1.2829149
Cc1ccc(C(NC(=O)c2ccccc2O)C(=O)Nc2c(C)cccc2C)s1,3.4993918
C[C@H](Nc1ncc(F)c(Nc2cc(C3CC3)[nH]n2)n1)c1ncc(F)cn1,2.475503
COC(=O)c1ccc(C)c(NS(=O)(=O)c2ccc3c(c2)c(=O)sn3C)c1,2.2823262
CC(C)C(NC(=O)Cn1c(-c2ccccc2)cc2c(=O)n(CCN3CCOCC3)c(=O)[nH]c2c1=O)C(=O)C(F)(F)F,1.5486541
Cc1cccc(NS(=O)(=O)c2cccc3nonc23)c1,3.0277588
CC(=O)NC[C@H]1CN(c2ccc(-n3cnc(C#N)c3)c(F)c2)C(=O)O1,1.2632296
CC(=O)NC[C@H]1CN(c2ccc(-n3ccnc3)c(F)c2)C(=O)O1,0.7013674
COCCNC(=O)c1ccc(Nc2ncc3cc(-c4cccnc4)ccc3n2)cc1,3.17141
COc1cc(NC(=O)Nc2cccc(CNC(=O)O[C@H]3CCOC3)c2)ccc1-c1cnco1,3.1158967
Cc1[nH]c2ccccc2c1CCNCc1ccc(/C=C/C(=O)NO)cc1,1.4839876
COc1cc2nc(N3CCN(C(=O)c4ccco4)CC3)nc(N)c2cc1OC,1.8418499
CCOc1ccccc1-c1ccc(-c2nc3ccc(F)cc3c(C(=O)O)c2C)cc1,2.3931973
CCOc1ccccc1-c1ccc(-c2nc3ccc(F)cc3c(C(=O)NCCOCCN)c2C)cc1,2.426287
CCOc1ccccc1-c1ccc(-c2nc3ccc(F)cc3c(N[C@H](C)C(=O)O)c2C#N)cc1,1.7128588
O=c1cc(-c2cccnc2)[nH]c2cc(C(O)c3ccccc3)ccc12,2.5516949
O=c1cc(-c2cccnc2)[nH]c2cc(Cc3ccccc3)ccc12,3.4621131
CC[C@@H](Nc1c(Nc2cccc(C(=O)N(C)C)c2O)c(=O)c1=O)c1ccc(C)o1,2.0769064
CNC1=Nc2ncccc2C(c2cc[nH]c2)=NC1c1cccs1,1.93485
CC(C)N=c1cc2n(-c3ccc(Cl)cc3)c3ccccc3nc-2cc1Nc1ccc(Cl)cc1,4.2127132
CCn1cc(C(=O)O)c(=O)c2ccc(C)nc21,-0.61998224
O=C(O)CCc1ccc(OCc2cccc(Oc3ccccc3)c2)cc1,2.2426167
O=C(N[C@@H](Cc1ccc(CCCCNc2ccccn2)cc1)C(=O)O)c1c(Cl)cccc1Cl,0.13708425
COC1=CC(c2cc3ccccc3[nH]2)=N/C1=C\c1[nH]c(C)cc1C,3.874465
CN(C)c1ccnc2sc3c(=O)n(-c4ccccc4)cnc3c12,2.6981344
CCC(c1nc2snc(C)c2c(=O)n1Cc1ccccc1)N(CCCN)C(=O)c1ccc(C)cc1,1.3191715
Clc1ccc2c(c1)CCc1cccnc1C2=C1CCNCC1,1.584654
C=CCC1(CC(C)C)C(=O)NC(=O)NC1=O,1.3691983
CCCCC1(CC)C(=O)NC(=O)NC1=O,1.3746924
O=C(Nc1ccc(N2CCOCC2)nc1)c1nnc(Nc2cccc(F)c2)o1,2.9280357
O=C(Nc1ccc(N2CCOCC2)nc1)c1nnc(Nc2ccccc2)o1,2.7301354
O=C(Nc1ccc(N2CCOCC2)nc1)c1nnc(Nc2ccc(F)cc2)o1,2.9684672
CCOc1cccc(Nc2nnc(C(=O)Nc3ccc(N4CCOCC4)nc3)o2)c1,3.0797043
COc1cccc(Nc2nnc(C(=O)Nc3ccc(N4CCOCC4)nc3)o2)c1,2.7622414
Cc1cccc(Nc2nnc(C(=O)Nc3ccc(N4CCOCC4)nc3)o2)c1,3.163995
O=C(Nc1ccc(N2CCOCC2)nc1)c1nnc(Nc2ccc(F)c(F)c2)o1,3.1533294
O=C1CN(N=Cc2ccc(-c3ccc([N+](=O)[O-])cc3)o2)C(O)=N1,0.8083966
O=C(O)CCc1ccc(OCc2cc(Cl)ccc2-c2ccccc2)cc1,2.8277755
Cc1ccc(-c2ccc(F)cc2COc2ccc(CCC(=O)O)cc2)cc1,2.860172
O=C(NCC12CC3CC(CC(C3)C1)C2)c1cc(N2CCNCC2)ncc1Cl,2.0663407
O=C(NCC12CC3CC(CC(C3)C1)C2)c1ccnc(N2CCNCC2)c1Cl,1.9304011
COc1ccccc1CCNCc1cccc(CCNC[C@H](O)c2ccc(O)c3[nH]c(=O)sc23)c1,0.5522746
O=c1[nH]c2c(O)ccc([C@@H](O)CNCCc3cccc(CNCCc4ccccc4F)c3)c2s1,0.92700493
O=c1[nH]c2c(O)ccc([C@@H](O)CNCCc3cccc(CNCCc4c(Cl)cccc4Cl)c3)c2s1,2.0681543
O=c1[nH]c2c(O)ccc([C@@H](O)CNCCc3cccc(CNCCc4ccccc4Cl)c3)c2s1,1.4242821
CC(Cc1cccc(CNCCc2c(Cl)cccc2Cl)c1)NC[C@H](O)c1ccc(O)c2[nH]c(=O)sc12,2.0828707
O=C(O)c1cccnc1Nc1cccc(C(F)(F)F)c1,1.0060352
COc1ccc2nc(N[C@H]3CCC[C@H](NCc4ccsc4)C3)cc(C)c2c1,2.9332166
COc1ccc2nc(N[C@H]3CCC[C@H](NCc4ccsc4)C3)ccc2c1,2.5205643
COc1ccc2c(C)cc(N[C@H]3CCC[C@H](NCc4ccsc4)C3)nc2c1,2.9603791
COc1ccc2c(c1)N(C[C@H](C)CN(C)C)c1ccccc1S2,3.1459017
CN(C)CCCN1c2ccccc2Sc2ccccc21,2.481531
CN(C)CCCN1c2ccccc2Sc2ccc(C(F)(F)F)cc21,3.204328
CN(C)CCCN1c2ccccc2Sc2ccc(Cl)cc21,3.110838
CC(CN1c2ccccc2Sc2ccccc21)N(C)C,2.7370102
CS(=O)(=O)c1cccc(Nc2nccc(Nc3cccc4ocnc34)n2)c1,2.764751
COc1cc(OC)c(S(=O)(=O)N2c3ccccc3CCC2C)cc1NC(=O)CSCC(=O)O,-0.95400715
COc1cc(OC)c(S(=O)(=O)N2c3ccccc3CCC2C)cc1NC(=O)COC(C)=O,1.7919749
COc1cc(O)c(S(=O)(=O)N2c3ccccc3CCC2C)cc1NC(=O)CCC(=O)O,-1.0409944
COc1cc(OC)c(S(=O)(=O)N2c3ccccc3CCC2C)cc1NC(C)=O,1.8945808
COc1cc(OC)c(S(=O)(=O)N2c3ccccc3CCC2C)cc1NC(=S)NCC(=O)O,-0.86647487
COc1cc(OC)c(S(=O)(=O)N2c3ccccc3CCC2C)cc1NC(=O)NCC(=O)O,-0.8997576
COc1cc(OC)c(S(=O)(=O)N2c3ccccc3CCC2C)cc1NC(=O)CCC(=O)O,-0.6317606
CCCN(c1cccnc1)P(=O)(c1ccccc1)c1ccccc1,2.6261764
Cc1nc(CSc2nc(N[C@H](C)CO)c3sc(=O)[nH]c3n2)cs1,1.5494983
CC(=O)NC[C@H]1CN(c2ccc(-n3cc(C#N)nn3)c(F)c2)C(=O)O1,0.7733675
CCN(c1ccnc(Nc2cc(N3CCOCC3)cc(N3CCOCC3)c2)n1)c1cc(CO)ccc1C,3.2739007
CN(c1cccc(CO)c1)c1ccnc(Nc2cc(N3CCOCC3)cc(N3CCOCC3)c2)n1,2.907025
Cc1ccc(CO)cc1N(c1ccnc(Nc2cc(N3CCOCC3)cc(N3CCOCC3)c2)n1)C(C)C,3.4233623
CN(c1ccccc1)c1ccnc(Nc2cc(N3CCOCC3)cc(N3CCOCC3)c2)n1,3.4309692
COc1ccc(C)c(N(C)c2ccnc(Nc3cc(N4CCOCC4)cc(N4CCOCC4)c3)n2)c1,3.5753002
Cc1ccc(CO)cc1N(C)c1ccnc(Nc2cc(N3CCOCC3)cc(N3CCOCC3)c2)n1,3.1500454
COc1cc(CO)cc(N(C)c2ccnc(Nc3cc(N4CCOCC4)cc(N4CCOCC4)c3)n2)c1,2.9919362
COCCN(c1ccnc(Nc2cc(N3CCOCC3)cc(N3CCOCC3)c2)n1)c1cc(CO)ccc1C,2.9611964
N#Cc1ccc(C(=O)N2CCC3(CC2)N=C(N)c2c(F)cccc2N3)cc1,0.49511313
N#Cc1ccc(C(=O)N2CCC3(CC2)N=C(N)c2c(F)ccc(F)c2N3)cc1,0.66502047
Cc1nc2c(C#N)cnn2c(O)c1Cc1ccccc1,0.9276756
CN1CCC(Oc2cccc3ncnc(Nc4ccc(OCc5cnccn5)c(Cl)c4)c23)CC1,2.7263322
COc1ccc2ncc(F)c(CCN3CCC(NCc4cc5c(cn4)OCCO5)CC3)c2n1,1.3801184
Cc1ccc(NC(=O)c2cccnc2)cc1-n1cnc2ccc(N3CCN(C)CC3)cc2c1=O,1.840986
Oc1nc(-c2ccc(C(F)(F)F)cc2)nc2c1CSCC2,3.2143145
CS(=O)(=O)c1ccc([C@@H](C[C@H]2CCC(=O)C2)C(=O)Nc2cnccn2)cc1Cl,1.2512038
Nc1nc(Cl)nc(NCc2ccccc2)n1,2.202198
Cc1csc(NC(=O)c2cc(Sc3nncn3C)ccc2N)n1,1.7984828
O=C(O)c1cncc(-c2ccc(Cl)c(C(=O)NCC34CC5CC(CC(C5)C3)C4)c2)c1,1.1774566
CO[C@H]1/C=C/O[C@@]2(C)Oc3c(C)c(O)c4c(O)c(cc(O)c4c3C2=O)NC(=O)/C(C)=C\C=C\[C@H](C)[C@H](O)[C@@H](C)[C@@H](O)[C@@H](C)[C@H](OC(C)=O)[C@@H]1C,0.9085591
CCc1cccc2c3c([nH]c12)C(CC)(CC(=O)O)OCC3,0.56586266
O=C(NCCCCc1ccccc1)c1ccccc1,3.0806003
Clc1ccc(C2=CSC3=NCCN23)cc1Cl,1.5774037
Clc1ccc2ncc(-c3cccc(NC4CNC4)n3)n2c1,1.7962214
CCNc1nc(N)c(C(=O)c2ccc(Cl)s2)s1,3.4626675
CS(=O)(=O)c1ccc(C(=O)NC[C@@H](O)CN2CCC(Oc3ccc(Cl)c(Cl)c3)CC2)s1,2.8458722
Cc1noc(C)c1CCC1CCN(S(=O)(=O)CC2(N(O)C=O)CCC(F)(F)CC2)CC1,1.9868219
O=c1ccnc2ccccn12,0.5408684
CN[C@@H](C)C(=O)N[C@H](C(=O)N1CC[C@H]2CC[C@H](NC(=O)c3cccc4ccccc34)[C@H]21)C(C)(C)C,2.4759433
COc1cc2ncnc(Nc3cccc(Cl)c3F)c2cc1CN(C)C1(C(N)=O)CCN(C)CC1,2.5416732
O=C(Nc1ccc(Cl)c(Cl)c1)N1CCN(C[C@@H]2CCCN(CC3CC3)C2)CC1,2.528363
CN(C)CCCNS(=O)(=O)c1ccc(Nc2nccc(-c3cnc4ccccn34)n2)cc1,1.6992731
CN(C)CCCN(C)S(=O)(=O)c1ccc(Nc2nccc(-c3cnc4ccccn34)n2)cc1,1.7927775
CN(C)CCNS(=O)(=O)c1ccc(Nc2nccc(-c3cnc4ccccn34)n2)cc1,1.9513032
Cc1nc2ccccn2c1-c1ccnc(Nc2cccc(Cl)c2)n1,3.5947738
COCCCNS(=O)(=O)c1ccc(Nc2nccc(-c3cnc4ccccn34)n2)cc1,2.7704768
COc1cc(C(CO)CO)ccc1Nc1ncc(Cl)c(-c2cnc3ccccn23)n1,2.9217243
NS(=O)(=O)c1ccc(Nc2nccc(-c3cnc4ccccn34)n2)cc1,2.4860854
O=C(Oc1ccccc1O)c1cccc2ccccc12,3.4778035
COc1cc(F)ccc1-c1cncc(CNCC2CC2)n1,1.8260483
Fc1cccc(-c2cncc(CNCC3CC3)n2)c1F,2.0096784
COc1cnc(-c2ccccn2)nc1N1CCOCC1,1.4003971
CCCCCOC(=O)Nc1nc(=O)n([C@@H]2O[C@H](C)[C@@H](O)[C@H]2O)cc1F,0.4878657
Nc1ccn([C@@H]2O[C@H](CO)[C@@H](O)C2(F)F)c(=O)n1,-1.040792
Cn1sc(=O)c2cc(S(N)(=O)=O)ccc21,0.6494106
COc1cc(C(=O)NS(=O)(=O)c2ccccc2)ccc1Cn1ncc2ccc(NC(=O)OC3CCCC3)cc21,2.210744
O=C1[C@H]2[C@H]3CC[C@H](C3)[C@H]2C(=O)N1[C@H]1CC[C@H](C(=O)Nc2cccc3cccnc23)CC1,3.3870435
CC(C)n1c(=O)n(C)c(=O)c2c(C(=O)N3CCS(=O)(=O)C3)c(Cc3ccccc3C(F)(F)F)sc21,2.6753716
C[C@@H](CO)Oc1cc(Oc2ccc(S(C)(=O)=O)cc2)cc(C(=O)Nc2nccs2)c1,2.4580283
CC(C)Oc1cc(Oc2ccc(S(C)(=O)=O)cc2)cc(C(=O)Nc2nccs2)c1,3.3890862
O=C(O)COc1ccc(Cl)cc1CN1CCCN(S(=O)(=O)Cc2ccccc2)CC1,0.17655611
Nc1ncnc(Nc2ccccc2)n1,1.6058679
CCNc1nc(C#N)nc(Nc2ccccc2)n1,3.1984353
Cc1ncc2n1-c1ccc(Cl)cc1C(c1ccccc1F)=NC2,3.1993988
O=C(c1ccc(-c2ccc(Cl)cc2)o1)N(Cc1ccccn1)c1ccc(N2CCNCC2)cc1,2.8040018
COc1cc2ncnc(Nc3cc(NC(=O)c4cccc(N5CCOCC5)c4)ccc3C)c2cc1OC,3.4178543
CCCSc1nc(N2CCOCC2)ccc1C(=O)N[C@H]1C2CC3CC1C[C@](O)(C3)C2,2.9479237
Cc1ncc(-c2ccnc(Nc3ccc(N4CCOCC4)cc3)n2)n1C(C)C,3.1590602
Cc1ncc(-c2nc(Nc3ccc(N4CCOCC4)cc3)ncc2F)n1C(C)C,3.3629465
COc1cc(C(=O)NS(=O)(=O)c2ccccc2C)ccc1Cc1cn(C)c2ccc(C(=O)NCCc3ccccc3)cc12,2.667871
Fc1ccc(CN2CCN(C3=Nn4c(nnc4C(F)(F)F)CC3)CC2)cc1,2.1482804
Cc1ccc(CO)cc1N(C)c1ccnc(Nc2cc(N3CCCC3)cc(N3CCOCC3)c2)n1,3.5189295
Cn1c(N)nc(CCc2cccc(-c3ccccc3)c2)cc1=O,3.2588968
NC1(c2ccc(-c3nc4ccccc4cc3-c3ccccc3)cc2)CCC1,3.2252111
COc1cc(OC)cc(-c2ccc(NC(=O)OCc3ccccc3)c(=O)n2CC(=O)NC(C(=O)C(F)(F)F)C(C)C)c1,3.297449
CC(C)C(NC(=O)Cn1c(-c2ccccc2)ccc(NC(=O)OCc2ccc(C(=O)O)cc2)c1=O)C(=O)C(F)(F)F,0.8710145
CC(C)C(NC(=O)Cn1c(-c2cccc(C(=O)O)c2)ccc(NC(=O)OCc2ccccc2)c1=O)C(=O)C(F)(F)F,0.7294235
COc1nc(Br)cnc1NS(=O)(=O)c1ccc(Cl)s1,1.0530248
CN(CCO)C(=O)c1ccc([C@H](c2cccc(NC(=O)C3CC3)c2)N2CCN(Cc3ccc(F)cc3)CC2)cc1,3.1245816
CCN(CC)C(=O)c1ccc([C@H](c2cccc(NC(=O)C3CC3)c2)N2CCN(Cc3ccc(F)cc3)CC2)cc1,3.6220863
COc1ccc(-c2csc(NC(=O)c3c(C)noc3C)n2)cc1OC,3.3496566
CC(C)(CS(=O)(=O)N1CCN(c2ccc(F)cc2)CC1)N(O)C=O,0.9422642
OCC(O)CN1CCN(c2ccccc2)CC1,0.3924464
COc1cc2c(NC(=O)Nc3c(Cl)cccc3Cl)ncnc2cc1OCC1CCN(C)CC1,2.610494
COc1cc2c(Nc3c(Cl)ccc4c3OCO4)ncnc2cc1OCCCN1CCCC1,2.0988317
CC(C)Oc1cc(OCCCN2CCCC2)cc2ncnc(Nc3c(Cl)ccc4c3OCO4)c12,3.0994544
CC1(C)CC(=O)c2c(nc3ccccc3c2N)C1,2.7556715
O=C1C=CC(=O)c2c(O)ccc(O)c21,1.3531232
O=C1O[C@@H](COc2ccon2)CN1c1ccc(C2=CCOCC2)c(F)c1,2.4729204
N[C@@H]1CCCN(c2c(/C=C3\SC(=O)NC3=O)cccc2-c2ccncc2)C1,1.3113446
COc1c(C#N)cc2ccccc2c1C(=O)N(C)C[C@@H](CCN1CCC(N2CCCNC2=O)CC1)c1ccc(Cl)c(Cl)c1,2.8890371
CNC(=O)C1(N2CCCNC2=O)CCN(CC[C@H](CN(C)C(=O)c2c(OC)c(C#N)cc3ccccc23)c2ccc(Cl)c(Cl)c2)CC1,2.4210489
CC1Cc2ccccc2N1NC(=O)c1ccc(Cl)c(S(N)(=O)=O)c1,1.7760386
O=[N+]([O-])c1ccc2[nH]c(-c3ccccn3)nc2c1,2.556182
Cc1cccc(-c2nc3cc(Cl)ccc3[nH]2)n1,3.3186948
c1ccc(-c2nc3ccccc3[nH]2)nc1,2.4247558
CCCc1cc(OCc2ccccc2)cc(=O)n1Cc1ccc(-c2ccccc2-c2nn[nH]n2)cc1,2.8986366
CC(C)(C)CNc1nc(C#N)nc(N2CCOCC2)c1N,3.013267
CCC(C)Nc1nc(C#N)nc(N2CCOCC2)c1N,2.1049154
CC(C)Nc1nc(C#N)nc(N2CCOCC2)c1N,2.1466095
CC(C)CNc1nc(C#N)nc(N2CCOCC2)c1N,2.6957123
N#CC1(NC(=O)[C@@H]2CCCC[C@H]2C(=O)N2CCN(c3nc4ccncc4s3)CC2)CC1,1.7391735
C[C@]12CC[C@H]3[C@@H](C=CC4=CC(=O)CC[C@@]43C)[C@@H]1CC[C@@]21CCC(=O)O1,3.5763068
CC(N)Cc1c[nH]c2ccc(OCc3cccs3)cc12,1.0507848
CCOC(=O)[C@H](Cc1ccc([N+](=O)[O-])cc1)NC(=O)c1ccccc1,2.4545102
Cc1occc(=O)c1OCc1ccccc1,1.937971
Cc1occc(=O)c1OCc1ccc(F)cc1,2.1872375
CS(=O)(=O)c1ccc(-c2cnc(N)c(-c3ccc(C(F)(F)F)nc3)c2)cc1,2.644054
Cc1ccc2c(n1)c(Sc1ccc(Cl)cc1)c(C)n2CC(=O)O,0.92860055
CNC(=O)c1ccc(Oc2ccc3c(c2)CCN(C2CCC2)CC3)nc1,1.8966745
O=C(O)COc1cccc(C(=O)N2CCC(N3CCC(Oc4ccc(Cl)c(Cl)c4)CC3)CC2)c1,0.51600575
Cc1c(Cl)ccc(OC2CCN(C3CCN(C(=O)c4cccc(S(C)(=O)=O)c4)CC3)CC2)c1Cl,3.125806
O=C(O)c1ccccc1C(=O)N1CCC(N2CCC(Oc3ccc(Cl)c(Cl)c3)CC2)CC1,1.3586607
O=C(O)CCCS(=O)(=O)c1cccc(C(=O)N2CCC(N3CCC(Oc4ccc(Cl)c(Cl)c4)CC3)CC2)c1,0.5899836
O=C(O)c1cccc(C(=O)N2CCC(N3CCC(Oc4ccc(Cl)c(Cl)c4)CC3)CC2)c1,1.2966651
O=C(O)COc1ccc(-c2nccs2)cc1-c1ccccc1,0.13127637
Cc1oc(CN2CCNCC2)cc1C(=O)NCC12CC3CC(CC(C3)C1)C2,1.5302353
Cc1ccc(C(=O)C2CCN(C(=O)c3ccc(C)cc3)CC2)cc1,3.4070625
Cc1ccc(C(=O)N2CCC(C(=O)c3ccc(Cl)cc3)CC2)cc1,3.472724
O=C(c1ccc(Cl)cc1)C1CCN(C(=O)c2ccc(F)cc2)CC1,3.371077
COc1ccc(C(=O)C2CCN(C(=O)c3ccc(F)cc3)CC2)cc1,2.8546057
Cc1cccc(C(=O)N2CCC(C(=O)c3ccc(F)cc3)CC2)c1,3.2594213
COc1ccc(C(=O)N2CCC(C(=O)c3ccc(F)cc3)CC2)cc1,2.85458
O=C(c1ccc(F)cc1)C1CCN(C(=O)c2ccc(F)cc2)CC1,3.0410874
COc1cc(N2CC3COCC(C2)N3)ccc1Nc1ncc(Cl)c(-c2cnc3ccccn23)n1,3.128435
Cc1c(-c2ccccc2)oc2c(C(=O)OCCN3CCCCC3)cccc2c1=O,3.1840246
O=C(O)c1ccc(CN2CCC(CN3CCC(Oc4ccc(Cl)c(Cl)c4)CC3)CC2)cc1,1.2953371
O=C(O)c1cccc(CN2CCC(CN3CCC(Oc4ccc(Cl)c(Cl)c4)CC3)CC2)c1,1.3383262
O=C(O)[C@@H](c1ccccc1)N1CCC(CN2CCC(Oc3ccc(Cl)c(Cl)c3)CC2)CC1,2.3575008
O=C(O)c1ccccc1CN1CCC(CN2CCC(Oc3ccc(Cl)c(Cl)c3)CC2)CC1,1.7207156
O=C(O)C(c1ccccc1)N1CCC(CN2CCC(Oc3ccc(Cl)c(Cl)c3)CC2)CC1,2.1186664
CNc1c(Br)cnc2[nH]c(-c3cnn(C4CCN(C)CC4)c3)nc12,2.2731059
O=C(O)c1[nH]c2cc(Cl)cc(Cl)c2c1/C=C1\CCN(c2ccccc2)C1=O,1.6327734
N#Cc1c(-c2ccccc2)nc(SCCc2ccccc2)[nH]c1=O,2.6231353
CN1CCN(c2ccc3nc(-c4c(N)c5c(F)cccc5[nH]c4=O)[nH]c3c2)CC1,2.7378614
Cc1ccc(-c2ncc[nH]2)cc1NC(=O)c1ccc(OCc2ccccn2)cc1,2.9245253
Cc1cnc(-c2ccc(C)c(NC(=O)c3ccc(OCc4ccccn4)cc3)c2)[nH]1,3.2498875
Cc1ccc(-c2nccn2C)cc1NC(=O)c1ccc(OCc2ccccn2)cc1,2.8434987
Cc1ccc(-c2ncc(C)n2C)cc1NC(=O)c1ccc(OCc2ccccn2)cc1,3.095971
C[C@@H]1C2CCCC1(c1cccc(O)c1)CCN2C,1.1053424
CN[C@@H](C)C(=O)N[C@H](C(=O)N[C@H]1CCCN(Cc2ccccc2)C1)C1CCCCC1,1.8311425
CCN(C(=O)Cc1ccc(S(C)(=O)=O)cc1)C1CCN(CC[C@@H](c2cc(F)cc(F)c2)N2CCN(S(C)(=O)=O)CC2)CC1,1.6459256
CCN(C(=O)Cc1ccc(S(C)(=O)=O)cc1)C1CCN(CC[C@@H](c2ccccc2)N2CCN(S(=O)(=O)CC(F)(F)F)CC2)CC1,2.0626576
CCN(C(=O)Cc1ccc(S(C)(=O)=O)cc1)C1CCN(CC[C@@H](c2ccccc2)N2CCN(S(=O)(=O)C(F)(F)F)CC2)CC1,2.6603203
O=c1cc(N2CCOCC2)oc2cc(O)ccc12,1.6611841
Cc1ccc(S(=O)(=O)Nc2c(C(=O)N[C@@H](C)C(C)(C)C)c(C)nn2C2CCOC2)cc1,0.37272608
Cc1cc(CCC2CCN(S(=O)(=O)CC3(N(O)C=O)CCOCC3)CC2)c(C)cn1,1.0132498
CN(C)c1ncnc2nc[nH]c12,0.73603237
CCN(CCN(C)C)S(=O)(=O)c1ccc(-c2cnc(N)c(C(=O)Nc3cccnc3)n2)cc1,2.2578714
COCCNS(=O)(=O)c1ccc(-c2cnc(N)c(C(=O)Nc3cccnc3)n2)cc1,2.2447085
CS(=O)(=O)c1ccccc1C(=O)NC[C@@H](O)CN1CCC(Oc2ccc(Cl)c(Cl)c2)CC1,2.7099986
N#Cc1cccc(C(=O)NC[C@@H](O)CN2CCC(Oc3ccc(Cl)c(Cl)c3)CC2)c1,3.188306
COc1cc(C(=O)NC[C@@H](O)CN2CCC(Oc3ccc(Cl)c(Cl)c3)CC2)ccc1N,2.9160535
O=C(NCC12CC3CC(CC(C3)C1)C2)c1cc(C2CCNCC2)ccc1Cl,1.7422162
CC(CC(=O)NCc1ccccc1)C1CCCO1,2.0004969
Cc1ccc(-c2cccc(-c3nn[nH]n3)c2)cc1,1.4841107
N#Cc1cccc(-c2cccc(-c3nn[nH]n3)c2)c1,0.690096
C[C@H](NC(=O)Cc1cc(F)cc(F)c1)C(=O)NC1C(=O)N(C)c2ccccc2-c2ccccc21,3.4761734
CC(C)C(NC(=O)Cn1c(-c2ccccc2)ccc(NC(=O)NCc2ccccn2)c1=O)C(=O)C(F)(F)F,2.5200772
O=C(Cc1ccc2c(n1)NCCC2)Nc1ccc(C[C@H](NC(=O)c2c(Cl)cccc2Cl)C(=O)O)cc1,-0.7690015
COc1ccccc1CNC(=O)c1ccc2cnccc2n1,2.5771022
CC(C)(C)NC(=O)Nc1ccc(-c2c(N)nc(N)nc2COCc2ccccc2)cc1,2.9896986
Cn1cc(C#N)cc1-c1c2c(=O)n(CC#CCn3cncn3)c(=O)n(CC3CC3)c2nn1Cc1ccnc2ccc(Cl)cc12,3.2798057
CN1CCC(NC(=O)c2ccc(Oc3ccc(C#C[C@]4(O)CN5CCC4CC5)cc3)cc2)CC1,1.3296807
COc1ccc(Cc2nccc3cc(OC)c(OC)cc23)cc1OC,3.0250833
Cn1cc(C(=O)CCCCOc2ccc(C(=O)O)cc2)cc1C=O,0.39364243
COc1cc2ncc(C(N)=O)c(Nc3ccc(F)cc3F)c2cc1NCCN1CCCCC1,2.4685318
O=C1COC2(CCN(S(=O)(=O)c3ccc(-c4ccc5cccnc5c4)cc3)CC2)CN1C1CC1,2.9494429
Nc1ccccc1NC(=O)c1ccc(C2CCN(CCC(=O)Nc3ccccc3F)CC2)cc1,2.1672287
O=C1CCOc2cc(COc3ccccc3)ccc21,3.1820183
CCCC(=O)C1(c2ccccc2)CCN(C(=O)[C@@H](Cc2ccc(OC)cc2)NC(=O)[C@@H](N)Cc2cncn2C)CC1,2.6027708
Cc1cc(Cl)ccc1OC1CCN(C[C@H](O)CNC(=O)c2c[nH]nc2C(F)(F)F)CC1,3.180655
Cc1c(Cl)ccc(OC2CCN(C[C@H](O)CNC(=O)c3c[nH]nc3C(F)(F)F)CC2)c1Cl,3.3181155
O=C(NC[C@@H](O)CN1CCC(Oc2ccc(Cl)c(Cl)c2)CC1)c1c[nH]nc1C(F)(F)F,3.2565842
COc1cc2c(cc1OC)C(=O)C(CC1CCN(Cc3ccccc3)CC1)C2,3.2529366
COc1ccc(-c2nc3c(NCCCNC(=O)c4ccccc4)c(Br)cnc3[nH]2)cc1,3.3850765
Cc1nc(C)c(-c2ccc3c(c2)CC[C@]32CC[C@@H](c3nnn[nH]3)CC2)nc1C(N)=O,1.4433005
CC(C)c1ccccc1Cc1cc(C(=O)Nc2ccc(S(=O)(=O)c3ccccc3C(C)(C)C)cc2)c(O)c(O)c1O,3.960265
CCOC(=O)C(CCc1ccccc1)NC1CCc2ccccc2N(CC(=O)O)C1=O,0.092847824
CC(=O)Nc1ccc(CC(=O)N(C)C2CCN(Cc3ccc(C(F)(F)F)cc3)CC2)cc1,2.7103162
CNC(=O)c1ccc(CC(=O)N(C)C2CCN(Cc3ccc(C(F)(F)F)cc3)CC2)cc1,2.4897742
CCN(C(=O)Cc1ccc(S(C)(=O)=O)cc1)C1CCN(Cc2ccc(C(F)(F)F)cc2)CC1,2.63949
CN(C(=O)Cc1ccc(S(C)(=O)=O)cc1)C1CCN(Cc2ccc(C(F)(F)F)cc2)CC1,2.4181662
CN(C(=O)Cc1ccc(S(C)(=O)=O)cc1)[C@@H]1CCN(Cc2ccc(C(F)(F)F)cc2)C[C@@H]1F,2.5868273
CN(C(=O)Cc1ccc(S(C)(=O)=O)cc1F)C1CCN(Cc2ccc(C(F)(F)F)cc2)CC1,2.7113461
CN(C(=O)Cc1ccc(S(C)(=O)=O)c(F)c1)C1CCN(Cc2ccc(C(F)(F)F)cc2)CC1,2.5676908
O=C(c1ccc(OCCCc2c[nH]cn2)cc1)C1CC1,2.3333592
O=C(CSc1ccccc1)N1CCN(C(=O)c2ccco2)CC1,1.9732378
CN1c2ccccc2C(NCCCCCCC(=O)O)c2ccc(Cl)cc2S1(=O)=O,0.94608366
O=C1COc2ccc(CNC3CCN(CCN4C(=O)COc5ccc(F)cc54)CC3)nc2N1,0.84939027
O=C1COc2ccc(CNC3CCN(CCN4C(=O)COc5ccc(OC(F)(F)F)cc54)CC3)nc2N1,2.0812962
CC(=O)c1ccc2c(c1)N(CCN1CCC(NCc3ccc4c(n3)NC(=O)CO4)CC1)C(=O)CO2,0.41687095
COC(=O)c1ccc2c(c1)N(CCN1CCC(NCc3ccc4c(n3)NC(=O)CO4)CC1)C(=O)CO2,0.74
CCS(=O)(=O)c1ccc2c(c1)N(CCN1CCC(NCc3ccc4c(n3)NC(=O)CO4)CC1)C(=O)CO2,-0.29038906
N#Cc1ccc2c(c1)N(CCN1CCC(NCc3ccc4c(n3)NC(=O)CO4)CC1)C(=O)CO2,0.36406028
CC(O)c1ccc2c(c1)N(CCN1CCC(NCc3ccc4c(n3)NC(=O)CO4)CC1)C(=O)CO2,-0.11796737
O=C1COc2ccc(CNC3CCN(CCN4C(=O)COc5ccc(Br)cc54)CC3)nc2N1,1.5031438
O=C1COc2ccc(CNC3CCN(CCN4C(=O)COc5ccc(O)cc54)CC3)nc2N1,0.5065125
O=C1COc2ccc(CNC3CCN(CCN4C(=O)COc5ccc(Cl)cc54)CC3)nc2N1,1.3941457
COc1ccc2c(c1)N(CCN1CCC(NCc3ccc4c(n3)NC(=O)CO4)CC1)C(=O)CO2,0.71061003
CN(C)S(=O)(=O)c1ccc2c(c1)N(CCN1CCC(NCc3ccc4c(n3)NC(=O)CO4)CC1)C(=O)CO2,-0.13098693
CS(=O)(=O)c1ccc2c(c1)N(CCN1CCC(NCc3ccc4c(n3)NC(=O)CO4)CC1)C(=O)CO2,-0.31351256
CSc1ccc(OCc2ccccc2)c(/C=C/c2ccc(C(=O)O)cn2)c1,2.2833674
CCOc1ccc(-c2cnc3n2CCCCC3)cc1,3.304408
COc1ccc(C(=O)CS(=O)(=O)c2ccccc2)cc1,1.4334624
O=C(CS(=O)(=O)c1ccccc1)c1ccccc1,1.3477497
Cc1nc(C)c(-c2ccc([C@H]3CC[C@H](Cc4nnn[nH]4)CC3)cc2)nc1C(N)=O,1.3322692
C[C@@H]1CN[C@@H](C2CC2)C(=O)N(C)[C@H](C)C(=O)N[C@H](Cc2ccc(F)cc2)C(=O)NCCCc2ccccc2O1,3.3673763
CCC(=O)NCC[C@@H]1CCc2ccc3c(c21)CCO3,2.4684741
c1cncc(Nc2ncnc3ccccc23)c1,2.1360946
Clc1ccc2nsnc2c1NC1=NCCN1,0.28089666
CCOC(=O)C1=C(C)NC(C)=C(C(C)=O)[C@H]1c1cccc2c(=O)cc(C)oc12,2.9280016
OB1c2ccccc2N=C(S)N1c1cccnc1,-0.6354675
N#CC1(NC(=O)[C@@H]2CCCC[C@H]2C(=O)N2CCN(c3nc4ncccc4s3)CC2)CC1,1.691098
CC(C)Oc1cc(OCCc2ccsc2)cc(C(=O)Nc2ccc(C(=O)O)cn2)c1,1.6994153
CN1CCCC1CCNC(=O)c1ccc(Nc2ncc3cc(-c4ccncc4)ccc3n2)cc1,2.1744676
O=C1Nc2ccc(S(=O)(=O)N3CCC[C@H]3CNc3ccccc3)cc2C1=O,2.682703
COCCNc1nc(C#N)nc(NCC(C)C)c1N,2.7000356
Cc1cc(C)nc(SCC(N)=O)n1,0.0741694
CC[C@@H](Nc1c(Nc2cccc(C(=O)N(C)C)c2O)c(=O)c1=O)c1ccccc1,1.9877261
Cn1nnc2c(C(N)=O)ncn2c1=O,-1.091552
CNc1cccc(CCCc2ccc(C[C@H](NC(=O)c3c(Cl)cccc3Cl)C(=O)O)s2)n1,0.26735163
OC(CCN1CCCCC1)(c1ccccc1)C1CCCCC1,2.142473
COc1ccc2c(Oc3ccc(CC(=O)Nc4n[nH]c(C)c4C)c(OC)c3)ccnc2c1,3.4663277
Cc1ccc(NC(=O)C2CC2)cc1-n1cnc2ccc(N3CCN(C)CC3)cc2c1=O,1.7409651
COc1cc(F)ccc1-c1cncc(CNC2CCCC2)c1,2.0097015
Nc1nc(N)nc(-c2ccc(Cl)cc2)n1,1.9362609
CSc1nc(N)nc(-c2ccccc2)n1,2.4748883
Nc1nc(N)nc(-c2cccc(C(F)(F)F)c2)n1,2.0720627
CC(C)(C)OC(=O)N1CCN(c2ccc(OCc3ccc(S(C)(=O)=O)cc3)nn2)CC1,3.1875372
CCOC(=O)Nc1cccc([C@@H](c2ccc(C(=O)N3CCC3)cc2)N2CCN(Cc3cccnc3)CC2)c1,2.658149
CCCc1nc2c(N)nc3ccccc3c2s1,3.2935612
Cc1ccccc1-c1c(C(=O)O)n(CCCOc2cccc3ccccc23)c2ccccc12,3.3666081
CN(C)c1cccc2c(S(=O)(=O)N(C)CC(=O)O)cccc12,-1.206449
Oc1cccc2ccccc12,2.5532842
COc1ccc2cc(C(C)C(=O)O)ccc2c1,0.01607585
COc1ccc2cc([C@H](C)C(=O)O)ccc2c1,-0.049684763
CN(C/C=C/C#CC(C)(C)C)Cc1cccc2ccccc12,3.603012
CC(C)NC[C@H](O)COc1cccc2ccccc12,0.82593274
CC(C)NC[C@@H](O)COc1cccc2ccccc12,0.9421141
CN(C)c1cccc2c(S(N)(=O)=O)cccc12,1.6961623
COc1ccc2cc(CCC(C)=O)ccc2c1,3.2235365
Oc1ccc(Br)c2ccccc12,3.1129894
c1ccc2ccccc2c1,3.0841622
CC(C)Oc1ccc(S(C)(=O)=O)cc1C(=O)N1CCN(c2ccc(C(F)(F)F)cc2)CC1,3.17306
CCN(c1ccccc1)c1cc(NC)[n+](C)c(C)n1,-1.1146426
Cc1ccc2c(c1)c([S+]([O-])c1ccc(Cl)cc1)c(C)n2CC(=O)O,0.15486026
O=C1NC(=O)C(Cc2cccc(Oc3ccccc3)c2)S1,2.7945294
O=C(c1ccc(CCC(COc2ccc(-c3cccc([N+](=O)[O-])c3)cc2)N2C(=O)CCCC2=O)cc1)N1CCCC1,3.5253997
Cc1c(Cl)ccc(OC2CCN(CC3CCN([C@@H](Cc4ccc(F)cc4)C(=O)O)CC3)CC2)c1Cl,2.8036804
O=C(O)[C@H](Cc1ccc(F)cc1)N1CCC(CN2CCC(Oc3ccc(Cl)cc3)CC2)CC1,2.0018103
O=C(O)[C@H](Cc1ccc(Cl)cc1)N1CCC(CN2CCC(Oc3ccc(Cl)c(Cl)c3)CC2)CC1,2.904127
Cc1cc(OC2CCN(CC3CCN([C@@H](Cc4ccc(F)cc4)C(=O)O)CC3)CC2)ccc1Cl,2.4237268
O=C(O)[C@H](Cc1ccccc1F)N1CCC(CN2CCC(Oc3ccc(Cl)c(Cl)c3)CC2)CC1,2.5676951
Cc1cc(Cl)ccc1OC1CCN(CC2CCN([C@@H](Cc3ccc(F)cc3)C(=O)O)CC2)CC1,2.453891
COc1ccccc1C[C@@H](C(=O)O)N1CCC(CN2CCC(Oc3ccc(Cl)c(Cl)c3)CC2)CC1,2.4754972
N#Cc1ccccc1C[C@@H](C(=O)O)N1CCC(CN2CCC(Oc3ccc(Cl)c(Cl)c3)CC2)CC1,2.246854
Cc1cc(F)ccc1OC1CCN(CC2CCN([C@@H](Cc3ccc(F)cc3)C(=O)O)CC2)CC1,1.9685998
Cc1c(OC2CCN(CC3CCN([C@@H](Cc4ccc(F)cc4)C(=O)O)CC3)CC2)ccc(C#N)c1Cl,1.9243774
Cc1cc(F)ccc1OC1CCN(CC2CCN([C@@](C)(Cc3ccc(F)cc3)C(=O)O)CC2)CC1,1.8560024
Cc1c(OC2CCN(CC3CCN([C@@](C)(Cc4ccc(F)cc4)C(=O)O)CC3)CC2)ccc(Cl)c1Cl,2.7761014
O=C(O)[C@@H](Cc1ccccc1)N1CCC(CN2CCC(Oc3ccc(Cl)c(Cl)c3)CC2)CC1,2.4763012
O=C(O)[C@H](Cc1ccccc1)N1CCC(CN2CCC(Oc3ccc(CO)c(Cl)c3)CC2)CC1,1.0784323
O=C(O)[C@H](Cc1ccc(F)cc1)N1CCC(CN2CCC(Oc3ccc(Cl)cc3Cl)CC2)CC1,2.5505335
Cc1cccc(C[C@@H](C(=O)O)N2CCC(CN3CCC(Oc4ccc(Cl)c(Cl)c4)CC3)CC2)c1,2.8100095
Cc1cc(OC2CCN(CC3CCN([C@@](C)(Cc4ccc(F)cc4)C(=O)O)CC3)CC2)ccc1Cl,2.3410282
O=C(O)[C@H](Cc1ccccc1)N1CCC(CN2CCC(Oc3ccc(Cl)c(Cl)c3)CC2)CC1,2.3703566
O=C(O)[C@H](Cc1ccc(F)cc1)N1CCC(CN2CCC(Oc3ccc(Cl)c(Cl)c3)CC2)CC1,2.547874
Cc1ccc(C[C@@H](C(=O)O)N2CCC(CN3CCC(Oc4ccc(Cl)c(Cl)c4)CC3)CC2)cc1,2.7948408
N#Cc1cccc(C[C@@H](C(=O)O)N2CCC(CN3CCC(Oc4ccc(Cl)c(Cl)c4)CC3)CC2)c1,2.21249
Cc1ccccc1C[C@@H](C(=O)O)N1CCC(CN2CCC(Oc3ccc(Cl)c(Cl)c3)CC2)CC1,2.8508203
N#Cc1ccc(C[C@@H](C(=O)O)N2CCC(CN3CCC(Oc4ccc(Cl)c(Cl)c4)CC3)CC2)cc1,2.2208464
O=C(O)[C@H](Cc1cccc(F)c1)N1CCC(CN2CCC(Oc3ccc(Cl)c(Cl)c3)CC2)CC1,2.546148
c1ccc(Sc2ccc3ccccc3n2)cc1,3.5851269
Cc1c(CN(C)C(=O)/C=C/c2cnc3c(c2)CCC(=O)N3)oc2ccccc12,3.3057013
O=C(O)C[C@H]1CC[C@H](c2ccc(NC(=O)c3nnc(Nc4ccccc4F)o3)cc2)CC1,2.619885
COc1cc2c(Nc3ccc(Cl)cc3F)ncnc2cc1OCCn1cncn1,3.1086555
CC(=O)NC[C@H]1CN(c2ccc(-n3ccc(C#N)c3)c(F)c2)C(=O)O1,1.4364246
CO[C@H]1CC[C@]2(CC1)Cc1ccc(-c3cncc(Br)c3)cc1C21N=C(C)C(N)=N1,3.567041
O=C(Nc1ccc(N2CCNCC2)cc1)c1ccc(-c2ccc(Cl)cc2)o1,2.8733394
CCN(C(=O)c1ccc(-c2ccc(Cl)cc2)o1)c1ccc(N2CCNCC2)cc1,2.8425977
COc1cc2ncnc(Nc3ccc(F)c(Cl)c3)c2cc1OCCCN1CCCC1,3.1399035
CCCc1cc(C2=N[C@@H](C(=O)NO)CO2)cc(OC)c1OC,1.9045316
O=C(NO)C1COC(c2ccc(F)c(C(F)(F)F)c2)=N1,1.3375978
CNc1c(Br)cnc2[nH]c(-c3ccc(OCCN4CCN(C)CC4)cc3)nc12,2.2848198
CN1CCCC1c1cccnc1,0.018598795
O=C(Nc1ccccc1Cl)c1cc[nH]n1,2.195954
CCOC(=O)c1coc2ccccc2c1=O,1.7090411
O=c1ccoc2ccccc12,1.5270369
NC1(c2ccc(-c3nn4ccc(=O)nc4cc3-c3ccccc3)cc2)CCC1,1.0956056
C=C1C[C@@H]2[C@H](CC[C@]3(C)C(=O)CC[C@@H]23)[C@@]2(C)C=CC(=O)C=C12,2.9390807
Cc1nccn1CCC(C(N)=O)(c1ccccc1)c1ccccc1,1.3162379
C[C@H](CO)Nc1nc(SCc2cccc(F)c2F)nc2[nH]c(=O)cnc12,2.9925237
COC(=O)c1nc2c(N[C@H](C)CO)nc(SCc3cccc(F)c3F)nc2[nH]c1=O,2.76146
O=C(NS(=O)(=O)c1ccc(NCCSc2ccccc2)c([N+](=O)[O-])c1)c1ccc(N2CCNCC2)cc1,-0.1381228
O=C(CCCc1ccncc1)N1CCN(c2ccc(Cl)cc2Cl)CC1,3.415006
CCC(c1nc2ccn(C)c2c(=O)n1Cc1ccccc1)N(CCCN)C(=O)c1ccc(C)cc1,1.2876139
C[C@H]1CN(c2c(F)c(N)c3c(=O)c(C(=O)O)cn(C4CC4)c3c2F)C[C@@H](C)N1,-0.35585332
O=C(O)c1cn(C2CC2)c2cc(N3CCNCC3)c(F)cc2c1=O,-0.9881511
O=C(O)c1cn(C2CC2)c2cc(N3CCN(C(=O)CC[N+](=O)[O-])CC3)c(F)cc2c1=O,-0.18213868
COc1c(N2CCNC(C)C2)c(F)cc2c(=O)c(C(=O)O)cn(C3CC3)c12,-1.0721958
CC(C)CNCc1ccc(-c2ccccc2S(=O)(=O)N2CCCC2)cc1,1.984952
Oc1nc(-c2ccccc2)nc2ccccc12,2.5404336
CCNC(=O)Nc1nc2cc(-c3cccnc3)ccc2[nH]1,2.7545881
Nc1ccc(S(=O)(=O)N2CCCC2)cc1,0.76750445
COc1cc2c(Nc3ccc(F)cc3F)c(C(N)=O)cnc2cc1N1CCN(C)CC1,2.4524574
CCc1cc(C(=O)N[C@@H](Cc2cccc(Cl)c2)C(=O)NCC#N)n(C)n1,2.6054535
Cc1cccc(C[C@H](NC(=O)c2cc(C(C)(C)C)nn2C)C(=O)NCC#N)c1,3.233544
CC(C)[C@@H](CO)NS(=O)(=O)c1ccc(Cl)s1,2.423807
CC(C)C[C@@H](CO)NS(=O)(=O)c1ccc(Cl)s1,2.5733845
CC[C@H](C)[C@@H](CO)NS(=O)(=O)c1ccc(Cl)s1,2.9383895
Cc1ccc(OCC(=O)O)c(-n2nc3ccccc3n2)c1,-0.3102281
CC(=O)N1CCN(c2ccc(OCC3COC(Cn4ccnc4)(c4ccc(Cl)cc4Cl)O3)cc2)CC1,3.063109
Cc1c(NC(=O)N2CCOCC2)ccc2c1c1ccccc1n2C(C)C,3.4757757
CCn1c2ccccc2c2cc(NC(=O)N3CCOCC3)ccc21,3.311348
CS(=O)(=O)n1c2ccccc2c2cc(NC(=O)N3CCOCC3)ccc21,1.9641544
CC(C)n1c2ccccc2c2cc(NC(=O)N3CCOCC3)ccc21,3.4499142
CSc1ncccc1C(=O)NCc1ccc(C)cc1,3.067729
CCNC(=O)c1ccc(CN2CCC(c3ccc(C(=O)Nc4ccccc4N)cc3)CC2)cc1,2.0678284
CN(C)C(=O)c1ccc(CN2CCC(c3ccc(C(=O)Nc4ccccc4N)cc3)CC2)cc1,1.5834768
CNC(=O)c1ccc(CN2CCC(c3ccc(C(=O)Nc4ccccc4N)cc3)CC2)cc1,1.7265326
Nc1ccccc1NC(=O)c1ccc(C2CCN(Cc3ccccc3)CC2)cc1,2.6754026
COC[C@H](C)Oc1cc(Oc2ccc(S(C)(=O)=O)cc2)cc(C(=O)Nc2ccc(C(=O)O)cn2)c1,-0.029432297
COC[C@H](C)Oc1cc(Oc2ccccc2)cc(C(=O)Nc2ccc(C(=O)O)cn2)c1,0.99185383
COC[C@H](C)Oc1cc(Oc2ccc(Cl)cc2)cc(C(=O)Nc2ccc(C(=O)O)cn2)c1,1.7412456
COC[C@H](C)Oc1cc(Oc2cc(F)cc(F)c2)cc(C(=O)Nc2ccc(C(=O)O)cn2)c1,1.4428766
O=C(CSc1ccncc1)Nc1ccc(C(=O)c2ccccc2)cc1,2.9846525
Nc1cccc2c1C(=O)C(=O)c1ccccc1-2,2.3671334
O=C1C(=O)c2cccc([N+](=O)[O-])c2-c2ccccc21,2.8282723
Nc1ccc2c(c1)C(=O)C(=O)c1ccccc1-2,2.2216928
O=C1C(=O)c2cc([N+](=O)[O-])ccc2-c2ccccc21,3.127489
CC(C)(C)C(=O)Nc1ccc2c(c1)C(=O)C(=O)c1ccccc1-2,3.2915087
COC(=O)CCCC(=O)Nc1ccc2c(c1)-c1ccccc1C(=O)C2=O,2.8616655
O=C1C(=O)c2ccc([N+](=O)[O-])cc2-c2ccccc21,3.115748
Nc1ccc2c(c1)-c1ccccc1C(=O)C2=O,2.1333752
COC(=O)CCCCCCC(=O)Nc1ccc2c(c1)C(=O)C(=O)c1ccccc1-2,3.432211
COC(=O)CCC(=O)Nc1ccc2c(c1)C(=O)C(=O)c1cc(NC(=O)CCC(=O)OC)ccc1-2,2.1169558
Nc1ccc2c(c1)C(=O)C(=O)c1cc(N)ccc1-2,1.4104779
O=C1C(=O)c2ccccc2-c2ccccc21,3.0221176
Nc1cccc2c1-c1ccccc1C(=O)C2=O,1.9810119
COC(=O)CCC(=O)Nc1ccc2c(c1)-c1ccccc1C(=O)C2=O,2.5399928
COC(=O)CCCCCCC(=O)Nc1ccc2c(c1)-c1ccccc1C(=O)C2=O,3.420445
CCCC(=O)Nc1ccc2c(c1)C(=O)C(=O)c1ccccc1-2,3.1305046
Cc1ccc(NC(=O)c2ccnc(N3CCOCC3)c2)cc1Nc1ccnc(OCC(C)(C)CN(C)C)n1,2.2854278
Cc1ccc(NC(=O)c2ccnc(N3CCOCC3)c2)cc1Nc1ccnc(OCCCN(C)C)n1,1.4771348
Cc1ccc(NC(=O)c2ccnc(N3CCOCC3)c2)cc1Nc1ccnc(Cl)n1,3.066245
O=C1c2ccc(O)cc2C(=O)N1c1ccccc1,1.8100578
O=C1c2ccc(O)cc2C(=O)N1c1ccc(O)cc1F,1.776632
Cc1cc(O)ccc1N1C(=O)c2ccc(O)cc2C1=O,1.8600368
O=C1c2ccc(O)cc2C(=O)N1c1cccc(O)c1,1.540143
O=C1c2ccccc2C(=O)N1c1ccc(O)cc1,1.7326955
O=C1c2ccc(O)cc2C(=O)N1c1ccc(O)cc1,1.6096325
CCCc1nc2c(C)cc(-c3nc4ccccc4n3C)cc2n1Cc1ccc(-c2ccccc2C(=O)O)cc1,3.319418
CCN(CC)C(=O)c1ccc(C(=C2CCN(Cc3ccc(F)cc3)CC2)c2cccc3cccnc23)cc1,3.6193514
O=c1[nH]c2c(O)ccc([C@@H](O)CNCCCSCCNCCc3ccccc3Cl)c2s1,0.93640006
O=c1[nH]c2c(O)ccc([C@@H](O)CNCCCSCCNCCc3cccc(Cl)c3Cl)c2s1,1.667036
O=c1[nH]c2c(O)ccc([C@@H](O)CNCCCSCCNCCc3cccc(Cl)c3)c2s1,0.9259131
CN(C(=O)C1CCC1)C1CCN(CCC(c2ccccc2)c2ccccc2)CC1,3.192552
C[C@H](CO)Nc1nc(SCc2ccccc2)nc2[nH]c(=O)[nH]c12,2.9557166
Cc1ncc(-c2nc(Nc3ccc(C(=O)N4CC[C@@H](N(C)C)C4)cc3)ncc2F)n1C(C)C,2.166527
CN[C@H]1CCN(C(=O)c2ccc(Nc3nccc(-c4cnc(C)n4C(C)C)n3)cc2)C1,1.2878561
Cc1ncc(-c2nc(Nc3ccc(C(=O)N4CC[C@H](N(C)C)C4)cc3)ncc2F)n1C(C)C,2.1964564
O=C(N[C@@H](Cc1ccc(OCCCNc2ccccn2)cc1)C(=O)O)c1c(Cl)cccc1Cl,-0.33535957
Cc1cc(C)c(C(=O)N[C@@H](Cc2ccc(OCCCNc3ccccn3)cc2)C(=O)O)c(C)c1,0.06327152
COc1ccc(OC)c(-c2cccc3c(N)c(C(=O)NC4(C)CCC4)nnc23)c1,3.5261457
Cc1noc(C)c1CCC1CCN(S(=O)(=O)CC2(N(O)C=O)CCOCC2)CC1,1.1862397
CCN1CCO[C@@H](CN2CCN(C(=O)Nc3ccc(Cl)c(Cl)c3)CC2)C1,2.2299285
CC(C)N1CCO[C@@H](CN2CCN(C(=O)Nc3ccc(Cl)c(Cl)c3)CC2)C1,2.4335475
O=C(NCCNC(=O)c1cn(-c2ccccc2)nc1C(F)(F)F)c1ccc(Cl)cn1,3.3382192
CCc1nc2cc(O)ccc2c(Oc2ccc(/C=C/C(=O)O)cc2)c1-c1ccccc1,2.3563833
CN(c1ncccc1CNc1nc(Nc2ccc3c(c2)CC(=O)N3)ncc1C(F)(F)F)S(C)(=O)=O,2.7831302
Cc1nc(C)c(-c2ccc(C34CCC(CC(=O)O)(CC3)CC4)cc2)nc1C(N)=O,1.2975736
Cc1nc(C)c(-c2ccc(C34CCC(C(=O)O)(CC3)CC4)cc2)nc1C(N)=O,1.1416456
CC(C)Cn1c(=O)n(C)c(=O)c2c(C(=O)N3C[C@H](O)CO3)c(Cc3ccccc3C(F)(F)F)sc21,2.9433722
Cc1cnc(Nc2cncc(N[C@@H](C)c3ncc(F)cn3)n2)s1,2.1530693
COc1ccc(Cl)cc1C(=O)NCCc1ccc(S(=O)(=O)NC(=O)NC2CCCCC2)cc1,1.5950236
CC(C)N(CCCNC(=O)Nc1ccc(C(C)(C)C)cc1)C[C@H]1O[C@@H](n2ccc3c(N)ncnc32)[C@H](O)[C@@H]1O,2.26008
CC(C)C(NC(=O)Cn1c(-c2ccccc2)ccc(NC(=O)CN2CCOCC2)c1=O)C(=O)C(F)(F)F,1.7062994
Oc1ccc(-c2nc3ccccc3s2)cc1,3.4816637
Nc1ccc2nc(-c3ccc(O)cc3)sc2c1,3.146111
Nc1ccc(-c2nc3ccc(O)cc3s2)cc1,3.109592
Oc1ccc2nc(-c3ccccc3)sc2c1,3.5139296
CNc1ccc(-c2nc3ccc(O)cc3s2)cc1,3.3962045
Oc1ccc(-c2nc3ccc(O)cc3s2)cc1,3.4257786
Oc1cccc(-c2nc3ccc(O)cc3s2)c1,3.4350033
Oc1ccc(-c2cnc3ccccc3n2)cc1,2.5814888
COc1cc(CCc2cc(Nc3ccnc(NCc4cc(C)no4)n3)n[nH]2)cc(OC)c1,3.6091366
Cc1cc(CNc2nccc(Nc3cc(CCc4ccccc4)[nH]n3)n2)on1,3.5764441
NC(=O)N1c2ccccc2C=Cc2ccccc21,1.8978729
Cc1cc(S(=O)(=O)Nc2nc(Nc3ccc(Cl)cc3)n[nH]2)c(S)cc1Cl,2.08397
Cc1cc2c(C(=O)NC[C@H](C)c3ccccc3)c(O)c(O)cc2c(O)c1-c1c(C)cc2c(C(=O)NC[C@H](C)c3ccccc3)c(O)c(O)cc2c1O,3.4257312
O=C1CCC(=O)N1c1cc(Cc2n[nH]c(=O)c3ccccc23)ccc1F,1.1770425
CCOC(=O)c1ccc(OCCC2CN(c3ccc(C)nn3)CCO2)cc1,2.796109
CC(C)c1nnc2ccc(-c3ocnc3-c3cc(F)ccc3F)cn12,3.4634514
NC(=O)c1cc(C(N)=O)n(-c2cccc(-c3cc(C(F)(F)F)ccc3C(F)(F)F)c2)n1,3.4155679
CC1=C2C[C@H]3[C@@H](CC=C4C[C@@H](O)CC[C@@]43C)[C@@H]2CC[C@]12O[C@@H]1C[C@H](C)CN[C@H]1[C@H]2C,2.6114316
C=CCCCCCCCCC(=O)N[C@H]1CCC(=O)NC1=O,1.9659483
Cc1nn(C)c2ccc(N3CCN(C(=O)[C@@H]4CCCC[C@H]4C(=O)NC4(C#N)CC4)[C@H](C)C3)cc12,2.2613382
O=C(CO)N1CCC(c2[nH]nc(-c3ccc(Cl)cc3F)c2-c2ccncn2)CC1,1.987187
CC(=O)NC[C@H]1CN(c2ccc(N3CCN(c4ccc(C#N)cn4)CC3)c(F)c2)C(=O)O1,2.4006143
O=C1NC(=O)C(Cc2ccc3ccccc3c2)S1,2.5142322
NS(=O)(=O)c1ccc(CCNc2ccc3nnc(-c4ccccc4)n3n2)cc1,2.5952168
CSc1ccc(N2C(N)=NC(N)=NC2(C)C)cc1,-0.8155165
CC1N=C(N)N=C(N)N1c1ccc(Cl)cc1,-0.71442556
Fc1cc(F)cc(-c2cc(N(CCCN3CCCCCC3)Cc3ccc4c(c3)OCO4)on2)c1,3.6966586
CC(C)OC(=O)N1CCC(Oc2ncnc3c2cnn3-c2ccc(S(C)(=O)=O)cc2F)CC1,2.825173
CC(C)N(c1nnc(N)s1)C(C)C,1.5620867
Cc1nnc(N)s1,-0.41763592
CC(=O)Nc1nnc(S(N)(=O)=O)s1,-0.99713993
CC(=O)Nc1ccc2ccn(-c3cc(NCCCN4CCCC4)n4ncc(C#N)c4n3)c2c1,1.5293105
O=c1[nH]c2cc(Cl)ccc2o1,2.3407135
COc1cc(OC)c(S(=O)(=O)N2c3ccccc3Oc3ccccc32)cc1NC(=O)Cc1ccnc(F)c1,2.6707935
CN1CCOc2cc(OC(=O)c3ccccc3)cnc21,3.0140033
O=C(Nc1ccc(F)cc1)c1cccnc1Oc1ccccc1,3.527748
COc1ccccc1N1CCN(CCN(C(=O)C2CCCCC2)c2ccccn2)CC1,3.5062306
c1cnc2cccnc2c1,0.89704454
O=c1nc(NCc2ccccc2)sn1Cc1ccccc1,2.699962
O=S(=O)(CCCOCCc1cc2ccccc2o1)CCNCCc1ccc(O)c2nc(O)sc12,2.8273025
COC1(c2cc(F)cc(OCc3ccc4c(ccc(=O)n4C)c3)c2)CCOCC1,2.9524333
CCn1c(=O)ccc2cc(COc3cc(F)cc(C4(OC)CCOCC4)c3)ccc21,3.3135452
CS(=O)(=O)N1CC[C@H](N(Cc2ccccc2Cl)c2ccc(C#N)c(Cl)c2)C1,3.3201919
O=C(O)C[C@@H]1c2ccccc2C[C@H]1NC(=O)c1cc2cc(Cl)ccc2[nH]1,1.853344
O=C(O)C[C@@H]1c2ccccc2C[C@H]1NC(=O)c1cc2cc(F)ccc2[nH]1,1.288874
O=C(O)CCC[C@@H]1c2ccccc2C[C@H]1NC(=O)c1cc2cc(F)ccc2[nH]1,2.1017327
CC(C)c1nc2ccc(-c3ccc(F)cc3)cc2c(=O)n1C[C@H]1CCCN(C(C)C)C1,3.3103504
Cc1nc2ccc(-c3ccc(Cl)cc3)cc2c(=O)n1C[C@H]1CCCN(C(C)C)C1,3.0501063
O=C(NCc1ccnc2ccccc12)c1ccc(Oc2ccc(C#C[C@]3(O)CN4CCC3CC4)cc2)cc1,3.4185543
Nc1[nH]ncc1S(=O)(=O)c1ccccc1,0.34614635
COc1ccc(C(=O)C2CCN(C(=O)c3ccco3)CC2)cc1,2.251826
Cc1cc(Nc2ccnc(NCc3cc(C4CC4)no3)n2)n[nH]1,2.8089573
Cc1cc(N2CCC[C@@H]2C(=O)NCCc2ccc3c(c2)OCO3)nc(-n2ccnc2)n1,2.428807
COc1ccc2nc(C)cc(-n3cc(CN4CCN(C(C)=O)CC4)nn3)c2c1,1.3170601
CNC(=O)c1c(F)cccc1Nc1nc(Nc2cc3c(cc2OC)CCN3C(=O)CN(C)C)nc2[nH]ccc12,2.3989222
CC(C)C[C@H](CO)Nc1nc(SCc2ccncc2)nc2nc(N)sc12,2.890904
CC(C)c1ncc(NC(=O)OCc2ccccc2)c(=O)n1CC(=O)NC(C(=O)C(F)(F)F)C(C)C,2.0168393
O=C1COc2c(CCNCCN(C(=O)CCNCCc3ccc(Cl)c(Cl)c3)C3CCCCC3)ccc(O)c2N1,2.461643
Cc1cnc(NC(=O)Cc2ccccc2)s1,2.6511126
O=C(Cc1ccccc1)Nc1nccs1,2.3488617
Cc1cc(NC(=O)c2ccc(Cl)cc2)n(-c2ccccc2)n1,3.3508449
N#Cc1cnn(-c2ccccc2)c1NC(=O)c1ccccc1F,2.1143463
NC(=O)C1CCN(CC(=O)Nc2ccc3c(c2)OCO3)CC1,0.55919325
Nc1ncnc2c1C(=O)N(c1ccc([C@H]3CC[C@H](CC(=O)O)CC3)cc1)CCO2,-0.17961478
O=c1c2sccc2n(CC2COc3ccccc3O2)c(=O)n1O,1.5636868
N=C(N)c1cc2c(I)cccc2s1,0.63354564
CC(c1cc2ccccc2s1)N(O)C(N)=O,2.077672
O=C(Cc1ccccn1)c1ccc(Cl)cc1,2.782583
COc1cc(N2CCN(C)CC2)c2[nH]c(C(=O)Nc3ccc(N4CCOCC4)cc3)cc(=O)c2c1,2.3393745
CN1CCN(c2cc(F)cc3c(=O)cc(C(=O)Nc4ccc(N5CCOCC5)cc4)[nH]c23)CC1,2.484405
c1ccc(-c2n[nH]c(-c3ccncc3)n2)nc1,1.250273
O=C(N[C@@H](c1ccccc1)[C@@H]1CCCCN1)c1cccc(C(F)(F)F)c1Cl,2.4203908
CN[C@@H](C)C(=O)N[C@H](C(=O)N[C@H]1CCCN(C(=O)Cc2ccccc2)C1)C1CCCCC1,1.4872043
CC1CC(OC(=O)C(O)c2ccccc2)CC(C)(C)C1,2.8674808
CCC(CC)NC(=O)c1cn(-c2ccccc2)nc1NS(=O)(=O)c1ccc(C)cc1,1.668483
Cc1nc2n(c(=O)c1CCN1CCC(c3noc4cc(F)ccc34)CC1)CCCC2,2.428728
O=C(Nc1ccc(Nc2ccc(NC(=O)c3ccccc3)c3c2C(=O)c2ccccc2C3=O)c2c1C(=O)c1ccccc1C2=O)c1ccccc1,3.8592992
Cc1ccc(S(=O)(=O)N2N=Cc3ccccc3B2O)cc1,-0.20282674
Cc1ccc(-n2[nH]c(=O)c3cccnc32)cc1,2.0790827
O=C(NCc1ccccn1)c1ccc(Oc2ccccc2)cc1,2.935396
OCC(CO)Nc1nc(SCc2cccc(F)c2F)nc2nc(NC3CC3)sc12,3.5609357
C[C@H](CO)Nc1nc(SCc2cccc(F)c2F)nc2nc(NC3CC3)sc12,3.8477845
O=c1c(-c2ccc3c(c2)OCO3)coc2cc(O)cc(O)c12,2.8350544
O=C(COc1ccc(SCCCCCc2ccccc2)cc1)COc1ccc(C(=O)O)cc1,3.2984219
CCOC(=O)/C=C/[C@H](C[C@@H]1CCNC1=O)NC(=O)[C@@H](CC(=O)[C@@H](NC(=O)c1cc(C)on1)C(C)C)Cc1ccc(F)cc1,2.8281305
COc1cc2ncnc(Oc3cnn(CC(=O)Nc4ccc(N(C)C)cn4)c3)c2cc1OC,2.3159618
CCc1[nH]c2nc(Sc3cnc4ccc[n+]([O-])c4c3)nc(N3CC[C@@H](N)C3)c2c1Cl,1.9657624
O=C(NCC1CCCCC1)c1cc(-n2ncc(=O)[nH]c2=O)ccc1Cl,1.1925817
CCCCOc1nc(N)c2[nH]c(=O)n(Cc3cccc(CC(=O)O)c3)c2n1,0.40518284
CCCCOc1nc(N)c2[nH]c(=O)n(Cc3cccc(CC(=O)OC)c3)c2n1,3.2310505
COCCOc1nc(N)c2[nH]c(=O)n(Cc3ccccc3)c2n1,2.2467666
COCCOc1nc(N)c2[nH]c(=O)n(Cc3cccc(CC(=O)OC)c3)c2n1,2.0727339
COc1cc(OC)c(S(=O)(=O)N2c3ccccc3Oc3ccccc32)cc1NC(=O)CCC(=O)O,-0.4997208
COc1cc(OC)c(S(=O)(=O)N2c3ccccc3Oc3ccccc32)cc1NC(=O)/C=C/C(=O)O,-0.53408647
COc1cc(-c2c(F)ccc3c(N)c(C(=O)NC4CC4)nnc23)c(OC)nn1,2.6287744
COc1ccc2ncc(=O)n(CCN3CC[C@@H](NCc4ccc5c(n4)NC(=O)CO5)[C@@H](F)C3)c2c1,0.6892209
COc1ccc2ncc(=O)n(CCN3CC[C@@H](NCc4ccc5c(n4)NC(=O)CO5)[C@@H](O)C3)c2c1,0.34948456
COc1ccc2ncc(=O)n(CCN3CC[C@@H](NCc4ccc5c(n4)NC(=O)CO5)[C@H](OC)C3)c2c1,0.7850158
COc1ccc2ncc(=O)n(CCN3CC[C@H](NCc4ccc5c(n4)NC(=O)CO5)[C@H](O)C3)c2c1,0.23680532
COc1ccc2ncc(=O)n(CCN3CC[C@@H](NCc4ccc5c(n4)NC(=O)CO5)[C@@H](OC)C3)c2c1,0.78098845
CC(C)(Cc1cccc(CC(=O)NCc2cccc(-c3ccc(O)cc3)c2)c1)NC[C@H](O)c1ccc(O)c(NS(C)(=O)=O)c1,1.9615073
Nc1scc2c(C(=O)NC3CC3)nn(-c3ccc(F)cc3)c(=O)c12,2.4102652
O=C(NCc1ccc(OC(F)(F)F)cc1)C1c2ccccc2C(=O)N1CC1CC(F)(F)C1,3.6148982
O=c1ncn2nc(Sc3ccc(F)cc3F)ccc2c1-c1c(Cl)cccc1Cl,3.3891048
Cc1nn(C)c2cc(N3CCN(C(=O)[C@@H]4CCCC[C@H]4C(=O)NC4(C#N)CC4)[C@H](C)C3)ccc12,2.2698836
CN(C)CC1CCn2c(c(C3=C(c4cn(C)c5ccccc45)C(=O)NC3=O)c3ccccc32)C1,2.4845088
Cn1c(N)nc(CCc2cccc(-c3cccnc3)c2)cc1=O,2.274512
N#Cc1nc(N2CCCC2)c(N)c(N2CCOCC2)n1,2.2880123
COc1c(N2C[C@@H]3CCCN[C@@H]3C2)c(F)cc2c(=O)c(C(=O)O)cn(C3CC3)c12,-0.7475338
Cc1nc2ccc(Oc3ccc(F)cc3)cc2c(=O)n1C[C@H]1CCCN(C(C)C)C1,2.5218632
CN(CCCc1ccccc1)S(=O)(=O)c1cc(C(=O)N2CCc3ccc(S(=O)(=O)NCCc4ccccc4)cc3C2)c(O)c(O)c1O,0.57354057
N#CC1(NC(=O)[C@@H]2CCCC[C@H]2C(=O)N2CCN(c3nc4cnccc4s3)CC2)CC1,1.8032401
Cc1ccnc(NCc2ccccc2)c1,3.0587618
COc1ccc(CN(CCN(C)C)c2ccccn2)cc1,1.747688
COc1ccccc1CNc1cc(C)ccn1,3.224293
Cc1ccnc(NCc2ccc(Cl)cc2)c1,3.4059668
Cc1ccnc(NCc2ccccc2O)c1,3.027216
CCOC(=O)Nc1ccc(NCc2ccc(F)cc2)nc1N,2.819581
CN(C)CCN(Cc1ccccc1)c1ccccn1,1.6809464
CN(CCOc1ccc(C[C@H](Nc2ccccc2C(=O)c2ccccc2)C(=O)O)cc1)c1ccccn1,1.6525083
NC(=O)NC(=O)C(Nc1ccc2c(c1)CCC2)c1ccccc1,2.948566
CN1CCOc2nc(C#Cc3ccccc3)ccc21,3.6996112
O=C(Nc1nc(-c2ccccc2)cs1)c1cccnc1,3.2299857
O=C1Nc2ccccc2C1(O)c1ccccc1,2.2100742
CCN(CC)CCN1C(=O)[C@@](O)(c2ccccc2Cl)c2c1cc(C(N)=O)cc2C(F)(F)F,2.2705753
Clc1cccc(Cl)c1/C(=C/n1cncn1)OC1CCCCCC1,3.7721014
Cc1ccc(-n2nc(C(C)(C)C)cc2NC(=O)Nc2ccc(OCCN3CCOCC3)c3ccccc23)cc1,4.2511787
Cc1oc(C#N)cc1-c1c2c(=O)n(C)c(=O)n(CC3CC3)c2nn1Cc1ccnc2ccc(Cl)cc12,3.846572
Cc1oc(S(C)(=O)=O)cc1-c1c2c(=O)n(C)c(=O)n(CC3CC3)c2nn1Cc1ccnc2ccc(Cl)cc12,3.5559754
C[C@H](CO)Nc1nc(SCc2cccc(F)c2F)nc2[nH]c(=O)c(=O)[nH]c12,2.724977
Oc1ccc2[nH]c(CN3CCC(Cc4ccc(F)cc4)CC3)nc2c1,3.391583
CCCC(=O)N1CCN(c2nnc(-c3ccccc3)c3ccccc23)CC1,3.543415
O=C(CCN1CCCCC1)Nc1ccc(-c2cccn3c(=O)cc(N4CCOCC4)nc23)c2sc3ccccc3c12,3.4606848
O=C(NC[C@@H](O)CN1CCC(Oc2ccc(Cl)c(Cl)c2)CC1)c1cn2cc(F)ccc2n1,3.4888234
NC1(Cc2ccc(Cl)cc2)CCN(c2ncnc3[nH]ccc23)CC1,2.462536
Cc1ccc(CO)cc1N(C)c1ccnc(Nc2cc(N3CCOCC3)cc(N3CCN(C)CC3)c2)n1,2.8652968
COc1cc(F)ccc1-c1cncc(CNC2CCCCC2)c1,2.3200538
OCC[C@@]1(c2cc3ccccc3o2)CCCNC1,0.23384202
OCC[C@]1(c2cc3ccccc3o2)CCCNC1,0.41348732
O=C(CCCN1CCC(O)(c2ccc(Cl)cc2)CC1)c1ccc(F)cc1,2.8128297
CCOC(=O)c1ccccc1-c1csc(NS(=O)(=O)c2ccc(Cl)cc2)n1,2.8222759
CC(=O)c1noc(C)c1C(=O)Nc1nccs1,1.9010725
Cc1onc(CO)c1C(=O)Nc1nccs1,1.2333715
Cc1onc(C(N)=O)c1C(=O)Nc1nccs1,1.2434547
Nc1nc(-c2ccccc2)nn1Cc1ccccc1,2.6138453
CSc1nc(-c2ccccc2)nn1Cc1ccccc1,3.5336003
O=CN(O)C1(CS(=O)(=O)N2CCN(c3ccc(F)cc3)CC2)CCOCC1,0.75648224
CC(NC(=O)c1cc(O)nc2ccccc12)c1ccccc1,2.056948
O=C(NCC12CC3CC(CC(C3)C1)C2)c1cc(CN2C[C@@H]3C[C@H]2CN3)ccc1Cl,2.19889
c1ccc2c(c1)nnn2-c1ccncc1,1.9922721
O=C(c1ccc(F)cc1)C1CCN(CCn2c(=O)[nH]c3ccccc3c2=O)CC1,2.7942877
CC(C)(O)c1ccc(Nc2nc3ccc(C#N)cc3[nH]2)cc1,2.5936415
COc1cccc(C(=O)NCCCOc2cccc3ccc(N)nc23)c1,2.4850206
Oc1ncnc2onc(-c3ccc(F)cc3)c12,1.8909957
O=C(COCc1ccncc1)N1CCN(c2ccc(F)cc2Cl)CC1,2.6767285
O=C(COCc1ccncc1)N1CCN(c2ccc(Cl)cc2F)CC1,2.7229688
O=C(COCc1ccncc1)N1CCN(c2ccc(Cl)cc2Cl)CC1,3.101359
Cc1cc(Cl)ccc1N1CCN(C(=O)COCc2ccncc2)CC1,2.8054247
C1=C(c2cc3ccccc3o2)C2CCN1CC2,2.903131
Clc1ccc(-c2nnc3cccc(Cl)n23)c(Cl)c1,3.3579865
Clc1cccc(Cl)c1-c1nnc2cccc(Cl)n12,3.1587148
CCCCCSc1nc(O)c2sc(N)nc2n1,2.419337
Cc1cc2n[nH]c(=O)n2c2cc(-c3ccco3)ccc12,3.2853603
Nc1cc2n[nH]c(=O)n2c2cc(-c3ccco3)ccc12,2.2314491
CCn1cc(C(=O)O)c(=O)c2cc(F)c(N3CCNCC3)nc21,-1.2635655
COCc1c(C(C)C)nc(C(C)C)c(/C=C/[C@@H](O)C[C@@H](O)CC(=O)O)c1-c1ccc(F)cc1,1.7101206
Cc1ccc(NC(=O)c2cncs2)cc1-n1cnc2ccc(N3CCN(C)CC3)cc2c1=O,1.9850984
Cn1cc[nH]c1=S,-0.25624418
CN(C(=O)Cc1ccccc1)[C@H]1CC[C@@]2(CCCO2)C[C@@H]1N1CCCC1,0.9302212
CC#Cc1cncc(-c2cccc(C3(C4CC4)N=C(C)C(N)=N3)c2)c1,3.4837492
N#Cc1cnn2c(N)cc(-c3cccs3)nc12,2.116749
O=C(O)CN1C(=O)C(NC(=O)c2cc3sc(Cl)c(Cl)c3[nH]2)Cc2ccccc21,0.9984454
COc1ccc([C@@H]2Sc3ccccc3N(CCN(C)C)C(=O)[C@@H]2OC(C)=O)cc1,1.9252437
CC(C)C(NC(=O)Cn1c(-c2ccccc2)ncc(NC(=O)OCc2ccccc2)c1=O)C(=O)C(F)(F)F,2.4493983
CC(C)C(NC(=O)Cn1c(-c2ccc(F)cc2)ncc(NC(=O)OCc2ccccc2)c1=O)C(=O)C(F)(F)F,2.654879
CN[C@@H](C)C(=O)N[C@H](C(=O)N1CCC[C@H]1C(=O)N[C@H](C(=O)OC)C(c1ccccc1)c1ccccc1)C1CCCCC1,2.408167
CC(CN(C)C)CN1c2ccccc2CCc2ccccc21,2.7446904
NC(=O)N1c2ccccc2C[C@H](O)c2ccccc21,0.5784627
CN(C)CCCN1c2ccccc2CCc2ccc(Cl)cc21,2.9973803
CNCCCN1c2ccccc2CCc2ccccc21,1.2636731
CN(C)CCCN1c2ccccc2CCc2ccccc21,2.2150047
CSc1ccc(-c2nc(-c3ccc(F)cc3)c(-c3ccncc3)[nH]2)cc1,3.9156885
C[S+]([O-])c1ccc(-c2nc(-c3ccc(F)cc3)c(-c3ccncc3)[nH]2)cc1,2.7620242
C=C(C)[C@H]1Cc2c(ccc3c2O[C@@H]2COc4cc(OC)c(OC)cc4[C@@H]2C3=O)O1,3.5614347
CS(=O)(=O)c1ccc(-c2nnc(/C=C/c3nnc(-c4ccc(C#N)cc4)o3)n2-c2ccccc2Cl)nc1,2.8411531
Nc1nc2nc(-c3cccs3)cc(C(F)(F)F)n2n1,2.3760498
Cc1nnc(C)c2cc(N3CCN(C(=O)[C@@H]4CCCC[C@H]4C(=O)NC4(C#N)CC4)[C@H](C)C3)ccc12,1.9243712
CN1CC(n2nccc2-c2cc(Cl)ccc2Oc2cc(F)c(S(=O)(=O)Nc3ncns3)cc2F)C1,1.467142
O=S(=O)(Nc1ncns1)c1cc(F)c(Oc2ccc(Cl)cc2-c2ccnn2C2CNC2)cc1F,0.46490026
COc1ccc(N(C(=O)c2ccco2)C(C(=O)NC2CCCC2)c2ccccc2F)c(OC)c1,3.244839
O=S(=O)(Nc1nncs1)c1cc(Cl)c(Oc2ccc(C(F)(F)F)cc2-c2ccnnc2)cc1F,1.5738475
CC(=O)N1CCN(CCOc2cc(OC(C)C)c3c(Nc4c(F)ccc5c4OCO5)ncnc3c2)CC1,3.037088
CCOC(=O)[C@H](CCc1ccccc1)N[C@@H](C)C(=O)N1[C@H](C(=O)O)C[C@@H]2CCC[C@@H]21,0.03120637
CN1CCN(C(=O)c2ccc(C(=C3CCN(Cc4cscn4)CC3)c3cccc4cccnc34)cc2)CC1,2.3346658
COc1cc(C(=O)N2CCOCC2)ccc1Nc1ncc(Cl)c(-c2cnc3ccccn23)n1,3.137838
CC(=O)NCc1ccc(CN2CCN(c3ccc(F)cc3F)CC2)cc1,2.5404956
CC(=O)NCc1ccc(CN2CCN(c3ccccc3)CC2)cc1,1.9490566
COc1cc(O)c2c(c1)/C=C/C[C@H](O)[C@H](O)C(=O)/C=C\C[C@H](C)OC2=O,1.2546115
COc1cc(C)c(S(=O)(=O)N(C)CCOCC(=O)N2CCN(C3CCN(C)CC3)CC2)c(C)c1,-0.17415357
COc1cc(Nc2cc(Nc3c(Cl)ccc4c3OCO4)ncn2)cc(OC)c1OC,3.148077
CN(C)CCCNS(=O)(=O)c1ccc(Nc2nccc(-c3cnc4cccnn34)n2)cc1,1.4930227
CNS(=O)(=O)c1ccc(Nc2nccc(-c3cnc4cccnn34)n2)cc1,2.4970438
COCCNS(=O)(=O)c1ccc(Nc2nccc(-c3cnc4cccnn34)n2)cc1,2.5275788
COc1cccc(-c2cc(O)c3cc(NC(C)=O)ccc3n2)c1,2.4696355
Nc1cc(-c2ccccc2)nc2ccccc12,2.674374
CC(=O)Nc1ccc2nc(-c3cccc(F)c3)cc(O)c2c1,2.6414216
COc1cccc2c(O)cc(-c3ccccc3)nc12,3.0904636
Oc1ccc(-c2ccc3cc(O)ccc3n2)cc1,3.086814
Oc1cccc2nc(-c3ccccc3)cc(O)c12,3.1501038
c1ccc(-c2ccc3ccccc3n2)cc1,3.381113
Oc1cc(-c2ccccc2)nc2ccccc12,3.0738883
O=C(O)c1cc(-c2ccccc2)nc2ccccc12,0.4103384
COc1ccc(-c2cc(O)c3cc(Cl)ccc3n2)cc1,3.4060767
O=c1cc(N2CCOCC2)oc2c(-c3cccc4c5c(sc34)CCCC5)cccc12,4.151723
CC(=O)Nc1ccc(CNc2[nH]nc3cccc(Oc4ccc(S(C)(=O)=O)cc4)c23)cc1,3.0609007
COc1ccc(OC)c(CNc2[nH]nc3cccc(Oc4ccc(S(C)(=O)=O)cc4)c23)c1,3.6039438
CC(=O)Nc1ccc(CNc2[nH]nc3cccc(Oc4ccc(F)cc4)c23)cc1,3.6482573
Cc1cc(C)cc(CCOCCS(=O)(=O)NCCNCCc2ccc(O)c3nc(O)sc23)c1,2.3810627
CN1CCC[C@H]1CCN1CCCc2cc(NC(=N)c3cccs3)ccc21,0.55750453
CCc1nc2c(N)nc3ccccc3c2n1CCCCNS(C)(=O)=O,1.5334883
CC(C)Cn1cnc2c(N)nc3ccccc3c21,2.7926993
CCOCc1nc2c(N)nc3ccccc3c2n1CC(C)(C)O,1.6044524
CCCCc1nc2c(N)nc3ccccc3c2n1CC(C)C,3.5436306
CCc1nc2c(N)nc3ccccc3c2n1CC(C)(C)O,1.6800255
CCCCc1nc2c(N)nc3ccccc3c2n1CC(C)(C)O,2.4918556
CCc1nc2c(N)nc3ccccc3c2n1CC(C)C,3.2831573
c1ccc(CSc2nc3cccnc3[nH]2)cc1,3.0812922
CC(C)NC[C@@H](C(=O)N1CCN(c2ncnc3c2[C@H](C)C[C@H]3O)CC1)c1ccc(Cl)cc1,1.3676311
c1ccc(CC2NCCc3ccccc32)cc1,1.9035845
Cc1ccc(N2CC(COc3ccc(-c4noc(C)n4)cc3)C2)nn1,2.6715598
O=C(c1ccc(F)cc1)N1CCC[C@H](c2nc(-c3ccc(F)cc3)no2)C1,3.3133965
COc1ccc(-c2cncc(CNC3CCCC3)n2)c(OC)c1,1.8026105
CC(CCc1cccc(OCc2ccc3ccccc3n2)c1)CC(=O)O,2.1682882
COC(=O)C1C(OC(=O)c2ccccc2)CC2CCC1N2C,1.0803543
COc1ccc2c(c1)N(CCN1CCC(NCc3ccc4c(n3)NC(=O)CO4)CC1)C(=O)CC2,0.67225134
COc1cc(Nc2nccc(N(C)c3cc(CO)ccc3C)n2)cc(N2CCOCC2)c1,3.3812418
Cc1ccc(CO)cc1N(C)c1ccnc(Nc2cc(N3CCOCC3)cc(S(C)(=O)=O)c2)n1,2.4655538
COCCOc1cc(Nc2nccc(N(C)c3cc(CO)ccc3C)n2)cc(N2CCOCC2)c1,3.3423214
N#Cc1cccc(C(=O)Nc2cc(-c3ccccc3)nn2-c2ccccc2)c1,3.5362618
O=C(C1CCN(c2nnc(-n3cccc3)s2)CC1)N1CCc2ccccc2C1,3.3465223
N#Cc1ccc2ccc(=O)n(CCN3CC[C@H](NCc4cc5c(cn4)OCCO5)[C@H](O)C3)c2c1,0.6938343
N#Cc1ccc2ccc(=O)n(CCN3CC[C@@H](NCc4cc5c(cn4)OCCO5)[C@@H](O)C3)c2c1,0.778358
CO[C@H]1CN(CCn2c(=O)ccc3ccc(C#N)cc32)CC[C@H]1NCc1cc2c(cn1)OCCO2,1.2209052
COc1ccc2c(C)cc(=O)n(CCN3CCC(NCc4cc5c(cn4)OCCO5)CC3)c2c1,1.50615
COc1ccc2ccc(=O)n(CCN3CCC(NCc4cc5c(cn4)OCCO5)CC3)c2c1,1.0749289
CO[C@H]1CN(CCn2c(=O)ccc3ccc(C#N)cc32)CC[C@@H]1NCc1cc2c(cn1)OCCO2,1.1296126
Cc1cc(C)c(CNC(=O)c2cc(C3CC3)nc3c2cnn3C(C)C)c(O)n1,3.3547997
NCc1ccc(NC(=O)c2cc(Nc3ncccn3)c3cc(/C(N)=N/O)ccc3c2)cc1,-0.46953654
CC(=O)N1CCOc2nc(OCc3ccccc3)ccc21,2.5083401
Cc1[nH]c(/C=C2\C(=O)Nc3ccc(F)cc32)c(C)c1C(=O)NC[C@H](O)CN1CCOCC1,2.0262067
Nc1ncc(-c2ccc(F)cc2)[nH]1,2.058723
O=C(CC1CCN(Cc2ccn(-c3ccc(C(F)(F)F)cc3)c2)CC1)NC(c1ccc(F)cc1)c1c[nH]c(=O)c(Cl)c1,3.3251915
O=C(CC1CCN(Cc2ccn(-c3ccc(C(F)(F)F)cc3)c2)CC1)NC(c1ccc(F)cc1)c1ccc(=O)[nH]c1,3.1844583
C[C@H]1NC(C)(C)CO[C@]1(O)c1cccc(Cl)c1,1.7626983
C[C@@H]1NC(C)(C)CO[C@@]1(O)c1cccc(Cl)c1,1.6377511
Cc1ccc(C(=O)NC(C)C)cc1-n1cnc2ccc(N3CCN(C)CC3)cc2c1=O,1.3782153
CCNC(=O)c1ccc(C)c(-n2cnc3ccc(N4CCN(C)CC4)cc3c2=O)c1,1.2198534
Cc1ccccc1-n1c(Cn2cnc3c(N)ncnc32)nc2cccc(C)c2c1=O,2.3207955
O=C(O)C1Cc2c([nH]c3ccccc23)C(c2ccccc2)N1,0.52984655
Cc1ccccc1N1C(=O)c2cc(S(N)(=O)=O)c(Cl)cc2NC1C,1.7646421
COc1ccc(-c2nc(N)s[n+]2-c2ccccc2)cc1,2.324136
COc1ccc(-c2nc3c(NCC4CCNCC4)c(Br)cnc3[nH]2)cc1,1.1612726
O=C(O)CCC(=O)N1CCC(c2nc(-c3cccs3)no2)CC1,-1.2252107
NC(=O)c1cncc(-c2ccc([C@H]3CC[C@H](CC(=O)O)CC3)cc2)c1,0.31657577
Cc1cc(COc2ccc(NC(=O)[C@@H]3[C@@H](C(=O)NO)CCCN3C)cc2)c2ccccc2n1,2.1305056
FC(F)(F)c1nnc2ccc(NCn3nnc4ccccc43)nn12,2.814992
CN[C@@H](C)C(=O)N[C@H](C(=O)N[C@H]1CCCN(C(=O)c2ccccc2)C1)C1CCCCC1,1.3372908
O=C(CO)N1CCC(c2n[nH]c(-c3ccc(Cl)cc3)c2-c2ccncn2)CC1,2.0982416
CCN1CCN(Cc2cnc(-c3ccc(C(=O)Nc4ccccc4N)cc3)c(C#N)c2)CC1,0.7389306
CCN1CCN(Cc2cnc(-c3ccc(C(=O)Nc4ccccc4N)cc3)c(Cl)c2)CC1,1.7006497
CC(C)N1CCN(Cc2cnc(-c3ccc(C(=O)Nc4ccccc4N)cc3)c(F)c2)CC1,1.4849702
Cc1cc(CN2CCN(C(C)C)CC2)cnc1-c1ccc(C(=O)Nc2ccccc2N)cc1,1.5738845
CCN1CCN(Cc2cnc(-c3ccc(C(=O)Nc4ccccc4N)cc3)c(C)c2)CC1,1.3676527
CC(C)N1CCN(Cc2cnc(-c3ccc(C(=O)Nc4ccccc4N)cc3)c(C#N)c2)CC1,0.94518876
CC(C)N1CCN(Cc2cnc(-c3ccc(C(=O)Nc4ccccc4N)cc3)c(Cl)c2)CC1,1.9071234
O=C(c1cccc(Cc2n[nH]c(=O)c3ccccc23)c1)N1CCN(c2ccccn2)CC1,2.4987984
O=C(c1cc(Cc2n[nH]c(=O)c3ccccc23)ccc1F)N1CCN(c2ccccn2)CC1,2.5885863
CN[C@@H](C)C(=O)N[C@H](C(=O)N[C@H]1CCCN(S(=O)(=O)c2ccccc2)C1)C(C)(C)C,1.5208745
CC(C)Oc1cccc(CC(=O)N2CCC[C@](CC[N+]34CCC(c5ccccc5)(CC3)CC4)(c3ccc(Cl)c(Cl)c3)C2)c1,1.3135809
CC[C@@H]1C(=O)N(C)c2cnc(Nc3ccc(C(=O)NC4CCN(C)CC4)cc3OC)nc2N1C1CCCC1,3.0799835
COc1cc(NS(=O)(=O)c2ccc(N)cc2)nc(OC)n1,-0.089637995
COc1ncnc(NS(=O)(=O)c2ccc(N)cc2)c1OC,-1.1498411
Cc1ccc(-c2c[nH]nn2)cc1,1.7652508
Clc1ccc(-c2c[nH]nn2)cc1,2.0368278
CCCSc1ncccc1C(=O)N(C)[C@H]1[C@H]2CC3C[C@@H]1C[C@](O)(C3)C2,2.4477227
CCCSc1ncccc1C(=O)N(C)[C@@H]1[C@H]2CC3C[C@@H]1C[C@](O)(C3)C2,2.1391451
CCCSc1nc(NC)ccc1C(=O)N[C@H]1C2CC3CC1C[C@](O)(C3)C2,2.8938549
CCCSc1ncccc1C(=O)N[C@H]1[C@H]2CC3C[C@@H]1C[C@](O)(C3)C2,2.3742585
Cc1nc(C(=O)[C@H](C)Oc2ccc(SCCCCCc3ccccc3)cc2)sc1CCCC(=O)O,3.4297848
Cc1nc(C(=O)[C@@H](C)Oc2ccc(SCCCCCc3ccccc3)cc2)sc1CCCC(=O)O,3.4917917
Cc1ccc(CNC(=O)C2CCCN2S(=O)(=O)c2ccc(F)cc2)cc1,3.098453
N#Cc1c(C(=O)O)n(Cc2ccc(Cl)c(Cl)c2)c2ccccc12,1.1442906
CCc1c(C(=O)C(N)=O)c2c(OCC(N)=O)cccc2n1Cc1ccccc1,2.2748408
COc1ccc2c(c1)cc(C(=O)O)n2Cc1ccc(Cl)c(Cl)c1,2.0267253
O=C(O)c1cc2cc([N+](=O)[O-])ccc2n1Cc1ccc(Cl)c(Cl)c1,2.0837677
O=C(O)c1cc2cc(C(F)(F)F)ccc2n1Cc1ccc(Cl)c(Cl)c1,2.717643
O=C(O)c1cc2ccccc2n1Cc1ccccc1,0.6184068
O=C(O)c1cn(Cc2ccccc2)c2ccccc12,0.75268495
O=C(CC12CC3CC(CC(C3)C1)C2)Nc1cccc2nc(NCCNCCO)ccc12,2.2644098
O=C(CC12CC3CC(CC(C3)C1)C2)Nc1cccc2ncccc12,3.784978
Cc1ccc2nc(CCNCCCO)ccc2c1NC(=O)CC12CC3CC(CC(C3)C1)C2,2.127216
NC1(c2ccc(-c3nc4ccn5c(=O)[nH]nc5c4cc3-c3ccccc3)cc2)CCC1,2.4199855
Nc1nc(N)c(C(=O)Nc2ccccn2)nc1Cl,1.7726736
CC(C)(C)NS(=O)(=O)c1cncc(-c2ccc3nc(NC(=O)NCC(=O)N4CCCC4)nn3c2)c1,1.0072193
COc1cc(C(=O)NS(=O)(=O)c2ccccc2)ccc1Cn1ncc2ccc(NC(=O)CC3CCCC3)cc21,1.9769694
CS(=O)(=O)N1CCN(Cc2cc3nc(-c4cccc5[nH]ncc45)nc(N4CCOCC4)c3s2)CC1,3.1183648
Clc1cccc(-c2cnc3ccc(NC4CCOCC4)nn23)c1,3.4430718
O=C1C(=O)N(Cc2ccc(Cl)cc2)c2ccccc21,3.240046
O=S(=O)(Nc1ccccc1-c1ccccc1)c1ccccc1,3.293384
O=C(O)c1c(Sc2ccccc2)c2cc(Cl)ccc2n1Cc1ccc(Cl)cc1,3.0112948
Cc1oc(S(C)(=O)=O)cc1-c1c2c(=O)n(C)c(=O)n(CC3CC3)c2nn1Cc1cn(C)c2ccc(Cl)cc12,3.7061064
O=C(COCc1ccncc1)N1CCC(F)(c2ccc(Cl)cc2)CC1,2.7285614
O=C(COCc1ccncc1)N1CCC(c2ccc(F)cc2Cl)CC1,2.79316
CC1(c2ccc(Cl)cc2)CCN(C(=O)COCc2ccncc2)CC1,2.84406
O=C(COCc1ccncc1)N1CCC(c2ccc(Cl)cc2Cl)CC1,3.1558516
O=C(COCc1ccncc1)N1CCC(c2ccc(Cl)cc2)CC1,2.4782376
CCS(=O)(=O)c1ccc(Oc2cc3nc(-c4ccccn4)[nH]c3cc2CN2C(=O)CCC2=O)cc1,2.270574
NC(=O)c1ccc(O[C@@H]2C[C@@H]3CC[C@H](C2)N3Cc2ccccc2)cn1,1.4676828
COc1ccc(Cn2c(=O)[nH]c3c(=O)n(CC(=O)NC(C(=O)C(F)(F)F)C(C)C)c(-c4ccccc4)cc3c2=O)cc1,2.9393406
CC1(C)CNC(=O)c2sc(N3CCOCC3)nc2C1,1.2031572
CO[C@H]1CC[C@]2(CC1)Cc1ccc(-c3cc(Cl)cc(C#N)c3)cc1C21N=C(C)C(N)=N1,3.7088127
CN1CCC(=C2c3ccccc3C=Cc3ccccc32)CC1,3.0890694
Cc1c(CN2CCN(C(=O)[C@H](C)O)CC2)sc2c(N3CCOCC3)nc(-c3cnc(N)nc3)nc12,2.1137125
Nc1nc(N)c2cc(NCc3ccc(Cl)c(Cl)c3)ccc2n1,3.2437162
CN[C@@H](C)C(=O)N[C@H](C(=O)N[C@H]1CCN(C(=O)c2ccccc2)C1)C1CCCCC1,1.0866543
Cc1cc2n[nH]c(=O)n2c2ccccc12,2.3607783
Cc1ncc(-c2ccnc(Nc3ccc(S(=O)(=O)CCCN4CCOCC4)cc3)n2)n1C(C)C,2.584457
COc1cc(OC)c(S(=O)(=O)N2c3ccccc3CCC2C)cc1NC(=O)CCc1nn[nH]n1,-0.35421562
O=c1[nH]cnc2[nH]ncc12,-0.66243196
COc1cc(OC2CCN(C)CC2)c2c(Nc3cccc4c3OCCO4)ncnc2c1,2.552587
NC1(c2ccc(-c3ncc4cccn4c3-c3ccccc3)cc2)CCC1,2.4811559
O=C(c1ccc(F)cc1)C1CCN(C(=O)N2CCOCC2)CC1,1.7208135
C1=CCC(c2ccc3ccccc3c2)CNC1,1.6910279
COc1cc2ncnc(N3CC[C@@H](Oc4cnc5ccccc5n4)C3)c2cc1OC,3.4575148
CC1(C)NC(=O)N(c2ccc([N+](=O)[O-])c(C(F)(F)F)c2)C1=O,2.0408401
COc1ccc2nc(C)cc(N3CC(CNC(=O)C4CC4)OC3=O)c2c1,1.4446965
CS(=O)(=O)c1cccc(Nc2nccc(Nc3c(Cl)ccc4ccoc34)n2)c1,3.4055102
CS(=O)(=O)c1cccc(Nc2nccc(Nc3cccc4ccoc34)n2)c1,3.3558347
O=C(O)c1cc2cc(OCc3ccccc3)ccc2[nH]1,1.0975502
N#CCc1c[nH]c2ccc(OCc3ccccc3)cc12,3.440411
CCc1ccc(NC(=O)c2ccc3cc(C(=N)N)ccc3c2)cc1,1.4938548
CC1(c2ccc(Cl)c(Cl)c2)CC(=O)NC(N)=N1,1.622524
CC1(c2ccccc2)CC(=O)NC(N)=N1,0.19026124
NC1=NC(c2ccc(Cl)c(Cl)c2)CC(=O)N1,1.44454
Cc1cc2n[nH]c(=O)n2c2cc(-c3ccncc3)ccc12,2.7115715
Cc1cc(NC(=O)Nc2ccc(Cl)cc2)n(C)n1,2.9915
Cn1nc(C(C)(C)C)cc1NC(=O)Nc1ccc(Cl)cc1,3.725273
O=C(c1ccc(C(=C2CCN(Cc3cscn3)CC2)c2cccc3cccnc23)cc1)N1CCOCC1,2.5350065
O=S(=O)(CCCOCCNc1ccccc1)CCNCCc1ccc(O)c2nc(O)sc12,1.8198209
Cc1cn([C@H]2CCCN([C@H](C)c3ccc(C(=O)O)c(Oc4cccc(Cl)c4)c3)C2)c(=O)[nH]c1=O,-0.29686594
COc1ccc(Oc2cccc(CN3CCCC(n4cc(C)c(=O)[nH]c4=O)C3)c2)cc1,2.7268982
Cc1cn([C@H]2CCCN(Cc3ccc(C(=O)O)c(Oc4cccc(Cl)c4)c3)C2)c(=O)[nH]c1=O,-0.472481
Cc1cn([C@H]2CCCN(Cc3cccc(Oc4cccc(Br)c4)c3)C2)c(=O)[nH]c1=O,2.9686723
CCC(CC)C[C@H](c1ccc(C(=O)O)c(Oc2cccc(Cl)c2)c1)N1CCC[C@H](n2cc(C)c(=O)[nH]c2=O)C1,1.5962279
CCC(C)(C)C[C@H](c1ccc(C(=O)O)c(Oc2cccc(Cl)c2)c1)N1CCC[C@H](n2cc(C)c(=O)[nH]c2=O)C1,1.4317431
Cc1cn([C@H]2CCCN([C@@H](CC(C)(C)C)c3ccc(C(=O)O)c(Oc4cccc(Br)c4)c3)C2)c(=O)[nH]c1=O,1.280448
CCC[C@H](c1ccc(C(=O)O)c(Oc2cccc(Cl)c2)c1)N1CCC[C@H](n2cc(C)c(=O)[nH]c2=O)C1,0.74081326
Cc1cn(C2CCCN(Cc3cccc(Oc4ccc(Cl)cc4)c3)C2)c(=O)[nH]c1=O,3.2329814
CC[C@H](c1ccc(C(=O)O)c(Oc2cccc(Cl)c2)c1)N1CCC[C@H](n2cc(C)c(=O)[nH]c2=O)C1,0.34434378
Cc1cn(C2CCCN(Cc3cccc(Oc4ccccc4)c3)C2)c(=O)[nH]c1=O,2.6277604
CCC[C@@H](c1ccc(C(=O)O)c(Oc2cccc(Cl)c2)c1)N1CCC[C@H](n2cc(C)c(=O)[nH]c2=O)C1,0.66215813
CCCCC[C@H](c1ccc(C(=O)O)c(Oc2cccc(Br)c2)c1)N1CCC[C@H](n2cc(C)c(=O)[nH]c2=O)C1,1.3215292
CC[C@@H](c1ccc(C(=O)O)c(Oc2cccc(Cl)c2)c1)N1CCC[C@H](n2cc(C)c(=O)[nH]c2=O)C1,0.30424452
Cc1cn([C@H]2CCCN([C@H](CC(C)C)c3ccc(C(=O)O)c(Oc4cccc(Cl)c4)c3)C2)c(=O)[nH]c1=O,0.86741126
Cc1cn([C@H]2CCCN(Cc3ccc(C(=O)O)c(Oc4cccc(F)c4)c3)C2)c(=O)[nH]c1=O,-0.92469764
Cc1cn([C@H]2CCCN(Cc3ccc(C(=O)O)c(Oc4cccc(Br)c4)c3)C2)c(=O)[nH]c1=O,-0.35739756
CCCC(C)(C)C[C@H](c1ccc(C(=O)O)c(Oc2cccc(Cl)c2)c1)N1CCC[C@H](n2cc(C)c(=O)[nH]c2=O)C1,1.8578945
Cc1cn([C@H]2CCCN(Cc3ccc(C(=O)O)c(Oc4cccc(C(F)(F)F)c4)c3)C2)c(=O)[nH]c1=O,-0.37092352
Cc1cn([C@H]2CCCN([C@@H](CC(C)C)c3ccc(C(=O)O)c(Oc4cccc(Cl)c4)c3)C2)c(=O)[nH]c1=O,0.8293319
CCC(C)(CC)C[C@H](c1ccc(C(=O)O)c(Oc2cccc(Br)c2)c1)N1CCC[C@H](n2cc(C)c(=O)[nH]c2=O)C1,1.6555917
Cc1cn([C@H]2CCCN([C@@H](C)c3ccc(C(=O)O)c(Oc4cccc(Cl)c4)c3)C2)c(=O)[nH]c1=O,-0.5292835
Cc1cccc(Oc2cc(CN3CCC[C@H](n4cc(C)c(=O)[nH]c4=O)C3)ccc2C(=O)O)c1,-0.66694045
Cc1ccc(Oc2cccc(CN3CCCC(n4cc(C)c(=O)[nH]c4=O)C3)c2)cc1,3.084847
Cc1cn([C@H]2CCCN([C@H](CC(C)(C)C)c3ccc(C(=O)O)c(Oc4cccc(Br)c4)c3)C2)c(=O)[nH]c1=O,1.3595031
CCOC(=O)c1ccc(COC2CN(c3ccc(C)nn3)C2)cc1,2.6545267
O=C(NCC12CC3CC(CC(C3)C1)C2)c1cc(N2CCNCC2)ccc1Cl,2.2390058
CC(C)Cn1c(=O)n(C)c(=O)c2c(SC3CCCCC3)c(Cc3ccccc3C(F)(F)F)sc21,4.573786
NC(=O)Nc1sc(-c2ccc(CN3CCCCC3)cc2)cc1C(N)=O,1.8815389
COc1ccc(-c2cc3c(C)nc(N)nc3n([C@H]3CC[C@H](OCCO)CC3)c2=O)cn1,1.6872562
CCN(CC)c1ncnc2c1ncn2Cc1c(Cl)cccc1Cl,3.4497204
COCCNc1nc(N)c2nc(O)n(Cc3ccccc3)c2n1,2.2092795
CCCCSc1nc(N)c2ncn(Cc3c(F)ccc(C)c3F)c2n1,3.739719
Cc1nc(N)c2nc(O)n(Cc3ccccc3)c2n1,1.7261946
Nc1ncnc2c1ncn2Cc1ccccc1,1.7243066
CC1=C(C(=O)O)N2C(=O)[C@@H](NC(=O)[C@H](N)c3ccc(O)cc3)[C@H]2SC1,-1.292438
O=C(N[C@@H](Cc1ccc(N2CCN(c3ccccc3)CC2)cc1)C(=O)O)c1c(Cl)cccc1Cl,0.21476364
Cc1nn(-c2ccccc2)c(NS(=O)(=O)C2CCCCC2)c1C(=O)N[C@@H](C)C(C)(C)C,1.4118221
O=c1[nH]c([C@@H]2CCCN2)nc2c1oc1ccc(Br)cc12,2.1248276
O=c1[nH]c([C@@H]2CCCN2)nc2c1oc1ccc(Cl)cc12,2.0020611
O=c1oc(-c2ccccc2)cc2ccccc12,3.3955572
COc1cc2ncnc(Nc3cccc(Cl)c3F)c2cc1CN1CCC[C@H]1CC(N)=O,2.9696672
COc1cc2ncnc(Nc3cccc(Cl)c3F)c2cc1CN1CCC[C@@H]1C(N)=O,3.2797036
COc1cc2ncnc(Nc3cccc(Cl)c3F)c2cc1CN1CCC[C@H]1C(N)=O,3.326562
COc1cc2ncnc(Nc3cccc(Cl)c3F)c2cc1CN1C[C@H](OC)C[C@@H]1C(N)=O,3.315949
CNC(=O)[C@H]1CCCN1Cc1cc2c(Nc3cccc(Cl)c3F)ncnc2cc1OC,3.359315
Cc1nc(-c2ccccn2)nc(N2CCCC2)c1Cl,3.1757
Cc1nn(C2CCN(C)CC2)cc1-c1cnc(N)c(-c2nc3ccccc3o2)c1,3.0125277
Nc1ncc(-c2cnn(C3CCN(C(=O)CO)CC3)c2)cc1-c1nc2ccccc2o1,3.1551452
CN1CCC(n2cc(-c3cnc(N)c(-c4nc5ccc(F)cc5o4)c3)cn2)CC1,3.265852
Nc1ncc(-c2cnn(C3CCNCC3)c2)cc1-c1nc2ccccc2o1,1.6762161
COCC(=O)N1CCC(n2cc(-c3cnc(N)c(-c4nc5ccccc5o4)c3)cn2)CC1,3.415298
COc1ccc(Cl)cc1NC(=O)Nc1cnccn1,2.5410366
CC(=O)N1CCN(CCOc2ccc(C3(O)CCN(c4ccc5nnc(C(F)(F)F)n5n4)CC3)cc2)CC1,2.0188854
CC(=O)N1CCN(CCOc2ccc(C3CCN(c4ccc5nnc(C(F)(F)F)n5n4)CC3)cc2)CC1,3.092912
CC(C(=O)N1CCc2ccccc2C1)N1C(=O)c2ccccc2C1=O,1.9207686
c1ccc(-c2nnc(-c3ccccc3)s2)cc1,3.5541654
[O-]c1c2c(nn1-c1ccc(Cl)cc1)c1ccccc1c[n+]2Cc1ccccc1,3.4055896
CN1C2CC(OC(=O)C(CO)c3ccccc3)CC1C1OC12,-0.005559206
CCN(CC)CCOc1ccc(N(C)C(=O)c2ccc(-c3ccc(C(F)(F)F)cc3)cc2)cc1OC,3.4619098
CN(C)N(C)C(=O)[C@@]1(Cc2ccccc2)CCCN(C(=O)[C@@H](Cc2c[nH]c3ccccc23)NC(=O)C(C)(C)N)C1,1.5703542
C[C@H]1CN(c2nc(N3CCOCC3)c3ccc(Nc4ccccc4)nc3n2)C[C@@H](C)O1,3.9121366
CC(C)c1ccc2oc3nc(N)c(C(=O)O)cc3c(=O)c2c1,0.9575492
CCn1cc(C(=O)O)c(=O)c2cc(F)c(N3CCNCC3)cc21,-1.2174363
CCn1cc(C(=O)O)c(=O)c2cc(F)c(N3CCNC(C)C3)c(F)c21,-1.0586057
Nc1nc(CCc2cccc(Br)c2)cc(=O)[nH]1,2.3765233
Cn1c(N)nc(CCc2ccccc2)cc1=O,1.7772318
Nc1nc(CCc2ccccc2)cc(=O)[nH]1,1.5324173
C[C@H]1CN(Cc2cc(Cl)ccc2OCC(=O)O)CCN1C(=O)Cc1ccc(Cl)cc1,1.0621368
C[C@H](Oc1ccc(Cl)cc1CN1CCN(C(=O)Cc2ccc(Cl)cc2)[C@@H](C)C1)C(=O)O,1.1738973
C[C@H]1CN(Cc2cc(Cl)ccc2OCC(=O)O)C[C@@H](C)N1C(=O)Cc1ccccc1,0.71209455
C[C@H]1CN(Cc2cc(Cl)ccc2OCC(=O)O)CCN1C(=O)Cc1cccc(Cl)c1,1.0746977
C[C@H]1CN(Cc2cc(Cl)ccc2CCC(=O)O)CCN1C(=O)Cc1ccccc1,1.2657232
C[C@H]1CN(Cc2cc(Cl)ccc2CC(=O)O)CCN1C(=O)Cc1ccc(Cl)cc1,1.5087898
C[C@H]1CN(Cc2cc(Cl)ccc2OCC(=O)O)CCN1C(=O)Cc1ccccc1Cl,1.038534
C[C@H]1CN(Cc2cc(Cl)ccc2OCC(=O)O)CCN1C(=O)Cc1ccccc1,0.3094827
Cc1ccc(-c2[nH]cnc2C)cc1NC(=O)c1ccc(OCc2ccccn2)cc1,2.9826605
O=C(CC1CCCCCC1)Nc1cccc2c(=O)n([C@H]3CCNC3)ccc12,0.9447986
Cc1ccc(CO)cc1N(C)c1ccnc(Nc2cc(N3CCOCC3)nc(N3CCOCC3)n2)n1,3.1857657
Cc1ccc(-c2cccc([S@]3(=O)=NC(=O)[C@H](C)N3)c2)cc1,1.3481109
C[C@@H]1N[S@](=O)(c2cccc(-c3cccc(C#N)c3)c2)=NC1=O,0.5611211
NCCCCN(Cc1nc2ccccc2[nH]1)C1CCCc2cccnc21,0.7270956
CC(C)C(NC(=O)Cn1c(-c2ccccc2)ccc(NS(=O)(=O)NCc2ccccc2)c1=O)C(=O)C(F)(F)F,2.436224
OC(c1ccccc1)c1cccnc1,1.1317459
O=C(CC1CCCCC1)Nc1c(Cl)ccc2nc(NCCCO)ccc12,3.0400853
CC1CCC(CC(=O)Nc2cccc3ncccc23)CC1,3.112036
O=c1cc(OCc2ccccc2)ccn1-c1ccc2c(cnn2CCN2CCCC2)c1,2.325125
O=C(NC1Cc2ccccc2N(C[C@@H](O)CO)C1=O)c1cc2cc(Cl)ccc2[nH]1,3.048518
O=C(NC1Cc2ccccc2N(CC(CO)CO)C1=O)c1cc2cc(Cl)ccc2[nH]1,3.2545052
NC(=O)c1cccnc1Oc1ccccc1,2.0346293
O=C1CN(C(=O)c2ccco2)C(c2ccccc2)c2cc(Cl)ccc2N1,3.2425098
CN[C@@H](C)C(=O)N[C@H](C(=O)N[C@H]1CCCN(CCCc2ccccc2)C1)C1CCCCC1,1.8943393
Nc1nc(-c2ccccc2)nc2c1nc(O)n2Cc1ccccc1,3.3519077
O=C(COc1ccccc1)N1CCOCC1,1.0285476
Cc1oc(-c2ccccc2)cc1C(=O)Nc1cccc(C(=O)O)c1,1.3303237
CCC(c1nc2sccc2c(=O)n1Cc1ccccc1)N(CCCN)C(=O)c1ccc(C)cc1,1.7971126
CN1CCc2c1nc1ccccc1c2NC(=O)Cc1ccccc1,3.356637
CCCSc1ncccc1C(=O)N(C)C1CCOCC1,1.8793494
Nc1ncc(-c2cnn(C3CCOCC3)c2)cc1-c1nc2ccccc2o1,3.581243
O=C(O)c1ccc(NC(=O)c2cc(OCc3ccccc3F)cc(OCc3ccccc3F)c2)nc1,2.7208304
O=C(O)c1ccc(NC(=O)c2cc(OCc3ccccc3)cc(OCc3ccccc3)c2)nc1,2.1597774
CC(C(=O)O)c1ccc2oc(-c3ccc(Cl)cc3)nc2c1,1.5275782
Oc1ccc(-c2nc3cc(O)ccc3o2)cc1,3.3083367
NC(=O)c1cc(O)cc2nc(-c3ccc(O)cc3)oc12,2.379414
N#Cc1cc(O)cc2nc(-c3ccc(O)cc3)oc12,2.872226
Oc1ccc(-c2nc3ccc(O)cc3o2)cc1,3.3074694
CCCSc1nc2ccc(NC(=O)CCC(=O)O)cc2s1,0.7293197
Nc1nc2ccccc2s1,2.0589676
NCCc1ccc(O)c2nc(O)sc12,-0.22428322
Nc1nc2ccc(OC(F)(F)F)cc2s1,3.291884
NS(=O)(=O)c1nc2ccccc2s1,1.2797189
Nc1nc2ccc(F)cc2s1,2.3080401
CCOc1ccc2nc(NC(=O)CC)sc2c1,3.2182248
Cc1nc2ccc(NC(=O)CCNC(N)=O)cc2s1,0.5842018
CCCSc1nc2ccc(NC(=O)CCNC(N)=O)cc2s1,2.5277615
CCOc1ccc2nc(N)sc2c1,2.501363
COc1cccc2c1c(NS(=O)(=O)c1ccc(Cl)s1)nn2Cc1cccc(CNC(=O)C(C)(C)O)c1,2.103868
COc1ccc(COc2ccc(Cc3cnc(N)nc3N)cc2OC)cc1,2.6342456
O=c1cc(O)oc2c1c(=O)n(Cc1ccccc1)c1ccccc21,1.90697
c1ccc2[nH]c(CCCc3nc4ccccc4[nH]3)nc2c1,3.3060699
COc1cccc(Nc2nc(NCC3CCCO3)c3ccccc3n2)c1,3.6570601
O=C(c1cc(Cc2n[nH]c(=O)c3ccccc23)ccc1F)N1CCN(C(=O)C2CCOC2)CC1,0.90672743
Nc1n[nH]c(Nc2ccccc2)n1,1.1192077
O=C(N[C@H]1CN2CCC1CC2)c1ccc(-c2ccccn2)s1,0.99331355
N=C(NCc1ccc(Cl)cc1)SCCCc1c[nH]cn1,1.1779139
COCCC(Oc1ncnc2c1cnn2-c1ccccc1C(F)(F)F)C(=O)Nc1ccc(C)cn1,3.5406804
COCC[C@H](Oc1ncnc2c1cnn2-c1ccccc1Cl)C(=O)Nc1ccc(C)cn1,3.2680223
COc1ccc2c(c1)C(c1ccccc1)=NC(NC(=O)c1ccccc1OC)C(=O)N2,3.3834887
c1ccc(-c2cc(NCCCCCCCCNc3cc(-c4ccccc4)nc4ccccc34)c3ccccc3n2)cc1,4.6376114
