smiles,y
O=C(NCC1CCOCC1)c1nc(OS(=O)(=O)CCC(F)(F)F)ccc1NC(=O)c1ccc(Cn2ccnn2)c2ccccc12,3.74335
O=[N+]([O-])c1ccc(C=NO)o1,0.34087574
CNC(=C[N+](=O)[O-])NCCSCc1ccc(CN(C)C)o1,-0.76072145
CCN(CC)CCOc1ccc(C(O)(Cc2ccc(Cl)cc2)c2ccc(C)cc2)cc1,3.7482595
CCN(C(=O)Cc1ccc(S(C)(=O)=O)cc1)C1CCN(CCC(c2ccccc2)c2ccc(NC(=O)Cc3ccccc3)cc2)CC1,3.4505305
COc1ccc(/C=C2/CCc3ccccc3C2=O)cc1CN1CCOCC1,3.5543203
CCNCc1cncc(-c2ccc(F)cc2OC)n1,1.64472
COCCNCc1cncc(-c2ccc(F)cc2OC)n1,1.4439642
Nc1ncc(-c2ccc(F)cc2)[nH]1,1.7323842
NS(=O)(=O)c1cc(C(=O)O)c(NCc2ccco2)cc1Cl,-0.5838387
Clc1ccc(C2=CSC3=NCCN23)cc1Cl,1.63217
CC(C)N1CCN(C(=O)NCc2ccc(Cl)c(Cl)c2)CC1,2.973529
CC1(C)Oc2ncnc(N)c2N=C1c1ccc([C@H]2CC[C@H](CC(=O)O)CC2)cc1,1.5387444
O=S(=O)(CCCOCCc1cc2ccccc2o1)CCNCCc1ccc(O)c2nc(O)sc12,2.6689982
CCC(c1nc2ccsc2c(=O)n1Cc1ccccc1)N(CCCN)C(=O)c1ccc(C)nc1,0.7232269
CS(=O)(=O)Cc1cc(N2CCOCC2)nc(-c2ccc(NS(C)(=O)=O)cc2)n1,1.0980111
CS(=O)(=O)Cc1cc(N2CCOCC2)nc(-c2cccc(CO)c2)n1,1.2932804
CSCc1cc(N2CCOCC2)nc(-c2ccccc2)n1,3.2171335
CS(=O)(=O)Cc1cc(N2CCOCC2)nc(-c2ccccc2)n1,1.9003099
O=c1[nH]c2cc(Cl)ccc2c(O)c1-c1cccc(Oc2ccccc2)c1,3.7666159
Nc1c(C(=O)c2cccc(OC[C@@H](O)CO)c2)cnn1-c1ccc(F)cc1,1.8321157
Nc1c(C(=O)c2cccc(OC[C@H](O)CO)c2)cnn1-c1ccc(F)cc1,1.9146703
O=C(c1cccc(Cc2n[nH]c(=O)c3ccccc23)c1)N1CCN(c2ccccn2)CC1,2.4998865
O=C(c1cc(Cc2n[nH]c(=O)c3ccccc23)ccc1F)N1CCN(c2ccccn2)CC1,2.6383264
COc1ccc(-c2nc3c(NCCCNC(=O)C4CCCC4)c(C(N)=O)cnc3[nH]2)cc1,2.4223557
COc1ccc2nc(C)cc(-n3cc(CN4CCN(C(C)=O)CC4)nn3)c2c1,1.5621974
O=C(O)COc1ccc(Cl)cc1C1CCCCC1,0.79460394
CN(c1ccnc(Nc2cccc(S(C)(=O)=O)c2)n1)c1cccc2[nH]ncc12,3.2499871
NS(=O)(=O)c1cccc(Nc2nccc(Nc3cccc4[nH]ncc34)n2)c1,2.669957
CS(=O)(=O)c1cccc(Nc2nccc(Nc3cccc4[nH]ncc34)n2)c1,2.9849942
CCOC(=O)c1ccc(COC2CN(c3ccc(C)nn3)C2)cc1,2.788993
COc1cc2ncnc(Nc3cccc(Cl)c3F)c2cc1CN(C)[C@H](C)C(N)=O,3.198547
c1ccc(Nc2ncnc3ccccc23)cc1,3.0033767
Cc1cccc(Nc2ncnc3ccccc23)c1,3.2900813
COc1cc2ncnc(Nc3cccc(O)c3)c2cc1OC,2.8302073
COc1cc2ncnc(Nc3cccc(C)c3)c2cc1OC,3.3261814
COc1cc2ncnc(Nc3ccc(F)c(Cl)c3)c2cc1OCCCN(C)C,2.6768909
COc1cc2ncnc(Nc3ccc(F)c(Cl)c3)c2cc1OCCN(C)C,3.0045617
COc1cc2ncnc(Nc3ccc(F)c(Cl)c3)c2cc1OC,3.531877
C#Cc1cccc(Nc2ncnc3cc(OCCOC)c(OCCOC)cc23)c1,3.5187087
COc1cc2ncnc(Nc3ccc(Cl)c(O)c3)c2cc1OC,3.2583573
Nc1ccc2ncnc(Nc3ccc(F)c(Cl)c3)c2c1,3.2024312
Cc1ccccc1Nc1ncnc2ccccc12,3.2363925
Clc1cccc(Nc2ncnc3ccccc23)c1,3.4281168
COc1cc2ncnc(Nc3cccc(Cl)c3F)c2cc1CN(C)[C@@H](C)C(N)=O,3.254599
COc1cc2ncnc(Nc3ccccc3)c2cc1OC,3.0219648
C=CC(=O)Nc1ccc2ncnc(Nc3cccc(C)c3)c2c1,3.2418518
COc1cc2ncnc(Nc3ccc(F)cc3)c2cc1OC,3.2634578
COc1cccc(Nc2ncnc3cc(OC)c(OC)cc23)c1,3.1180377
Cn1cc[nH]c1=S,0.04369545
CCN(CC)c1ncnc2c1ncn2Cc1c(Cl)cccc1Cl,3.3495154
COCCNc1nc(N)c2nc(O)n(Cc3ccccc3)c2n1,2.3343894
CCCCSc1nc(N)c2ncn(Cc3c(F)ccc(C)c3F)c2n1,3.7714162
Cc1nc(N)c2nc(O)n(Cc3ccccc3)c2n1,1.5929058
Nc1ncnc2c1ncn2Cc1ccccc1,1.8143045
CN1CCN(C(=O)c2ccc(C(=C3CCN(Cc4cscn4)CC3)c3cccc4cccnc34)cc2)CC1,2.0351086
Cc1ccc(-n2c(C)cc(C(=O)NS(=O)(=O)c3ccc(C)cc3)c2C)cc1,1.560037
COCCC(Oc1ncnc2c1cnn2-c1ccccc1C(F)(F)F)C(=O)Nc1ccc(C)cn1,3.5039883
COCC[C@H](Oc1ncnc2c1cnn2-c1ccccc1Cl)C(=O)Nc1ccc(C)cn1,3.3617682
CN(C)C(=O)N[C@H]1CC[C@H](CCN2[C@H]3CC[C@@H]2C[C@H](Oc2cccc(C(N)=O)c2)C3)CC1,0.37764585
CN(C)C(=O)N[C@H]1CC[C@@H](CCN2[C@H]3CC[C@@H]2C[C@H](Oc2cccc(C(N)=O)c2)C3)CC1,0.13636184
Oc1ccc(-c2nc3ccccc3nc2-c2ccc(O)cc2)cc1,3.3965244
N#CC1(NC(=O)[C@@H]2CCCC[C@H]2C(=O)N2CCN(c3nc4cnccc4s3)CC2)CC1,1.6768705
CC(C)(C)OC(=O)N1C[C@@H]2CC[C@H]1CN2c1ncc(OCc2ccc(S(C)(=O)=O)cc2)cn1,3.534163
Cc1ccc(NC(=O)c2ccnc(N3CCOCC3)c2)cc1Nc1ccnc(N(C)C2CCN(C)CC2)n1,2.3958898
CC(C)(C)C(O)/C(=C\c1ccc(Cl)cc1Cl)n1cncn1,3.4153566
C(=C/c1nn[nH]n1)\c1ccccc1,0.26006305
CC(C)(C)NS(=O)(=O)c1cncc(-c2ccc3nc(NC(=O)NCC(=O)N4CCCC4)nn3c2)c1,1.1916754
CC(C)COCC(CN(Cc1ccccc1)c1ccccc1)N1CCCC1,3.1021268
c1ccc(Nc2cc(Nc3ccccc3)[nH]n2)cc1,3.2552657
COCCN1CCC(Cc2ccc(C(=O)NCc3cnc(C#N)nc3NCC(C)(C)C)cc2)CC1,3.156241
COc1cc2c(Nc3ccc(NC(=O)c4ccccc4)cc3)ncnc2cc1OCCCN1CCOCC1,3.1567998
O=C(c1ccc(F)cc1)C1CCN(CCn2c(=O)[nH]c3ccccc3c2=O)CC1,2.899053
O=C(N[C@@H](Cc1ccc(C#CCCNc2ccccn2)cc1)C(=O)O)c1c(Cl)cccc1Cl,0.34596074
CC(C)Oc1ccc(S(C)(=O)=O)cc1C(=O)N1CCN(c2ccc(C(F)(F)F)cc2)CC1,3.1921587
Nc1nc(-c2ccccn2)nc(N)c1Cc1ccccc1F,2.2515044
N#Cc1c(N)nc2c(c1N)CC(COc1ccccc1)O2,2.3639596
Cc1ccc(NC(=O)c2cccc(N3CCOCC3)c2)cc1NC(=O)c1ccc(OCc2ccncc2)cc1,3.3517742
CC(C)c1ccc(Sc2cnc(O)c(C(=O)NCc3ccccc3)c2)cc1,3.537748
COC(=O)COc1ccc(C(=O)Nc2ccc(F)cc2)cn1,2.5237472
O=C(O)Cc1csc(-c2ccc(Cl)cc2)n1,0.2808249
Cc1nc(-c2ccc(OCC(C)C)c(C#N)c2)sc1C(=O)O,0.9802942
CCCCC1=NC2(CCCC2)C(=O)N1Cc1ccc(-c2ccccc2-c2nn[nH]n2)cc1,1.445739
CC(C)(CS(=O)(=O)N1CCN(c2ccc(F)cc2)CC1)N(O)C=O,1.1311356
OCC(O)CN1CCN(c2ccccc2)CC1,0.37610257
O=C(O)c1ccccc1Cn1nnc(-c2cccc(OCc3ccc4ccccc4n3)c2)n1,1.3931584
O=c1ccoc2cc(OCc3ccccc3)ccc12,3.2215848
O=c1cc(O)oc2c1c(=O)n(-c1ccccc1)c1ccccc21,1.6588217
CC(=O)N1CCN(c2ccc(NC(=O)c3nnc(Nc4ccccc4F)o3)cc2)CC1,2.6505177
Cc1ccc(CO)cc1N(C)c1ccnc(Nc2cc(C(=O)N3CCOCC3)cc(N3CCOCC3)c2)n1,2.932905
COc1ncc2ccc(=O)n(CCN3CCC(NCc4cc5c(cn4)OCCO5)CC3)c2n1,0.64092004
CCN1CCN(C(=O)c2cc3ccccc3[nH]2)CC1,1.6907707
CCN1CCN(C(=O)c2cc3cc(Cl)ccc3[nH]2)CC1,2.4800851
COc1ccc2[nH]c(C(=O)N3CCN(C)CC3)cc2c1,1.6885929
CC1CN(C(=O)c2cc3ccccc3[nH]2)CCN1,0.622046
O=C(c1cc2ccccc2[nH]1)N1CCNCC1,0.3300315
CN1CCN(C(=O)c2cc3ccccc3[nH]2)CC1,1.6136019
CN1CCN(C(=O)c2cc3ccccc3n2C)CC1,1.480068
O=C(c1cc2cc(Cl)ccc2[nH]1)N1CCNCC1,1.0946015
CN1CCN(C(=O)c2cc3cc(Cl)ccc3[nH]2)CC1,2.4029164
CN1CCN(C(=O)c2cc3cc(F)ccc3[nH]2)CC1,1.865691
CCN1CCN(C(=O)c2cc3cc(F)ccc3[nH]2)CC1,1.9428599
CN1CCN(C(=O)c2cc3cc(Br)ccc3[nH]2)CC1,2.4867358
Cc1ccc2[nH]c(C(=O)N3CCN(C)CC3)cc2c1,2.0388968
O=C(NCc1ccncn1)c1ccc(Oc2ccc(C#C[C@@]3(O)CN4CCC3CC4)cc2)cc1,1.7635356
O=C(NCc1ccncn1)c1ccc(Oc2ccc(C#C[C@]3(O)CN4CCC3CC4)cc2)cc1,1.8220816
O=C(CSc1ccccc1)N1CCN(c2ccccc2)CC1,3.196774
CC(C)C(NC(=O)Cn1c(-c2ccccc2)ccc(NC(=O)NCc2ccc[n+]([O-])c2)c1=O)C(=O)C(F)(F)F,1.3569212
CN(C)c1ccnc2sc3c(=O)n(-c4ccccc4)cnc3c12,2.8287578
Oc1cc(-c2ccccc2)nc2ncnn12,0.4207281
CC(C)(C)OC(=O)N1CCC(c2ncc(OCc3ccc(S(C)(=O)=O)cc3)cn2)CC1,2.964952
O=C(OC1CN2CCC1CC2)C(O)(c1ccccc1)c1ccccc1,1.1602533
CCN1C(=O)N(C)c2cnc(Nc3ccc(C(=O)NC4CCN(C)CC4)cc3OC)nc2N1C1CCCC1,2.4902487
COC1(c2cc(F)cc(OCc3ccc4c(ccc(=O)n4C)c3)c2)CCOCC1,3.3760548
CCn1c(=O)ccc2cc(COc3cc(F)cc(C4(OC)CCOCC4)c3)ccc21,3.562962
COC[C@H](O)Cn1c(=O)cnn(-c2ccc(Cl)c(C(=O)NCC3(O)CCCCCC3)c2)c1=O,1.2346425
O=C(NCC1(O)CCCCCC1)c1cc(-n2ncc(=O)[nH]c2=O)ccc1Cl,0.5987257
COC[C@@H](O)Cn1c(=O)cnn(-c2ccc(Cl)c(C(=O)NCC3(O)CCCCCC3)c2)c1=O,1.3959997
COc1ccc(-c2nc3c(NCC4CCNCC4)c(Br)cnc3[nH]2)cc1,1.1988683
Cc1[nH]c2ccccc2c1CCNCc1ccc(/C=C/C(=O)NO)cc1,1.0207578
Cc1ccc2c(c1)c([S+]([O-])c1ccc(Cl)cc1)c(C)n2CC(=O)O,0.33544183
COc1ccc(-n2cnc3cc(NS(=O)(=O)c4ccccc4)ccc32)cc1,3.2318842
CN(C)CCNc1cc(-c2ccccc2)nc2cc(-c3ccc(F)cc3)nn12,3.189824
C[C@@H](Oc1cccc2ncnc(Nc3ccc4c(cnn4Cc4ccccn4)c3)c12)C(=O)N1CCOCC1,3.1569057
CCCc1cc(OCc2ccccc2)cc(=O)n1Cc1ccc(-c2ccccc2-c2nn[nH]n2)cc1,2.8822267
COc1cc2c(Nc3cnc(NC(=O)c4ccccc4)nc3)ncnc2cc1OCCCN1CCOCC1,2.7190514
CCCc1c(OCc2ccc(C(=O)O)cc2)ccc(C(C)=O)c1O,1.9814821
CNCC[C@H](Oc1ccc(C(F)(F)F)cc1)c1ccccc1,1.5882978
CNCC[C@@H](Oc1cc(C(F)(F)F)ccc1C#N)c1ccccc1,1.1661725
N#Cc1cc(F)c(Cl)cc1O[C@H](CCN)c1ccccc1,0.9525933
N#Cc1ccc(Cl)cc1O[C@H](CCN)c1ccccc1,0.7070451
Nc1ccc(OCc2ccccc2)cc1,2.4282649
CNCCC(Oc1ccc(C(F)(F)F)cc1)c1ccccc1,1.735272
CNCC[C@@H](Oc1ccc(C(F)(F)F)cc1)c1ccccc1,1.5703833
CNCC[C@@H](Oc1cc(OC)ccc1C#N)c1ccccc1,0.45644867
CNCCC(Oc1ccccc1OC)c1ccccc1,0.7979331
NC(=O)c1ccccc1OCc1ccccc1,2.3968515
CCCc1c(OCc2ccc(C(=O)O)c(Br)c2)ccc(C(C)=O)c1O,2.3590782
O=C(Cc1ccc(OCc2ccccc2)cc1)NO,2.0396702
CNCC[C@@H](Oc1ccccc1C)c1ccccc1,1.1067799
OCCNCc1cc(Br)ccc1OCc1ccc(Cl)cc1,2.8406277
O=C(O)CCc1ccc(OCc2cccc(Br)c2)cc1,1.7868489
N#Cc1cc(Cl)ccc1O[C@H](CCN)c1ccccc1,1.0039248
O=C(NNc1cccc(Cl)c1)c1cccnc1Cl,2.2013485
O=C(O)c1ccc(NC(=O)c2cc(OCc3ccccc3F)cc(OCc3ccccc3F)c2)nc1,2.6720781
O=C(O)c1ccc(NC(=O)c2cc(OCc3ccccc3)cc(OCc3ccccc3)c2)nc1,2.189879
C[C@H]([C@H](O)c1ccc(O)cc1)N1CCC(O)(c2ccccc2)CC1,1.120516
c1ccc(-c2n[nH]c(-c3ccncc3)n2)nc1,1.3638463
Clc1ccc2ncc(-c3cccc(NC4CNC4)n3)n2c1,1.6685942
COc1cc2c(ccc(=O)n2CCN2CCC(NCc3cc4c(cn3)OCCO4)CC2)cn1,0.85896754
CC(C)(C)OC(=O)N1CCN(c2ccc(OCc3ccc(S(C)(=O)=O)cc3)cn2)CC1,3.3237772
O=C(NCC12CC3CC(CC(C3)C1)C2)c1cc(C2CCNCC2)ccc1Cl,1.9119214
CN[C@@H](C)C(=O)N[C@H](C(=O)N[C@H]1CCCCN(Cc2ccccc2)C1)C1CCCCC1,1.8379322
NC1(c2ccc(-c3nc4ccccc4c(=O)n3-c3ccccc3)cc2)CCC1,1.9895726
COc1ccccc1CN(C(C)=O)c1cnccc1Oc1ccccc1,3.339342
O=C(c1cc(Cc2n[nH]c(=O)c3ccccc23)ccc1F)N1CCN(C(=O)C2CCOC2)CC1,1.1076965
COc1cc(C(=O)O)ccc1Cc1cn(C)c2ccc(NC(=O)CC3CCCC3)cc12,1.7884582
C#CC(C)(C)NC(=O)c1sccc1Oc1ccc(F)cc1[N+](=O)[O-],3.247312
Nc1nc(Nc2ccc3nc(-c4ccc(F)cc4)cc(N)c3c2)cc(-c2ccc(C(F)(F)F)cc2)n1,3.939753
Nc1nc(Nc2ccc3nc(-c4ccc(F)cc4)cc(N)c3c2)cc(-c2cccc(Cl)c2)n1,3.9197588
O=S(=O)(Nc1ccccc1-c1ccccc1)c1ccccc1,3.276136
c1ccc2[nH]c(CCc3nc4ccccc4[nH]3)nc2c1,2.9720268
C[C@@H]1C[C@H]2[C@@H]3CCC4=CC(=O)C=C[C@]4(C)[C@@]3(F)[C@@H](O)C[C@]2(C)[C@@]1(O)C(=O)CO,2.0583692
CC(=O)[C@@]1(O)CC[C@H]2[C@@H]3C[C@H](C)C4=CC(=O)C=C[C@]4(C)[C@@]3(F)[C@@H](O)C[C@@]21C,2.585008
C[C@H]1C[C@H]2[C@@H]3CC[C@](O)(C(=O)CO)[C@@]3(C)C[C@H](O)[C@@H]2[C@@]2(C)C=CC(=O)C=C12,1.837784
CC(C)C(NC(=O)Cn1c(-c2ccccc2)ccc(NC(=O)NCc2cccnc2)c1=O)C(=O)C(F)(F)F,2.6747968
CCN(CCN(C)C)S(=O)(=O)c1ccc(-c2cnc(N)c(C(=O)Nc3cccnc3)n2)cc1,2.0522962
COCCNS(=O)(=O)c1ccc(-c2cnc(N)c(C(=O)Nc3cccnc3)n2)cc1,2.2219713
Nc1nc(N)c(C(=O)Nc2ccccn2)nc1Cl,1.7813658
CCCN[C@H]1CCc2nc(N)sc2C1,0.71860445
Oc1ncc(NCc2ccccc2)c(O)n1,1.0886536
NC(=O)c1nnn(-c2ccccc2)c1N,1.1219081
CCCc1c(OCCCOc2ccc3c(=O)cc(C(=O)O)oc3c2CCC)ccc(C(C)=O)c1O,2.8630738
Cc1ccc(C(=O)NC2CCC2)cc1-n1cnc2ccc(N3CCN(C)CC3)cc2c1=O,1.9193509
CN1CCc2c1nc1ccccc1c2NC(=O)Cc1ccccc1,3.3011909
C1=CCC(c2ccc3ccccc3c2)CNC1,1.4625533
COc1cc2ncc(C(N)=O)c(Nc3ccc(F)cc3F)c2cc1NCCN1CCCCC1,2.3810074
C[C@H](CO)Nc1nc(SCc2cccc(F)c2F)nc2nc(N)cnc12,3.0225115
C[C@H](CO)Nc1nc(SCc2cccc(F)c2F)nc2nccnc12,3.1179364
Cc1cnc2c(N[C@H](C)CO)nc(SCc3cccc(F)c3F)nc2n1,3.3075223
Cc1cnc2nc(SCc3cccc(F)c3F)nc(N[C@H](C)CO)c2n1,3.2764068
CN1CCN(c2cc3c(Nc4ccc(F)cc4F)c(C(N)=O)cnc3cc2F)CC1,2.7327485
COc1cc2ncc(C(N)=O)c(Nc3ccc(F)cc3F)c2cc1N1CCN(C)CC1,2.5267725
COCCOc1cc2ncc(C(N)=O)c(Nc3ccc(C)cc3F)c2cc1N1CCN(C)CC1,2.775459
CN1CCN(c2ccc3ncc(C(N)=O)c(Nc4ccc(F)cc4F)c3c2)CC1,2.3931184
CN1CCN(c2ccc3ncc(C(N)=O)c(Nc4ccc(Cl)cc4Cl)c3c2)CC1,3.017326
CC(C)(C)OC(=O)N1CCN(c2ccc(OCc3ccc(S(C)(=O)=O)cc3)cc2)CC1,3.4105544
C[C@H]1CN(c2nc(N3CCOC[C@@H]3C)c3ccc(-c4ccccc4)nc3n2)C[C@@H](C)O1,3.980632
COc1ccc(-c2ccc3c(N4CCOCC4)nc(N4C[C@H](C)O[C@H](C)C4)nc3n2)cc1CO,2.9039495
COc1ccc(-c2ccc3c(N4CCOC[C@@H]4C)nc(N4CCOC[C@@H]4C)nc3n2)cc1C(N)=O,3.0329475
CNCc1cccc(-c2ccc3c(N4CCOCC4)nc(N4C[C@H](C)O[C@H](C)C4)nc3n2)c1,1.4535978
C[C@H]1COCCN1c1nc(N2CCOC[C@@H]2C)c2ccc(-c3cccc(C(=O)NCCO)c3)nc2n1,2.5827398
COc1ccc(-c2ccc3c(N4CCOCC4)nc(N4C[C@H](C)O[C@H](C)C4)nc3n2)cc1CNCCO,1.5423286
Cc1cc(N2CCC[C@@H]2C(=O)NCCc2ccc3c(c2)OCO3)nc(-n2ccnc2)n1,2.7666771
N#Cc1cccnc1-c1ccc(C(=O)Nc2ccccc2N)cc1,1.5469385
O=C(c1ccc(F)cc1)C1CCN(C(=O)N2CCOCC2)CC1,1.6229622
NC1(c2ccc(-c3nn4ccccc4c3-c3ccccc3)cc2)CCC1,2.705392
COc1ccc(CCN2CN=C(SCc3ccc(Cl)cc3)NC2)cc1OC,2.034699
O=C1CN(N=Cc2ccc(-c3ccc([N+](=O)[O-])cc3)o2)C(O)=N1,1.2387316
CN1CCCC1c1cccnc1,0.25920367
C[C@H]1O[C@@H](n2cnc3c(N)nc(OC(C4CC4)C(F)(F)F)nc32)[C@H](O)[C@@H]1O,2.1045904
Cc1c(Sc2ccc(Cl)cc2)c2c(-c3cnccn3)cccc2n1CC(=O)O,1.3329499
Cc1csc(NC(=O)c2cc(Sc3nncn3C)ccc2N)n1,2.2668722
CC(=O)Nc1ccc(CNc2[nH]nc3cccc(Oc4ccc(S(C)(=O)=O)cc4)c23)cc1,2.9965239
COc1ccc(OC)c(CNc2[nH]nc3cccc(Oc4ccc(S(C)(=O)=O)cc4)c23)c1,3.469089
CC(=O)Nc1ccc(CNc2[nH]nc3cccc(Oc4ccc(F)cc4)c23)cc1,3.5927842
Nc1cccc(CCc2ccc3cc[nH]c3c2)n1,2.8464417
OC(c1ccccc1)c1cccnc1,1.6054087
Cn1cc(-c2ccc(O)cc2)c(=O)c2c(O)cc(O)cc21,2.7270408
COc1cccc([C@@H](C)NCCCc2ccccc2Cl)c1,3.0372596
Nc1ccccc1NC(=O)c1ccc(CNc2nccc(-c3cccnc3)n2)cc1,2.6031146
C[C@@H](NC1=CC(=O)CC1)c1ccc(Nc2ncc3cc(-c4ccncc4)ccc3n2)cc1,3.2668395
COc1cc(N2CCN(CCO)CC2)ccc1Nc1ncc(Cl)c(-c2cnc3ccccn23)n1,3.2971907
COc1cc(N2CCN(C(C)=O)CC2)ccc1Nc1ncc(Cl)c(-c2cnc3c(C)cccn23)n1,3.5769272
COc1cc(N2CCN(CCS(C)(=O)=O)CC2)ccc1Nc1ncc(Cl)c(-c2cnc3ccccn23)n1,3.37038
COc1cc(N2CCN(C(C)=O)CC2)ccc1Nc1ncc(Cl)c(-c2cnc3ccc(N(C)C)cn23)n1,3.5263953
COc1cc(N2CCN(C(C)=O)CC2)ccc1Nc1nccc(-c2cnc3ccccn23)n1,2.9630435
COc1cc(N2CCN(C(N)=O)CC2)ccc1Nc1ncc(Cl)c(-c2cnc3ccccn23)n1,3.3419957
COc1cc(N2CCN(C(C)=O)CC2)ccc1Nc1ncc(Cl)c(-c2cnc3c(F)cccn23)n1,3.5126681
COc1cc(N2CCN(C(C)=O)CC2)ccc1Nc1ncc(Cl)c(-c2cnc3cc(Cl)ccn23)n1,3.6530557
COc1cc(N2CCN(C(C)=O)CC2)ccc1Nc1ncc(C(F)(F)F)c(-c2cnc3ccccn23)n1,3.503141
COc1cc(N2CCN(C(C)=O)CC2)ccc1Nc1ncc(Cl)c(-c2cnc3c(OC)cccn23)n1,3.4507654
COc1cc(N2CCN(C(C)=O)CC2)ccc1Nc1ncc(Cl)c(-c2cnc3c(F)cc(F)cn23)n1,3.6416726
COc1cc(N2CCN(C(C)=O)CC2)ccc1Nc1ncc(C)c(-c2cnc3ccccn23)n1,3.3449373
CC(=O)N1CCN(c2ccc(Nc3nccc(-c4cnc5ccccn45)n3)cc2)CC1,2.9188106
COc1cc(N2CCN(C(C)=O)CC2)ccc1Nc1ncc(Cl)c(-c2cnc3cc(CO)ccn23)n1,3.1212015
COc1cc(N2CCN(C(C)=O)CC2)ccc1Nc1ncc(C#N)c(-c2cnc3ccccn23)n1,2.6666994
COc1cc(N2CCN(C(C)=O)CC2)ccc1Nc1ncc(OC)c(-c2cnc3ccccn23)n1,3.1606243
COc1cc(N2CCN(C(C)=O)CC2)ccc1Nc1ncc(Cl)c(-c2cnc3cc(C)ccn23)n1,3.6438012
COc1cc(N2CCN(C(C)=O)CC2)ccc1Nc1ncc(Cl)c(-c2cnc3cc(F)ccn23)n1,3.5518172
COc1cc(N2CCN(C(C)=O)CC2)ccc1Nc1ncc(Cl)c(-c2cnc3cc(C#N)ccn23)n1,3.3482933
COc1cc(N2CCN(C(C)=O)CC2)ccc1Nc1ncc(Cl)c(-c2cnc3c(N)cccn23)n1,3.2525558
COc1cc(N2CCN(C(C)=O)CC2)ccc1Nc1ncc(Cl)c(-c2cnc3c(CO)cccn23)n1,3.1059241
COc1cc(N2CCN(C(C)=O)CC2)ccc1Nc1ncc(Br)c(-c2cnc3ccccn23)n1,3.4449177
COc1cc(N2CCN(C(C)=O)CC2)ccc1Nc1ncc(Cl)c(-c2cnc3ccccn23)n1,3.4619944
COc1cc(N2CCNCC2)ccc1Nc1ncc(Cl)c(-c2cnc3ccccn23)n1,2.455027
O=C(c1ccc(OCCN2CCCCC2)cc1)c1c(-c2ccc(O)cc2)sc2cc(O)ccc12,3.8060646
CC(Cc1ccc(O)cc1)NCC(O)c1cc(O)cc(O)c1,0.20632184
COc1ccc(C[C@@H](C)NC[C@H](O)c2ccc(O)c(NC=O)c2)cc1,0.433205
O=c1c2ccccc2[se]n1-c1ccccc1,3.1716862
OC(CCN1CCCCC1)(c1ccccc1)C1CCCCC1,2.371221
COc1ccc(C(=O)C2CCN(C(=O)c3ccco3)CC2)cc1,2.2238529
COc1ccnc(CCc2nc3cc(Br)cnc3[nH]2)c1,2.8157248
COc1ccnc(CCc2nc3c(C)ccnc3[nH]2)c1,2.3091974
COc1ccnc(CCc2nc3cccnc3[nH]2)c1,1.9264262
O=S(=O)(CCCNCCc1ccc(O)c2nc(O)sc12)NCCOCCc1ccc(F)cc1,1.889334
O=S(=O)(CCCNCCc1ccc(O)c2nc(O)sc12)NCCOCCc1cccc(C(F)(F)F)c1,2.378336
O=S(=O)(CCCNCCc1ccc(O)c2nc(O)sc12)NCCOCCc1cccc(Cl)c1,2.2867088
Cc1ccc(CCOCCNS(=O)(=O)CCCNCCc2ccc(O)c3nc(O)sc23)cc1,2.0202506
COc1cc2ncc(C(N)=O)c(Nc3ccc(F)cc3F)c2cc1NCCN1CCOCC1,2.5788245
Nc1cc(C(=O)Nc2cccc(-c3nnn[nH]3)c2)cc(C(F)(F)F)c1,1.0630499
O=C(Nc1cccc(-c2nnn[nH]2)c1)c1cc(O)cc(C(F)(F)F)c1,1.4621559
CC(C)c1nc2ccc(-c3ccc(F)cc3)cc2c(=O)n1C[C@H]1CCCN(C(C)C)C1,3.4279013
Cc1nc2ccc(-c3ccc(Cl)cc3)cc2c(=O)n1C[C@H]1CCCN(C(C)C)C1,3.213902
Cc1cc(CCCOc2c(C)cc(-c3noc(C(F)(F)F)n3)cc2C)on1,3.8318753
CC(C)(C(=O)O)c1ccc(C(O)CCCN2CCC(C(O)(c3ccccc3)c3ccccc3)CC2)cc1,0.4666624
CC(C)(C)c1ccc(C(O)CCCN2CCC(C(O)(c3ccccc3)c3ccccc3)CC2)cc1,3.7409043
O=C(NCC1CCCCN1)c1cc(OCC(F)(F)F)ccc1OCC(F)(F)F,1.6698604
O=c1[nH]n(C(c2ccccn2)C2CCCC2)c(=O)c2c(O)c3ccc(Cl)cc3nc12,1.7567679
NC(=O)c1cnc(N[C@H]2CCCNC2)c2cc(Br)sc12,1.0883651
CCC(=O)N[C@H]1CC[C@@H](C(=O)N(C)c2ccc(-c3nc4ccccc4o3)cc2)C1,3.321982
CC1(C)NC(=O)N(c2ccc([N+](=O)[O-])c(C(F)(F)F)c2)C1=O,2.0356994
CC[C@H]1OC(=O)[C@H](C)[C@@H](O[C@H]2C[C@@](C)(OC)[C@@H](O)[C@H](C)O2)[C@H](C)[C@@H](O[C@@H]2O[C@H](C)C[C@H](N(C)C)[C@H]2O)[C@](C)(O)C[C@@H](C)/C(=N\OCOCCOC)[C@H](C)[C@@H](O)[C@]1(C)O,1.4133412
COc1cnc(-c2ccccn2)nc1N(C)c1ccccc1,2.9138312
CS(=O)(=O)c1ccc(C(CCNC(=O)c2ccc(C#N)cc2)c2ccc(F)cc2)cc1,2.608834
CS(=O)(=O)C1(c2cc(N3CC4CCC(C3)O4)nc(-c3cccc4[nH]ccc34)n2)CC1,2.9283142
COc1cc(O)ccc1/C=C1\CCCN=C1c1cccnc1,1.9801536
COc1ccc(C(=O)NCc2cccnc2)cc1C(=O)NCc1cccnc1,1.2940838
COc1cc(Nc2c(C#N)cnc3cc(OCCCN4CCN(C)CC4)c(OC)cc23)c(Cl)cc1Cl,3.0397391
COc1cc2c(Nc3ccc(F)c(Cl)c3)c(C(N)=O)cnc2cc1OCCCN1CCN(C)CC1,2.6828249
CC1(C)N=C(N)N=C(N)N1c1ccc(Oc2ccc(Cl)cc2)c(Cl)c1,0.6774502
NC1(C(=O)NC(Cc2ccccc2)c2ccc(Cl)cc2)CCN(c2ncnc3[nH]ccc23)CC1,3.7009168
Nc1ncnc2sc(-c3c(-c4ccccc4)ncn3C[C@H]3CCCO3)nc12,3.1168704
COc1cc2nc(N3CCN(C(=O)c4ccco4)CC3)nc(N)c2cc1OC,2.1725528
CC(C)CC(N(C)C)C1(c2ccc(Cl)cc2)CCC1,3.213589
COc1cc(OC)c(S(=O)(=O)N2c3ccccc3Oc3ccccc32)cc1NC(=O)CCC(=O)O,-0.3914852
COc1cc(OC)c(S(=O)(=O)N2c3ccccc3Oc3ccccc32)cc1NC(=O)/C=C/C(=O)O,-0.17756748
COc1ccccc1CN[C@H]1CCCN[C@H]1c1ccccc1,1.3130188
COc1ccc(OC(F)(F)F)cc1CN[C@H]1CCCN[C@H]1c1ccccc1,2.8111956
N#CC1(NC(=O)[C@@H]2CCCC[C@H]2C(=O)N2CCN(c3nc4c(s3)COCC4)CC2)CC1,1.5890357
CC1(C)COCc2sc(N3CCN(C(=O)[C@@H]4CCCC[C@H]4C(=O)NC4(C#N)CC4)CC3)nc21,2.4088702
O=C(Nc1ccccc1-c1ccccc1)OC1CCN(CCCCCCCCCNC[C@H](O)c2ccc(O)c3[nH]c(=O)ccc23)CC1,1.998222
COc1ccc(C(C)NC(=O)C2(N)CCN(c3ncnc4[nH]ccc34)CC2)cc1OC,2.0555158
CC(NC(=O)C1(N)CCN(c2ncnc3[nH]ccc23)CC1)c1ccc(Cl)cc1,2.7798276
CN(C)C(=O)CC(NC(=O)C1(N)CCN(c2ncnc3[nH]ccc23)CC1)c1ccc(Cl)cc1,2.3737898
CS(=O)(=O)NCCC(NC(=O)C1(N)CCN(c2ncnc3[nH]ccc23)CC1)c1ccc(Cl)cc1,1.7933478
CN(C)CCCC(NC(=O)C1(N)CCN(c2ncnc3[nH]ccc23)CC1)c1ccc(Cl)cc1,1.5121299
CC(NC(=O)C1(N)CCN(c2ncnc3[nH]ccc23)CC1)c1ccc(F)cc1,2.339323
NC1(C(=O)NC(CCO)c2ccc(Cl)cc2)CCN(c2ncnc3[nH]ccc23)CC1,2.214486
CC(NC(=O)C1(N)CCN(c2ncnc3[nH]ccc23)CC1)c1ccc(S(C)(=O)=O)cc1,1.1415986
NC(=O)C(NC(=O)C1(N)CCN(c2ncnc3[nH]ccc23)CC1)c1ccc(Cl)cc1,2.4104676
COCCC(NC(=O)C1(N)CCN(c2ncnc3[nH]ccc23)CC1)c1ccc(Cl)cc1,2.8627415
CS(=O)(=O)NCC(NC(=O)C1(N)CCN(c2ncnc3[nH]ccc23)CC1)c1ccc(Cl)cc1,2.290328
CC(NC(=O)C1(N)CCN(c2ncnc3[nH]ccc23)CC1)c1ccccc1,2.0830076
NC1(C(=O)NC(CS(N)(=O)=O)c2ccc(Cl)cc2)CCN(c2ncnc3[nH]ccc23)CC1,2.4708157
CC(=O)NCC(NC(=O)C1(N)CCN(c2ncnc3[nH]ccc23)CC1)c1ccc(Cl)cc1,2.5046346
C[C@H](NC(=O)C1(N)CCN(c2ncnc3[nH]ccc23)CC1)c1ccc(Cl)cc1,2.798338
NC1(C(=O)NC(CO)c2ccc(Cl)cc2)CCN(c2ncnc3[nH]ccc23)CC1,2.401403
C[C@@H](NC(=O)C1(N)CCN(c2ncnc3[nH]ccc23)CC1)c1ccc(Cl)cc1,2.761073
CN(Cc1ccc(Cl)cc1)C(=O)C1(N)CCN(c2ncnc3[nH]ccc23)CC1,2.539137
NC1(C(=O)NCc2ccc(Cl)cc2)CCN(c2ncnc3[nH]ccc23)CC1,2.8527532
COC(=O)N1CCN(c2ccnc(-n3ccnc3)n2)C(CC(=O)NCc2ccc3c(c2)OCO3)C1,2.3159082
CN(C)CCCn1c2c(c3ccccc31)CCCCCC2,2.9148998
C(#Cc1n[nH]c2ccccc12)c1ccccc1,3.7648768
O=C(Nc1ccc(F)cc1)c1cccnc1Oc1ccccc1,3.499166
O=C1C(=O)N(Cc2ccc(Cl)cc2)c2ccccc21,3.0876462
C=C1C[C@@H]2[C@H](CC[C@]3(C)C(=O)CC[C@@H]23)[C@@]2(C)C=CC(=O)C=C12,3.008737
O=S(=O)(c1ccccc1)C1(c2cc(N3CCOCC3)nc(-c3cccc4[nH]ccc34)n2)CC1,3.5679393
COc1ccc2ncc(F)c(CCN3CCC(NCc4ccc5c(n4)NC(=O)CO5)CC3)c2n1,1.3343811
Cc1cc(N)nc(CCNC(=O)c2ccc(C#N)cc2)c1,1.4502323
Nc1ccc(Cl)c(-c2nc3ncccc3o2)c1,2.3136847
CCCC(=O)Nc1ccc(Cl)c(-c2nc3ncccc3o2)c1,3.1907551
CC(C)[C@H](NC(=O)C[C@H](NC(=O)/C=C/c1ccccc1)c1ccccc1)C(=O)[C@@H]1C(=O)NC(=O)[C@H]1C,2.2628863
CN(C)CCCNS(=O)(=O)c1ccc(Nc2nccc(-c3cnc4cccnn34)n2)cc1,1.2552248
CNS(=O)(=O)c1ccc(Nc2nccc(-c3cnc4cccnn34)n2)cc1,2.84049
COCCNS(=O)(=O)c1ccc(Nc2nccc(-c3cnc4cccnn34)n2)cc1,2.7490635
CCOC(=O)C1=C(C)NC(C)=C(C(C)=O)[C@H]1c1cccc2c(=O)cc(C)oc12,3.1606278
CCCN1CCN(c2ccc(C(=O)NC3(C(=O)NCC#N)CCCCC3)cc2)CC1,1.3357701
Cc1ccc(C(NC(=O)c2ccccc2O)C(=O)Nc2c(C)cccc2C)s1,3.6332505
O=C(NCCN1CCCC1)c1ccc(Nc2ncc3cc(-c4ccncc4)ccc3n2)cc1,2.1775384
CC(=O)Nc1ccccn1,0.8087591
CCc1cc(C(N)=S)ccn1,0.86333656
Cc1ncc(CO)c(CO)c1O,-0.39218163
Cc1cc(C)nc(N)c1,1.3624296
CC(C)NNC(=O)c1ccncc1,-0.37957382
NNC(=O)c1ccncc1,-0.43382263
NC(=O)c1cccc([S+]([O-])[C@@H]2C[C@@H]3CC[C@H](C2)N3Cc2ccccc2)c1,0.6697446
CN1C(=O)CC(c2ccccc2)C1=O,1.1307601
CC(=O)N1CCN(c2nc(C#N)nc(NCC(C)C)c2N)CC1,2.527299
CC(C)CNc1nc(C#N)nc(N2CCNCC2)c1N,1.1790059
Cc1oc(-c2ccc(Cl)cc2)cc1C(=O)O,1.3342065
CCOc1ccc(-n2c([C@@H](C)N(Cc3cccnc3)C(=O)Cc3ccc(OC(F)(F)F)cc3)nc3ncccc3c2=O)cc1,3.3363853
Clc1cccc(Cl)c1/C(=C/n1cncn1)OC1CCCCCC1,3.938884
CSc1ncccc1C(=O)NCC1CCCCC1,3.0282307
Cc1ncc(-c2ccnc(Nc3ccc(C(=O)NC4CC4)cc3)n2)n1C(C)C,2.820668
Clc1ccc2c(c1Nc1ncnc3cc(OCCN4CCCC4)cc(OC4CCOCC4)c13)OCO2,2.6965792
O=C(O)C[C@@H]1c2ccccc2C[C@H]1NC(=O)c1cc2cc(Cl)ccc2[nH]1,1.9653156
O=C(O)C[C@@H]1c2ccccc2C[C@H]1NC(=O)c1cc2cc(F)ccc2[nH]1,1.4285288
O=C(O)CCC[C@@H]1c2ccccc2C[C@H]1NC(=O)c1cc2cc(F)ccc2[nH]1,2.0303895
Cc1ccc(NC(=O)c2ccc(C#N)cc2)cc1-n1cnc2ccc(N3CCN(C)CC3)cc2c1=O,2.4531336
COc1cccc(C(=O)Nc2ccc(C)c(-n3cnc4ccc(N5CCN(C)CC5)cc4c3=O)c2)c1,2.8447902
Cc1ccc(NC(=O)c2ccccc2F)cc1-n1cnc2ccc(N3CCN(C)CC3)cc2c1=O,2.932013
COc1ccccc1C(=O)Nc1ccc(C)c(-n2cnc3ccc(N4CCN(C)CC4)cc3c2=O)c1,2.9192529
O=c1cc(O)oc2c1c(=O)n(Cc1ccccc1)c1ccccc21,1.9263481
CCN1CCC[C@@H](C(=O)N2CCN(C(=O)Nc3ccc(Cl)c(Cl)c3)CC2)C1,2.0409408
COCc1c(C(C)C)nc(C(C)C)c(/C=C/[C@@H](O)C[C@@H](O)CC(=O)O)c1-c1ccc(F)cc1,1.6754917
c1ccc2c(c1)CCN(c1ccncc1)C2,2.491408
COc1cc(Nc2ncc(C)s2)nc(N[C@@H](C)c2ncc(F)cn2)n1,3.0610502
COc1cc2ncnc(Nc3cccc(Cl)c3F)c2cc1CN1CCC[C@H]1CC(N)=O,3.0324612
COc1cc2ncnc(Nc3cccc(Cl)c3F)c2cc1CN1CCC[C@@H]1C(N)=O,3.2708292
COc1cc2ncnc(Nc3cccc(Cl)c3F)c2cc1CN1CCC[C@H]1C(N)=O,3.3187408
COc1cc2ncnc(Nc3cccc(Cl)c3F)c2cc1CN1C[C@H](OC)C[C@@H]1C(N)=O,3.3327818
CNC(=O)[C@H]1CCCN1Cc1cc2c(Nc3cccc(Cl)c3F)ncnc2cc1OC,3.4059362
COc1cc2ncnc(Nc3ccc(F)c(Cl)c3)c2cc1OCCN1CCN(C)CC1,3.1081321
Fc1cc(-c2cccc3ncc(-c4cnn(C5CCNCC5)c4)nc23)cc(F)c1CN1CCOCC1,1.8147695
NC(=O)C(c1ccccc1)(c1ccccc1)[C@@H]1CCN(CCc2ccc3c(c2)CCO3)C1,2.6785123
Nc1ccccc1NC(=O)c1ccc(N2CCOCC2)cc1,1.2655506
COc1ccc2c(c1)[nH]c1c(C)nccc12,2.766283
O=c1cc(-c2ccccc2)oc2cc(O)cc(O)c12,3.2170794
O=c1cc(-c2ccc(O)cc2)oc2ccc(O)cc12,3.0333173
O=c1cc(-c2ccccc2)oc2ccc(O)cc12,3.2375824
O=c1cc(-c2ccc(O)cc2)oc2cc(O)ccc12,3.0293076
CCc1nc2c(N)nc3ccccc3c2n1CCCCNS(C)(=O)=O,1.3818545
CC(C)Cn1cnc2c(N)nc3ccccc3c21,3.0363083
CCOCc1nc2c(N)nc3ccccc3c2n1CC(C)(C)O,1.7980957
CCCCc1nc2c(N)nc3ccccc3c2n1CC(C)C,3.6099224
CCc1nc2c(N)nc3ccccc3c2n1CC(C)(C)O,1.6869112
CCCCc1nc2c(N)nc3ccccc3c2n1CC(C)(C)O,2.493701
CCc1nc2c(N)nc3ccccc3c2n1CC(C)C,3.2913766
COc1ccc(COc2ccc(Cc3cnc(N)nc3N)cc2OC)cc1,2.7231424
CN[C@@H](C)C(=O)N[C@H]1CN(C(=O)CC(C)C)CC[C@H]2CC[C@@H](C(=O)NC(c3ccccc3)c3ccccc3)N2C1=O,1.8593578
O=c1ccnc2ccccn12,0.6853914
O=c1[nH]c2ccccc2n1CCCN1CCC(n2c(=O)[nH]c3cc(Cl)ccc32)CC1,3.3904767
C[C@@]1(C(=O)Nc2ccc(F)nc2)CCCN1c1nc(Nc2cc(C3CC3)[nH]n2)c2cccn2n1,3.6321836
Cc1onc(-c2ccccc2)c1-c1ccc(S(N)(=O)=O)cc1,2.6663663
O=C(Nc1ccccc1Cl)c1cc[nH]n1,2.4256997
CN[C@@H](C)C(=O)N[C@H](C(=O)N[C@H]1CCCN(CCc2ccccc2)C1)C(C)(C)C,1.2073479
CN[C@@H](C)C(=O)N[C@H](C(=O)N[C@H]1CCCN(CCc2ccc(OC)cc2)C1)C(C)(C)C,1.288187
CN[C@@H](C)C(=O)N[C@H](C(=O)N[C@H]1CCCN(CCc2cccc(OC)c2)C1)C(C)(C)C,1.2454109
CN[C@@H](C)C(=O)N[C@H](C(=O)N[C@H]1CCCN(CCc2ccc(O)cc2)C1)C(C)(C)C,0.953634
CN[C@@H](C)C(=O)N[C@H](C(=O)N[C@H]1CCCN(CCc2ccc(C)cc2)C1)C(C)(C)C,1.6219516
CN[C@@H](C)C(=O)N[C@H](C(=O)N[C@H]1CCCN(CCc2ccc(Br)cc2)C1)C(C)(C)C,2.058322
CN[C@@H](C)C(=O)N[C@H](C(=O)N[C@H]1CCCN(CCc2ccc(F)cc2)C1)C(C)(C)C,1.4662459
CN[C@@H](C)C(=O)N[C@H](C(=O)N[C@H]1CCCN(CCc2ccccc2OC)C1)C(C)(C)C,1.2579687
CN[C@@H](C)C(=O)N[C@H](C(=O)N[C@H]1CCCN(CCc2ccc([N+](=O)[O-])cc2)C1)C(C)(C)C,1.3240528
CN[C@@H](C)C(=O)N[C@H](C(=O)N[C@H]1CCCN(CCc2ccc(C(F)(F)F)cc2)C1)C(C)(C)C,2.0948997
CC(=O)N1CCN(c2ccc(OCC3COC(Cn4ccnc4)(c4ccc(Cl)cc4Cl)O3)cc2)CC1,3.5929956
O=C(NCC12CC3CC(CC(C3)C1)C2)c1cc(CC2CCNCC2)ccc1Cl,1.9956083
c1ccc([C@H]2CN3CCSC3=N2)cc1,0.91332173
Clc1ccc2c(c1Nc1ncnc3cc(OCCCN4CCCC4)cc(OC4CCOCC4)c13)OCO2,2.5409198
c1ccc(-c2cc(NCCCCCCCCNc3cc(-c4ccccc4)nc4ccccc34)c3ccccc3n2)cc1,4.5730944
CCCCC1C(=O)N(c2ccccc2)N(c2ccccc2)C1=O,0.92619526
OCCn1cc(-c2cnc3nnn(Cc4ccc5ncccc5c4)c3n2)cn1,1.6661036
O=C(Nc1ccc(Cl)c(Cl)c1)N1CCN(C[C@H]2CN(C3CC3)CCO2)CC1,2.6934881
O=C(Nc1cccc(Cl)c1)c1ccccn1,3.0594165
Nc1ccccc1NC(=O)c1ccccn1,1.243885
C[C@@H]1CN(c2ccc3c(n2)NC(=O)CO3)[C@H](c2ccccc2)CO1,2.9341648
CC(C)C(NC(=O)Cn1c(-c2ccccc2)ccc(NC(=O)OCc2ccccn2)c1=O)C(=O)C(F)(F)F,2.3985894
Cc1cn([C@H]2CCCN([C@H](C)c3ccc(C(=O)O)c(Oc4cccc(Cl)c4)c3)C2)c(=O)[nH]c1=O,0.050387144
COc1ccc(Oc2cccc(CN3CCCC(n4cc(C)c(=O)[nH]c4=O)C3)c2)cc1,2.6284192
Cc1cn([C@H]2CCCN(Cc3ccc(C(=O)O)c(Oc4cccc(Cl)c4)c3)C2)c(=O)[nH]c1=O,-0.19139314
Cc1cn([C@H]2CCCN(Cc3cccc(Oc4cccc(Br)c4)c3)C2)c(=O)[nH]c1=O,2.9110014
CCC(CC)C[C@H](c1ccc(C(=O)O)c(Oc2cccc(Cl)c2)c1)N1CCC[C@H](n2cc(C)c(=O)[nH]c2=O)C1,1.6827071
CCC(C)(C)C[C@H](c1ccc(C(=O)O)c(Oc2cccc(Cl)c2)c1)N1CCC[C@H](n2cc(C)c(=O)[nH]c2=O)C1,1.6819646
Cc1cn([C@H]2CCCN([C@@H](CC(C)(C)C)c3ccc(C(=O)O)c(Oc4cccc(Br)c4)c3)C2)c(=O)[nH]c1=O,1.2167153
CCC[C@H](c1ccc(C(=O)O)c(Oc2cccc(Cl)c2)c1)N1CCC[C@H](n2cc(C)c(=O)[nH]c2=O)C1,0.9665363
Cc1cn(C2CCCN(Cc3cccc(Oc4ccc(Cl)cc4)c3)C2)c(=O)[nH]c1=O,3.13506
CC[C@H](c1ccc(C(=O)O)c(Oc2cccc(Cl)c2)c1)N1CCC[C@H](n2cc(C)c(=O)[nH]c2=O)C1,0.5684459
Cc1cn(C2CCCN(Cc3cccc(Oc4ccccc4)c3)C2)c(=O)[nH]c1=O,2.5653825
CCC[C@@H](c1ccc(C(=O)O)c(Oc2cccc(Cl)c2)c1)N1CCC[C@H](n2cc(C)c(=O)[nH]c2=O)C1,0.71672475
CCCCC[C@H](c1ccc(C(=O)O)c(Oc2cccc(Br)c2)c1)N1CCC[C@H](n2cc(C)c(=O)[nH]c2=O)C1,1.4323456
CC[C@@H](c1ccc(C(=O)O)c(Oc2cccc(Cl)c2)c1)N1CCC[C@H](n2cc(C)c(=O)[nH]c2=O)C1,0.41129386
Cc1cn([C@H]2CCCN([C@H](CC(C)C)c3ccc(C(=O)O)c(Oc4cccc(Cl)c4)c3)C2)c(=O)[nH]c1=O,1.0497478
Cc1cn([C@H]2CCCN(Cc3ccc(C(=O)O)c(Oc4cccc(F)c4)c3)C2)c(=O)[nH]c1=O,-0.6009271
Cc1cn([C@H]2CCCN(Cc3ccc(C(=O)O)c(Oc4cccc(Br)c4)c3)C2)c(=O)[nH]c1=O,-0.122936964
CCCC(C)(C)C[C@H](c1ccc(C(=O)O)c(Oc2cccc(Cl)c2)c1)N1CCC[C@H](n2cc(C)c(=O)[nH]c2=O)C1,2.041359
Cc1cn([C@H]2CCCN(Cc3ccc(C(=O)O)c(Oc4cccc(C(F)(F)F)c4)c3)C2)c(=O)[nH]c1=O,-0.08891797
Cc1cn([C@H]2CCCN([C@@H](CC(C)C)c3ccc(C(=O)O)c(Oc4cccc(Cl)c4)c3)C2)c(=O)[nH]c1=O,0.940169
CCC(C)(CC)C[C@H](c1ccc(C(=O)O)c(Oc2cccc(Br)c2)c1)N1CCC[C@H](n2cc(C)c(=O)[nH]c2=O)C1,1.960874
Cc1cn([C@H]2CCCN([C@@H](C)c3ccc(C(=O)O)c(Oc4cccc(Cl)c4)c3)C2)c(=O)[nH]c1=O,-0.121688366
Cc1cccc(Oc2cc(CN3CCC[C@H](n4cc(C)c(=O)[nH]c4=O)C3)ccc2C(=O)O)c1,-0.23964095
Cc1ccc(Oc2cccc(CN3CCCC(n4cc(C)c(=O)[nH]c4=O)C3)c2)cc1,2.9623852
Cc1cn([C@H]2CCCN([C@H](CC(C)(C)C)c3ccc(C(=O)O)c(Oc4cccc(Br)c4)c3)C2)c(=O)[nH]c1=O,1.3052418
CCn1cnc(-c2ccccc2)c1-c1nc2c(N)ncnc2s1,3.1198964
Cn1cnc(-c2ccccc2)c1-c1nc2c(N)ncnc2s1,2.712317
CC(C)Cn1cnc(-c2ccccc2)c1-c1nc2c(N)ncnc2s1,3.4684026
C#CCn1c(=O)c2c(-c3nc(C#N)cn3C)n(Cc3ccnc4ccc(Cl)cc34)nc2n(CC2CC2)c1=O,3.9980278
Cn1cc(S(C)(=O)=O)nc1-c1c2c(=O)n(C)c(=O)n(CC3CC3)c2nn1Cc1ccnc2ccc(Cl)cc12,3.1396806
C=CCn1c(=O)c2c(-c3nc(C#N)cn3C)n(Cc3ccnc4ccc(Cl)cc34)nc2n(CC2CC2)c1=O,3.894715
COc1ccc([C@]2(O)CC[C@H](N3CC[C@@H](NC(=O)CNC(=O)c4cccc(C(F)(F)F)c4)C3)CC2)cn1,1.8064601
CN1CCC(=C2c3ccccc3C=Cc3ccccc32)CC1,3.0205688
CCCSc1nc(Oc2ccc(CC(=O)O)cc2)ccc1C(=O)NC1CCCCC1,2.1882107
Nc1nc(OC2CCCC2)nc2c1ncn2[C@@H]1O[C@H](CO)[C@H](Cl)[C@H]1O,2.0020123
Nc1nc(OC2CCCC2)nc2c1ncn2[C@@H]1O[C@H](CF)[C@@H](O)[C@H]1O,1.5960166
Nc1nc(OC2CCCC2)nc2c1ncn2[C@@H]1O[C@H](CO)[C@@H](O)[C@H]1O,0.9357406
C[C@H]1O[C@@H](n2cnc3c(N)nc(OC4CCCC4)nc32)[C@H](O)[C@H]1Cl,3.4662304
CCCNC(=O)c1nnc2c(-c3cnc(OC)nc3OC)cccc2c1N,2.737952
O=C(O)c1ccc(-c2nnn(Cc3ccccc3F)n2)cc1,-0.13018036
CC(C)(O)c1ccc(Nc2nc3ccc(C#N)cc3[nH]2)cc1,2.4542255
COc1ccc(CC(=O)Nc2nc3ccccc3[nH]2)cc1,2.8502996
CS(=O)(=O)N1CCC(NC(=O)NC23CC4CC(CC(C4)C2)C3)CC1,2.4186418
CC(=O)O[C@@]12CO[C@@H]1C[C@H](O)[C@@]1(C)C(=O)[C@H](O)C3=C(C)[C@@H](OC(=O)[C@H](O)[C@@H](NC(=O)OC(C)(C)C)c4ccccc4)C[C@@](O)([C@@H](OC(=O)c4ccccc4)[C@@H]12)C3(C)C.O.O.O,3.3278246
CC(=O)N1CCOc2nc(OCc3ccccc3)ccc21,2.578826
CC(C)C(=O)Nc1nc(-c2ccccn2)cc2ccccc12,3.0809393
CCCSc1c(C(=O)NC2CCCCC2)cnn1[C@H]1CC[C@H](C(=O)O)CC1,1.3186467
CCCSc1c(C(=O)NC2CCCCC2)cnn1[C@H]1CC[C@@H](C(=O)O)CC1,1.2217908
CS(=O)(=O)c1ccc(C(=O)Nc2ccc(Cl)c(-c3ccccn3)c2)c(Cl)c1,3.0464504
CC(C)N(c1nnc(N)s1)C(C)C,1.4376605
Cc1nnc(N)s1,-0.40319633
CC(=O)Nc1nnc(S(N)(=O)=O)s1,-0.38511562
CC(=O)NC1CN(c2ccc(Nc3ncc(F)c(-c4cnc(C)n4C(C)C)n3)cc2)C1,2.8963163
Cc1ccc(C(=O)Nc2nccs2)cc1-n1cnc2ccc(N3CCN(C)CC3)cc2c1=O,2.4918327
COc1cc2ncnc(Oc3cnn(CC(=O)Nc4ccc(N(C)C)cn4)c3)c2cc1OC,2.3391945
Cc1nc2nc(NC(=O)c3ccc(F)cc3)nn2c(O)c1Cc1ccccc1,1.8867612
COc1cc(N2CC[C@@H](N(C)C)C2)c2[nH]c(C(=O)Nc3ccc(N4CCOCC4)cc3)cc(=O)c2c1,2.0914369
NC(=O)c1cc2ccccc2nc1N,1.4412215
Nc1ccc2ccccc2n1,1.8021927
Nc1ccc2ncccc2c1,1.0496451
N#Cc1ccc2cccc(O)c2n1,2.1647198
Oc1ccnc2ccccc12,1.4770403
O=C(O)c1ccc2cccc(O)c2n1,-0.33371735
CCOC(=O)c1cnc2c(N)cccc2c1O,0.8655317
Oc1c(I)cc(I)c2cccnc12,2.0948462
CCN(CCO)CCCC(C)Nc1ccnc2cc(Cl)ccc12,1.3092297
CCN(CC)CCCNCc1cc(Cl)c2cccnc2c1O,-0.043049812
c1ccc2ncccc2c1,1.920589
O=[N+]([O-])c1cccc2ccc(C(Cl)(Cl)Cl)nc12,3.5166903
Cc1cc(Cl)ccc1OC1CCN(C[C@H](O)CNC(=O)c2c[nH]nc2C(F)(F)F)CC1,3.03553
Cc1c(Cl)ccc(OC2CCN(C[C@H](O)CNC(=O)c3c[nH]nc3C(F)(F)F)CC2)c1Cl,3.2040899
O=C(NC[C@@H](O)CN1CCC(Oc2ccc(Cl)c(Cl)c2)CC1)c1c[nH]nc1C(F)(F)F,3.2324128
CC(C)(C)c1cc2nc3c(c(O)n2n1)CN(Cc1ccccc1)C3=O,2.015589
NS(=O)(=O)c1ccc(CCNc2ccc3nnc(-c4ccccc4)n3n2)cc1,2.5916684
C[C@@H]1c2c([nH]c3ccc(C(F)(F)F)cc23)C[C@@H]2CCN(CCN3CCOCC3)C[C@H]21,3.1938305
Clc1ccc(COC(Cn2ccnc2)c2ccc(Cl)cc2Cl)cc1,3.7118526
Cc1cc(C)cc(-c2[nH]c3sc(C(C)(C)C(=O)N4C5CCC4CC5)cc3c2CCN2CCN(CC(=O)N(C)C)CC2)c1,4.006818
Cn1c(N)nc(CCc2cccc(-c3cccnc3)c2)cc1=O,2.292693
NCCCCN(Cc1nc2ccccc2[nH]1)C1CCCc2cccnc21,0.61506355
COc1ccc(-c2ccc3c(N4CCOC[C@@H]4C)nc(-n4ccnc4)nc3n2)cc1CO,2.8103673
CNC(=O)c1ccc(N2C(=S)N(c3ccc(C#N)c(C(F)(F)F)c3)C(=O)C23CCC3)cc1F,2.8179185
CC(C(=O)O)c1ccc2oc(-c3ccc(Cl)cc3)nc2c1,1.6530943
Oc1ccc(-c2nc3cc(O)ccc3o2)cc1,3.1860542
NC(=O)c1cc(O)cc2nc(-c3ccc(O)cc3)oc12,2.4256763
N#Cc1cc(O)cc2nc(-c3ccc(O)cc3)oc12,2.873982
Oc1ccc(-c2nc3ccc(O)cc3o2)cc1,3.1977215
O=C(NCC12CC3CC(CC(C3)C1)C2)c1cc(OC2CCNCC2)ccc1Cl,2.0095537
C[C@@H](NC1=CC(=O)CCC1)c1ccc(Nc2ncc3cc(-c4ccncc4)ccc3n2)cc1,3.321411
O=c1[nH]nc2cc(CO)c3ccc(-c4ccc[nH]4)cc3n12,2.2662716
Nc1cc2n[nH]c(=O)n2c2cc(-c3ccc[nH]3)ccc12,2.192101
Cc1cc2n[nH]c(=O)n2c2cc(-c3ccc[nH]3)ccc12,3.2161098
Cc1cc2n[nH]c(=O)n2c2cc(-c3cccc(CO)c3)ccc12,3.2609525
Cc1cc2n[nH]c(=O)n2c2cc(-c3ccc(CO)cc3)ccc12,3.2703297
Cc1cc2n[nH]c(=O)n2c2cc(-c3ccccc3CO)ccc12,3.2325273
O=C([C@@H]1CCCN1)N1CCN(c2nc(NCc3ccc(Cl)cc3Cl)c3cccnc3n2)CC1,2.7410798
CCCCC(c1ccncc1)n1[nH]c(=O)c2nc3cc(Cl)ccc3c(O)c2c1=O,1.3602123
CC(C)CC(c1ccncc1)n1[nH]c(=O)c2nc3cc(Cl)ccc3c(O)c2c1=O,1.3712245
CC(C)CCCC(C)/N=c1\ccn(Cc2ccccc2)c2cc(Cl)ccc12,3.4601822
CCCCCC/N=c1\ccn(Cc2ccccc2)c2cc(Cl)ccc12,3.4109871
COC(=O)C1C(OC(=O)c2ccccc2)CC2CCC1N2C,1.2719591
COc1cc(C(=O)NS(=O)(=O)c2ccccc2)ccc1Cn1ccc2ccc(NC(=O)OC3CCCC3)cc21,2.6859837
CCOC(=O)[C@H](Cc1ccc([N+](=O)[O-])cc1)NC(=O)c1ccccc1,2.5568438
NC(=O)Nc1sc(-c2ccsc2)cc1C(=O)N[C@H]1CCCNC1,1.1120465
Cc1ccc(Oc2ccc(OCC(=O)Nc3ccncc3)cc2)cc1,3.458922
COc1ccc(N(C(=O)c2ccco2)C(C(=O)NC2CCCC2)c2ccccc2F)c(OC)c1,3.3093743
CCCCCSc1nc(O)c2sc(N)nc2n1,2.4840603
COc1cc(Nc2ncnc(Nc3c(Cl)ccc4c3OCO4)n2)cc(OC)c1OC,3.2650602
N#Cc1nc(NC2CCOC2)c(N)c(N2CCOCC2)n1,1.6287162
O=C(Nc1ccc(S(=O)(=O)N2CCOCC2)cc1)c1cc(Cl)ccc1NS(=O)(=O)c1ccc(Cl)s1,3.4669843
CN1CC=C(c2cccc(O)c2)CC1,1.1174449
CN(C)CC1CCn2c(c(C3=C(c4cn(C)c5ccccc45)C(=O)NC3=O)c3ccccc32)C1,2.5876255
COC(=O)C1=C(C)NC(C)=C(C(=O)OCC(C)C)C1c1ccccc1[N+](=O)[O-],3.8611832
COC(=O)C1=C(C)NC(C)=C(C(=O)OC)C1c1ccccc1[N+](=O)[O-],3.3118162
COCCOC(=O)C1=C(C)NC(C)=C(C(=O)OC(C)C)C1c1cccc([N+](=O)[O-])c1,3.5644908
O=C(Nc1nc2c(=O)[nH]cnc2s1)c1ccccc1,1.5307968
NC1(c2ccc(-c3ncc4ncccc4c3-c3ccccc3)cc2)CCC1,2.19772
O=C1NC(=O)C(c2cnc3ccccn23)=C1c1cn2c3c(cccc13)CN(C(=O)N1CCOCC1)CC2,2.1201174
CNCC[C@H](Oc1cccc2ccccc12)c1cccs1,1.5476816
CNc1c(Br)cnc2[nH]c(-c3cnn(C4CCN(C)CC4)c3)nc12,2.2462256
Cc1ccc(Cl)c(Nc2cc(Nc3ccc(OCC(O)CN(C)C)cc3)ncn2)c1,2.2867026
COc1ccc(Nc2cc(Nc3ccc(OCC(O)CN(C)C)cc3)ncn2)cc1,1.3711545
CN(C)CC(O)COc1ccc(Nc2cc(Nc3ccc(F)cc3F)ncn2)cc1,1.6389053
Cc1ccc(N(CC#N)c2cc(Nc3ccc(OCC(O)CN(C)C)cc3)ncn2)c(Br)c1,2.1410608
CN(C)CC(O)COc1ccc(Nc2cc(N(CC#N)c3cc(Cl)ccc3Cl)ncn2)cc1,2.4245102
C#CCN(c1cc(Nc2ccc(OCC(O)CN(C)C)cc2)ncn1)c1cc(Cl)ccc1Cl,3.1359978
CN(C)CC(O)COc1ccc(Nc2cc(Nc3cc(Cl)ccc3Cl)ncn2)cc1,2.6099467
CN(C)CC(O)COc1ccc(Nc2cc(N(CCC#N)c3cc(Cl)ccc3Cl)ncn2)cc1,2.4690518
Nc1ncc(-c2cnn(C3CCOCC3)c2)cc1-c1nc2ccccc2o1,3.6066003
CCOC(=O)c1ccccc1-c1csc(NS(=O)(=O)c2ccc(Cl)cc2)n1,2.8847487
Cn1cnc(-c2ccccc2)c1/C=C/c1ccnc(N)n1,2.338349
Cc1cc(Oc2ccnc(Nc3ccc(S(N)(=O)=O)cc3)c2)c(-c2ccccn2)nc1C,2.690501
COc1ccc(Nc2cc(Oc3cc(C)c(C)nc3-c3ccccn3)ccn2)cc1,3.5199869
COc1ccccc1Nc1cc(Oc2cc(C)c(C)nc2-c2ccccn2)ccn1,3.4861908
COc1cc(Nc2cc(Oc3cc(C)c(C)nc3-c3ccccn3)ccn2)cc(OC)c1OC,3.4324913
COc1ccc(Cl)c(Nc2ncnc3cc(OCC4CCN(C)CC4)c(OC)cc23)c1,2.7167404
COc1cc2c(Nc3ccc(Cl)cc3F)ncnc2cc1OCC1CCNCC1,1.4261281
Cc1ccc(NC(=O)c2cncs2)cc1-n1cnc2ccc(N3CCN(C)CC3)cc2c1=O,2.001899
CC(=O)N(c1ccccc1)C1CC(C)N(S(=O)(=O)c2ccccc2)c2ccccc21,3.217836
Cc1cc(NC(=O)Nc2ccc(Cl)cc2)n(-c2ccccc2)n1,3.6345644
C[C@@H]1CN(C(=O)OC(C)(C)C)CCN1c1ncc(OCC2CCN(S(C)(=O)=O)CC2)cn1,2.997859
COc1ccc(-c2cc(NC(=O)Cc3ccc4ccccc4c3)[nH]n2)cc1OC,3.5354733
CCCCC(O)c1[nH]c2cc(C)c(C(=O)O)cc2c1CCc1ccccc1,2.4127946
COc1ccc(Cc2c(N)n[nH]c2N)cc1,0.53709924
COc1ccc(CNCc2ccc(-c3cc(C(N)=O)c(NC(N)=O)s3)cc2)cc1,2.1596534
COc1ccc(C(=O)CS(=O)(=O)c2ccccc2)cc1,1.4801385
O=C(CS(=O)(=O)c1ccccc1)c1ccccc1,1.4181728
O=C(O)C[C@H]1CC[C@H](c2ccc(-c3ccc(Nc4ccc(C(F)(F)F)nc4)cn3)cc2)CC1,3.3609889
CCOC(=O)/C=C/[C@H](C[C@@H]1CCNC1=O)NC(=O)[C@@H](CC(=O)[C@@H](NC(=O)c1cc(C)on1)C(C)C)Cc1ccc(F)cc1,2.5115528
NC(=O)NC(=O)C(Nc1ccc2c(c1)CCC2)c1ccccc1,3.0326695
COc1cc(F)ccc1-c1cc(CNC2CCCC2)ccn1,1.9157923
CCn1c(=O)c2c(=O)cc(O)oc2c2ccccc21,1.1933904
Cc1ncsc1CCOCCCS(=O)(=O)CCNCCc1ccc(O)c2nc(O)sc12,1.3475199
CCC1(c2ccccc2)NC(=O)N(C)C1=O,1.9139863
CCN1C(=O)NC(c2ccccc2)C1=O,1.8084327
Cc1cnc(Nc2cc(N3CCN(C)CC3)nc(N[C@@H](C)c3ccc(F)cn3)n2)s1,3.3239536
Cc1cc(Nc2nc(N[C@@H](C)c3ccc(F)cn3)c(C#N)cc2F)n[nH]1,2.8058429
CCCc1cc(=O)[nH]c(=S)[nH]1,0.60094965
Cc1oc(C#N)cc1-c1c2c(=O)n(C)c(=O)n(CC3CC3)c2nn1Cc1ccnc2ccc(Cl)cc12,4.0001664
Cc1oc(S(C)(=O)=O)cc1-c1c2c(=O)n(C)c(=O)n(CC3CC3)c2nn1Cc1ccnc2ccc(Cl)cc12,3.6596317
CC(C)Oc1cc(-n2cnc3cnc(N[C@@H](C)c4ncc(F)cn4)nc32)n[nH]1,2.496079
Oc1nc(-c2ccccc2)nc2ccccc12,2.5772538
CC(C)(C)c1ccc(-c2n[nH]c(NC(=O)c3ccccc3Cl)c2Br)cc1,3.6899333
CO[C@H]1CC[C@]2(CC1)Cc1ccc(-c3cc(Cl)cc(C#N)c3)cc1C21N=C(C)C(N)=N1,3.7555685
O=S(=O)(Nc1nc(-c2sccc2Cl)cs1)c1cc(Cl)ccc1Cl,3.2365627
O=C(CSc1nc2c(c(=O)n1-c1ccccc1)SCC2)Nc1ncc(-c2ccccc2)s1,3.736234
Cc1nn(C2CCN(C)CC2)cc1-c1cnc(N)c(-c2nc3ccccc3o2)c1,3.10809
Nc1ncc(-c2cnn(C3CCN(C(=O)CO)CC3)c2)cc1-c1nc2ccccc2o1,3.1308646
CN1CCC(n2cc(-c3cnc(N)c(-c4nc5ccc(F)cc5o4)c3)cn2)CC1,3.2965343
Nc1ncc(-c2cnn(C3CCNCC3)c2)cc1-c1nc2ccccc2o1,1.6291605
COCC(=O)N1CCC(n2cc(-c3cnc(N)c(-c4nc5ccccc5o4)c3)cn2)CC1,3.5210595
c1cncc(-c2ccc(-c3nnc(C4CN5CCC4CC5)o3)o2)c1,1.5536356
CN1CCN(CC(=O)N2c3ccccc3C(=O)Nc3cccnc32)CC1,0.65942335
N[C@@H]1CCCN(c2c(/C=C3\SC(=O)NC3=O)cccc2-c2ccncc2)C1,1.4803638
FC(F)(F)c1nnc2ccc(N3CCCCC3)nn12,2.867373
Cn1cc(C#N)cc1-c1c2c(=O)n(CC#CCn3cncn3)c(=O)n(CC3CC3)c2nn1Cc1ccnc2ccc(Cl)cc12,3.802555
N#C[C@@H]1CCCN1C(=O)CNC12CC3CC(CC(O)(C3)C1)C2,-0.19892716
FC(F)(F)c1cc(CO[C@H]2CCCN[C@H]2c2ccccc2)cc(C(F)(F)F)c1,3.279972
O=C(c1ccc(CCC(COc2ccc(-c3cccc([N+](=O)[O-])c3)cc2)N2C(=O)CCCC2=O)cc1)N1CCCC1,3.488238
COc1ccc(Cl)cc1NC(=O)Nc1cnccn1,2.9266527
COc1ccc(N(C(C)=O)C(C(=O)NC2CCCC2)c2ccccc2F)c(OC)c1,2.860123
COc1ccc(-c2nc(N3CCOCC3)nc(O)c2C#N)cc1,1.2294785
O=C1C=CC(=O)c2c(O)ccc(O)c21,1.6227953
Nc1nc2cc3c(cc2s1)CCN(Cc1cnc[nH]1)CC3,1.1001496
CSCCC(NC(=O)c1sccc1Cl)c1nc2ccccc2[nH]1,3.289587
COc1ccc(CC(C)(C)NC[C@H](O)c2cc(O)cc3c2OCC(=O)N3)cc1,0.81140614
Nc1nccc2ccccc12,1.6547501
c1ccc2cnccc2c1,1.9011211
O=c1n(CCCN2CCN(c3cccc(Cl)c3)CC2)nc2ccccn12,2.994318
N#Cc1cccc(COc2ccc3c(c2)OCCC3=O)c1,2.845074
O=C1CCOc2cc(OCc3cccc(F)c3)ccc21,3.2780802
Cc1cnc(NS(=O)(=O)c2ccccc2)c(C)n1,0.05065775
COc1nccnc1NS(=O)(=O)c1ccc(N)cc1,-0.480551
Nc1ncccc1NCc1cccc(-c2cccnc2)c1,2.4022326
COc1cc2ncnc(Nc3cc4ccccc4cn3)c2cc1OC,3.3667696
NC1(c2ccc(-c3nn4ccc(=O)nc4cc3-c3ccccc3)cc2)CCC1,1.4033711
O=C1O[C@@H](COc2ccon2)CN1c1ccc(C2=CCOCC2)c(F)c1,2.3671052
Nc1cccc2c1C(=O)N(Cc1cccc(Cl)c1)C2=O,2.8769841
CC1(COc2cc(-c3cccc4c(=O)cc(N5CCOCC5)oc34)ccc2NC(=O)CN2CCOCC2)COC1,2.7137122
O=C1CCCc2nc(C#Cc3ccccc3)ccc21,3.594005
O=C(c1csc2c1CCCC2)N1CCCCC1,2.7456574
Cc1c(Oc2ccc(S(C)(=O)=O)cc2F)ncnc1OC1CCN(C(=O)OC(C)C)CC1,3.4258711
CCN(CC)CCN1C(=O)CN=C(c2ccccc2F)c2cc(Cl)ccc21,2.6938493
O=C1Nc2ccc(Cl)cc2C(c2ccccc2Cl)=NC1O,3.3254042
CN1C(=O)CN=C(c2ccccc2)c2cc(Cl)ccc21,2.8397932
CC(C)[C@@H]1N=C(c2ccccc2)c2ccccc2NC1=O,3.3375978
CN1C(=O)CN=C(c2ccccc2F)c2cc([N+](=O)[O-])ccc21,2.3979313
O=C1CN=C(c2ccccc2Cl)c2cc([N+](=O)[O-])ccc2N1,3.0650675
c1ccc(N2CC3COc4ccccc4C3=N2)cc1,3.4307623
CCN(CC)c1ccc(-c2nn3c(-c4[nH]nc5c4CCC5)nnc3s2)cc1,3.6038134
c1cncc(Nc2ncnc3ccccc23)c1,2.226067
CN[C@@H](C)C(=O)N[C@H](C(=O)N[C@H]1CCCN(S(=O)(=O)c2ccccc2)C1)C(C)(C)C,1.5070632
O=C(NCC1CCOCC1)c1ncccc1NC(=O)c1cccc2ccccc12,3.1577375
O=C(Nc1ccccc1)N1CCOCC1,1.446307
C[C@@H](NC(=O)C1CCNCC1)c1ccc(Nc2ncc3cc(-c4ccncc4)ccc3n2)cc1,0.95350885
O=C(Cc1ccc2c(n1)NCCC2)Nc1ccc(C[C@H](NC(=O)c2c(Cl)cccc2Cl)C(=O)O)cc1,-0.65326595
CCC(CO)NCCNC(CC)CO,-1.4947648
CC(N)(COP(=O)(O)O)C(=O)O,2.1284866
CCCCC(CC)COC(=O)CC(C(=O)OCC(CC)CCCC)S(=O)(=O)O,3.1316504
CCCC[C@@H](C=O)NC(=O)[C@H](CC(C)C)NC(=O)[C@H](CC(C)C)NC(C)=O,2.377128
CCCC(C)(COC(N)=O)COC(=O)NC(C)C,2.2104826
CCCCCCN1CC[C@]2(C)c3cc(O)ccc3CC1[C@@H]2C,2.4438791
N#Cc1ccc(C(=O)N2CCC3(CC2)N=C(N)c2c(F)cccc2N3)cc1,0.63119256
N#Cc1ccc(C(=O)N2CCC3(CC2)N=C(N)c2c(F)ccc(F)c2N3)cc1,0.924567
CCOc1ccccc1N1CCN(Cc2c[nH]nc2-c2ccc(F)cc2)CC1,3.4077969
COc1cc(F)ccc1-c1cccc(CNC2CCCC2)c1,2.4857783
Cc1cccc(NS(=O)(=O)c2ccc(-c3ccc(C#N)cc3)cc2)n1,2.5633678
N#Cc1ccc(-c2ccc(S(=O)(=O)Nc3cccc(N)n3)cc2)cc1,2.0605376
CC[C@@H]1C(=O)N(C)c2cnc(Nc3ccc(C(=O)NC4CCN(C)CC4)cc3OC)nc2N1C1CCCC1,3.0893002
O=C(CO)N1CCC(c2n[nH]c(-c3ccc(Cl)cc3)c2-c2ccncn2)CC1,2.0214543
OB1c2ccccc2N=C(S)N1c1cccnc1,-0.8024204
Cc1cc(Cl)ccc1OC1CCN(C[C@H](O)CNC(=O)c2c[nH]c(=O)cc2C(F)(F)F)CC1,2.8587174
Cn1cc(C(=O)NC[C@@H](O)CN2CCC(Oc3ccc(Cl)c(Cl)c3)CC2)c(C(F)(F)F)cc1=O,3.007326
O=C(NC[C@@H](O)CN1CCC(Oc2ccc(Cl)c(Cl)c2)CC1)c1c[nH]c(=O)cc1C(F)(F)F,3.0594993
Cc1c(Cl)ccc(OC2CCN(C[C@H](O)CNC(=O)c3c[nH]c(=O)cc3C(F)(F)F)CC2)c1Cl,3.0447714
O=C(COCc1ccncc1)N1CCC(F)(c2ccc(Cl)cc2)CC1,2.7455354
O=C(COCc1ccncc1)N1CCC(c2ccc(F)cc2Cl)CC1,2.8984432
CC1(c2ccc(Cl)cc2)CCN(C(=O)COCc2ccncc2)CC1,3.1081638
O=C(COCc1ccncc1)N1CCC(c2ccc(Cl)cc2Cl)CC1,3.2328875
O=C(COCc1ccncc1)N1CCC(c2ccc(Cl)cc2)CC1,2.7281184
O=c1cc(-c2ccco2)[nH]c2ccccc12,2.7173207
COc1ccc(CC(=O)NC(N/C(=N/C#N)Nc2ccccc2C)C(C)(C)C)cc1OC,2.2318609
CCN1CCO[C@@H](CN2CCN(C(=O)Nc3ccc(Cl)c(Cl)c3)CC2)C1,2.684977
CC(C)N1CCO[C@@H](CN2CCN(C(=O)Nc3ccc(Cl)c(Cl)c3)CC2)C1,2.8248975
O=c1[nH]c2c(O)ccc([C@@H](O)CNCCc3cccc(CNCCCc4ccccc4)c3)c2s1,0.9528315
COc1ccc2ncc(=O)n(CCN3CC[C@@H](NCc4ccc5c(n4)NC(=O)CO5)[C@@H](F)C3)c2c1,0.76297843
COc1ccc2ncc(=O)n(CCN3CC[C@@H](NCc4ccc5c(n4)NC(=O)CO5)[C@@H](O)C3)c2c1,0.22285509
COc1ccc2ncc(=O)n(CCN3CC[C@@H](NCc4ccc5c(n4)NC(=O)CO5)[C@H](OC)C3)c2c1,0.7444025
COc1ccc2ncc(=O)n(CCN3CC[C@H](NCc4ccc5c(n4)NC(=O)CO5)[C@H](O)C3)c2c1,0.3209561
COc1ccc2ncc(=O)n(CCN3CC[C@@H](NCc4ccc5c(n4)NC(=O)CO5)[C@@H](OC)C3)c2c1,0.66422033
O=C(O)COc1cccc(C(=O)N2CCC(N3CCC(Oc4ccc(Cl)c(Cl)c4)CC3)CC2)c1,0.6864208
Cc1c(Cl)ccc(OC2CCN(C3CCN(C(=O)c4cccc(S(C)(=O)=O)c4)CC3)CC2)c1Cl,3.175622
O=C(O)c1ccccc1C(=O)N1CCC(N2CCC(Oc3ccc(Cl)c(Cl)c3)CC2)CC1,1.5913835
O=C(O)CCCS(=O)(=O)c1cccc(C(=O)N2CCC(N3CCC(Oc4ccc(Cl)c(Cl)c4)CC3)CC2)c1,1.0040475
O=C(O)c1cccc(C(=O)N2CCC(N3CCC(Oc4ccc(Cl)c(Cl)c4)CC3)CC2)c1,1.4800179
Cc1nc(CSc2nc(N[C@H](C)CO)c3sc(N)nc3n2)cs1,1.8883417
CS(=O)(=O)N1CC[C@H](N(Cc2ccccc2Cl)c2ccc(C#N)c(Cl)c2)C1,3.5092802
COc1ccc(-c2nc3c(NCCCNC(=O)C4(CN)CC4)c(Br)cnc3[nH]2)cc1,1.665019
COc1ccc(-c2nc3c(NCCCNC(=O)C4CC4)c(Br)cnc3[nH]2)cc1,2.9263284
NCc1ccc(NC(=O)c2cc(Nc3ncccn3)c3cc(/C(N)=N/O)ccc3c2)cc1,-0.39152384
CS(=O)(=O)c1ccc([C@@H](C[C@H]2CCC(=O)C2)C(=O)Nc2cnccn2)cc1Cl,1.609618
CC(C)CNCc1ccc(-c2ccccc2S(=O)(=O)N2CCCC2)cc1,1.6783249
O=C1COc2ccc(CNC3CCN(CCN4C(=O)COc5ccc(F)cc54)CC3)nc2N1,0.88215303
O=C1COc2ccc(CNC3CCN(CCN4C(=O)COc5ccc(OC(F)(F)F)cc54)CC3)nc2N1,2.0925348
CC(=O)c1ccc2c(c1)N(CCN1CCC(NCc3ccc4c(n3)NC(=O)CO4)CC1)C(=O)CO2,0.5400512
COC(=O)c1ccc2c(c1)N(CCN1CCC(NCc3ccc4c(n3)NC(=O)CO4)CC1)C(=O)CO2,0.826535
CCS(=O)(=O)c1ccc2c(c1)N(CCN1CCC(NCc3ccc4c(n3)NC(=O)CO4)CC1)C(=O)CO2,-0.06196499
N#Cc1ccc2c(c1)N(CCN1CCC(NCc3ccc4c(n3)NC(=O)CO4)CC1)C(=O)CO2,0.36185527
CC(O)c1ccc2c(c1)N(CCN1CCC(NCc3ccc4c(n3)NC(=O)CO4)CC1)C(=O)CO2,-0.06981921
O=C1COc2ccc(CNC3CCN(CCN4C(=O)COc5ccc(Br)cc54)CC3)nc2N1,1.524411
O=C1COc2ccc(CNC3CCN(CCN4C(=O)COc5ccc(O)cc54)CC3)nc2N1,0.38739312
O=C1COc2ccc(CNC3CCN(CCN4C(=O)COc5ccc(Cl)cc54)CC3)nc2N1,1.437083
COc1ccc2c(c1)N(CCN1CCC(NCc3ccc4c(n3)NC(=O)CO4)CC1)C(=O)CO2,0.7119764
CN(C)S(=O)(=O)c1ccc2c(c1)N(CCN1CCC(NCc3ccc4c(n3)NC(=O)CO4)CC1)C(=O)CO2,0.38471127
CS(=O)(=O)c1ccc2c(c1)N(CCN1CCC(NCc3ccc4c(n3)NC(=O)CO4)CC1)C(=O)CO2,-0.19175553
Cc1nc(-c2ccccn2)nc(N2CCCC2)c1Cl,2.982166
CC(O)(C(=O)Nc1ccc2c(c1)-c1ccccc1S2(=O)=O)C(F)(F)F,3.0772233
C[C@H]1O[C@@H](n2cnc3c(N)nc(OCC45CC6CC(CC(C6)C4)C5)nc32)[C@H](O)[C@@H]1O,2.9110742
COc1ccc(Cl)c(Nc2ncnc3cc(OC)cc(OC4CCN(C)CC4)c23)c1,3.0666804
O=C(N[C@@H](Cc1ccc(OCCc2ccc3c(n2)NCCO3)cc1)C(=O)O)c1c(Cl)cccc1Cl,-0.19194388
CCN(CC)CCOCCOC(=O)C1(c2ccccc2)CCCC1,1.844579
CCN(CC)CCOC(=O)C1(c2ccccc2)CCCC1,2.1324856
Cc1ccc(/C(=C\CN2CCCC2)c2ccccn2)cc1,1.7546961
CCN(C(C)=O)c1cccc2c1c(Sc1ccc(Cl)cc1)c(C)n2CC(=O)O,1.431258
Cc1ccc2c(c1)c(Sc1cccc(Cl)c1)c(C)n2CC(=O)O,1.9500331
Cc1c(Sc2ccc(Cl)cc2)c2c(C#N)c(Cl)ccc2n1CC(=O)O,1.7611892
Cc1c(Sc2ccc(Cl)cc2)c2ccc(S(C)(=O)=O)cc2n1CC(=O)O,0.61367774
Cc1c(Sc2ccc(Cl)cc2)c2cc(S(C)(=O)=O)ccc2n1CC(=O)O,0.6552501
CC(=O)Nc1ccc2c(c1)c(Sc1ccc(Cl)cc1)c(C)n2CC(=O)O,1.0513288
Cc1ccc2c(c1)c(Sc1ccccc1Cl)c(C)n2CC(=O)O,1.903599
Cc1c(Sc2ccc(Cl)cc2)c2c(NS(C)(=O)=O)cccc2n1CC(=O)O,0.7106041
COc1ccc(Sc2c(C)n(CC(=O)O)c3ccc(C)cc23)cc1,1.347269
Cc1ccc2c(c1)c(Sc1ccc(Cl)cc1)c(C)n2CC(=O)O,2.003929
Cc1c(Sc2ccc(Cl)cc2)c2c(S(C)(=O)=O)cccc2n1CC(=O)O,0.54349935
CNC(=O)c1cccc2c1c(Sc1ccc(Cl)cc1)c(C)n2CC(=O)O,0.52948594
Cc1ccc2c(c1)c(Sc1ccccc1)c(CC(=O)O)n2C,1.5483844
Cc1c(Sc2ccc(Cl)cc2)c2ccc(Cl)cc2n1CC(=O)O,2.1336787
Cc1c(Sc2ccc(Cl)cc2)c2cccc(Cl)c2n1CC(=O)O,1.8117865
Cc1c(F)ccc2c1c(Sc1ccc(Cl)cc1)c(C)n2CC(=O)O,2.1023848
Cc1c(Sc2ccc(Cl)cc2)c2cc(Cl)ccc2n1CC(=O)O,2.2987013
Cc1c(Sc2ccc(Cl)cc2)c2c(Cl)cccc2n1CC(=O)O,1.9774319
Cc1c(Sc2ccc(Cl)cc2)c2cc(Cl)ccc2n1C(C)C(=O)O,2.831597
Cc1c(Sc2ccc(Cl)cc2)c2cc(F)ccc2n1CC(=O)O,1.7997897
Cc1ccc2c(c1)c(Sc1ccc(S(C)(=O)=O)cc1)c(C)n2CC(=O)O,0.33812475
CC[C@H](NC(=O)c1c([S+](C)[O-])c(-c2cccs2)nc2ccccc12)c1ccccc1,3.2846303
Cc1cc(Nc2ccccc2)n(CCC#N)n1,1.8600636
CCNC(=O)c1cc2c(-n3ccc(C(F)(F)F)n3)c(-c3cncc(C(=O)NC)c3)cnc2[nH]1,2.0017142
CCCNC(=O)c1cc2c(-n3ccc(C(F)(F)F)n3)c(-c3cncc(C(=O)O)c3)cnc2[nH]1,-0.25929976
CCNC(=O)c1cc2c(-n3ccc(C(F)(F)F)n3)c(-c3cncc(C(N)=O)c3)cnc2[nH]1,1.9106483
CCNC(=O)c1cc2c(-n3ccc(C(F)(F)F)n3)c(-c3cncc(C#N)c3)cnc2[nH]1,2.5473068
CC(C)NC(=O)c1cc2c(-n3ccc(C(F)(F)F)n3)c(-c3cncc(C(=O)O)c3)cnc2[nH]1,-0.3894751
CCNC(=O)c1cc2c(-n3ccc(C(F)(F)F)n3)c(-c3cncc(C(=O)O)c3)cnc2[nH]1,-0.3844645
CCNC(=O)c1cc2c(-n3nc(C(F)(F)F)cc3C)c(-c3cncc(C(=O)O)c3)cnc2[nH]1,-0.19128942
C[C@]12CC[C@@H]3c4ccc(O)cc4CC[C@H]3[C@@H]1CC[C@@H]2O,3.1556559
CCC1(c2ccccc2)C(=O)NC(=O)NC1=O,0.4705615
COc1ccc(-n2sc3ccccc3c2=O)cc1,3.1095939
Nc1ccc(C2(c3ccc(N)cc3)CCCCC2)cc1,2.7417848
COC(=O)c1c(O)cccc1OC/C=C/c1ccc(F)c(-c2cc(C(=O)O)no2)c1,0.8533114
C[C@H]1O[C@@H](n2cnc3c(N)nc(OC4CCC(F)(F)CC4)nc32)[C@H](O)[C@@H]1O,1.6707616
C[C@H]1O[C@@H](n2cnc3c(N)nc(O[C@H]4CC[C@H](C)CC4)nc32)[C@H](O)[C@@H]1O,2.03618
COc1cc2ncnc(Nc3ccc(F)c(Cl)c3)c2cc1OCCN1CCCC1,3.1758378
O=C(CC12CC3CC(CC(C3)C1)C2)Nc1cccc2c(=O)n(C(CO)CO)ccc12,2.5952337
O=C1CCOc2nc(C#CC3CCCC3)ccc21,3.502705
CNC1=Nc2ncccc2C(c2ccns2)=NC1c1cccs1,1.9793158
CC(C)C1NCCc2c1sc1ccccc21,2.4891353
Cc1c(Sc2ccc(Cl)cc2)c2cc(Cl)ccc2n1Cc1nnn[nH]1,3.410922
N=C(N)c1cc2c(-c3ccccc3)cccc2s1,1.5386565
CN1CCC(Oc2cccc3ncnc(Nc4ccc(OCc5cnccn5)c(Cl)c4)c23)CC1,2.8541193
Cc1ccc(-c2nnc(O)c3ccccc23)c(C)c1,2.741286
CO[C@@H](C(=O)N1Cc2n[nH]c(NC(=O)c3ccc(N4CCN(C)CC4)cc3)c2C1)c1ccccc1,1.7352312
O=S(=O)(Cc1ccccc1)NCC(c1ccccc1)N1CCCCCC1,2.465151
O=S(=O)(Cc1cc(Cl)cc(Cl)c1)NCC(c1ccccc1)N1CCCCCC1,3.502079
CCC(c1nc2sccc2c(=O)n1Cc1ccccc1)N(CCCN)C(=O)c1ccc(C)cc1,1.9431384
CN(C)CC(O)COc1ccc(Nc2nccc(Nc3cc(Cl)ccc3Cl)n2)cc1,2.8080027
Cc1cnc(Nc2ccc(OCC(O)CN(C)C)cc2)nc1Nc1ccccc1,1.8629713
c1ccc(Nc2ccnc(Nc3ccccc3)n2)cc1,3.4415824
Cc1ccc(F)c(Nc2ccnc(Nc3ccc(OCC(O)CN(C)C)cc3)n2)c1,2.0910769
CN(C)CC(O)COc1ccc(Nc2nccc(Nc3ccc(Cl)cc3)n2)cc1,2.3572176
C#CCN(c1ccnc(Nc2ccc(OCC(O)CN(C)C)cc2)n1)c1cc(Cl)ccc1Cl,3.24606
Cc1ccc(F)c(Nc2ccnc(Nc3ccc(S(N)(=O)=O)cc3)n2)c1,3.1353664
CN(C)CC(O)COc1ccc(Nc2nccc(Nc3cccc(Cl)c3)n2)cc1,2.3364704
Cc1ccc(Cl)c(Nc2ccnc(Nc3ccc(OCC(O)CN(C)C)cc3)n2)c1,2.522485
O=C(O)c1ccc(Nc2ncc(Br)c(Nc3ccccc3)n2)cc1,2.05755
CN(C)CC(O)COc1ccc(Nc2ncc(Cl)c(Nc3ccccc3)n2)cc1,2.149731
CN(C)CC(O)COc1ccc(Nc2nccc(Nc3ccccc3)n2)cc1,1.5008541
CN(C)CC(O)COc1ccc(Nc2nccc(Nc3ccccc3C#N)n2)cc1,1.3125353
CN(C)CC(O)COc1ccc(Nc2nccc(N(CC#N)c3cc(Cl)ccc3Cl)n2)cc1,2.5773835
O=c1[nH]n(Cc2ccccn2)c(=O)c2c(=O)c3ccc(Cl)cc3[nH]c12,0.45605767
COc1cccc(Nc2nc(NCC3CCCO3)c3ccccc3n2)c1,3.5830426
CN1CCCC1CCNC(=O)c1ccc(Nc2ncc3cc(-c4ccncc4)ccc3n2)cc1,1.9109414
CCCCC(CC)CNC(=O)c1cc(-n2ncc(=O)[nH]c2=O)ccc1Cl,1.6306403
O=c1c(-c2ccc3c(c2)OCO3)coc2cc(O)cc(O)c12,3.0877714
CS(=O)(=O)N1CCc2c(-c3cnc(N)nc3)nc(N3CCOCC3)nc21,0.6946279
C[C@@H]1CN[C@@H](C2CC2)C(=O)N(C)[C@H](C)C(=O)N[C@H](Cc2ccc(F)cc2)C(=O)NCCCc2ccccc2O1,3.2759314
Brc1cnc(NCc2ccccc2)nc1Nc1cc(C2CC2)[nH]n1,3.6629593
C[C@H](Nc1nc(NC[C@@H](O)CO)c(Cl)c(Nc2cc(C3CC3)[nH]n2)n1)c1ccc(F)cc1,3.2610896
Fc1ccc(CNc2ncc(Br)c(Nc3cc(C4CC4)[nH]n3)n2)cc1,3.7473605
OC[C@H](Nc1ncc(Cl)c(Nc2cc(C3CC3)[nH]n2)n1)c1ccc(F)cc1,3.3272848
CNC(=O)C[C@H](Nc1ncc(Cl)c(Nc2cc(C3CC3)[nH]n2)n1)c1ccc(F)cc1,3.236464
O=C1c2ccccc2CN1C1CCN(CCC(c2ccccc2)c2ccccc2)CC1,3.5218115
COc1ccc(OC)c(CNc2n[nH]c3ccnc(Oc4ccccc4)c23)c1,3.912571
CCc1ccc(NC(=O)c2ccc3cc(C(=N)N)ccc3c2)cc1,0.99363554
COc1cccc2c1c(NS(=O)(=O)c1ccc(Cl)s1)nn2Cc1cccc(CNC(=O)C(C)(C)O)c1,2.2569551
Nc1nnc(-c2cccc(Cl)c2Cl)c(N)n1,1.7271788
O=C(Nc1ccc(Cl)c(Cl)c1)N1CCN(C[C@@H]2CCCN(CC3CC3)C2)CC1,2.9946806
CS(=O)(=O)c1ccc(CC(=O)N(C2CC2)C2CCN(CCC(c3ccccc3)c3ccccc3)CC2)cc1,3.1656415
COc1ccc(C(=O)Nc2c(Cl)cncc2Cl)c2cccnc12,2.6565695
CCC1(C)CC(=O)NC1=O,0.55101657
Cc1[nH]c(C(=O)NC2CCN(c3nc(C(=O)O)cs3)CC2)c(Cl)c1Cl,0.70975995
Cc1[nH]c(C(=O)NC2CCN(c3ncc(C(=O)O)s3)CC2)c(Cl)c1Cl,0.3136115
CONC(=O)c1cnc(N2CCC(NC(=O)c3[nH]c(C)c(Cl)c3Cl)CC2)s1,2.7845588
NC1CCc2cc(OC(=O)c3ccccc3)c(OC(=O)c3ccccc3)cc2C1,2.9336054
O=C(NC1Cc2ccccc2N(CC(=O)N2CCC(O)CC2)C1=O)c1cc2cc(Cl)sc2[nH]1,2.7685375
CNC1=Nc2ncccc2C(c2ccco2)=NC1c1ccns1,1.7970766
CC(C)Cn1c(=O)n(C)c(=O)c2c(SC3CCCC3)c(Cc3ccccc3C(F)(F)F)sc21,4.5530224
Nc1nc(N)c(-c2ccc(NC(=O)C3CC3)cc2)c(COCc2ccccc2)n1,2.7476013
C[C@H](Nc1ncc(F)c(Nc2cc(C3CC3)[nH]n2)n1)c1ncc(F)cn1,2.7716327
Clc1ccc2c(c1)C(N1CCNCC1)=Nc1ccccc1O2,2.2196872
CN1CCN(C2=Nc3ccccc3Oc3ccc(Cl)cc32)CC1,3.3835258
CC(C)C(NC(=O)Cn1c(-c2ccccc2)ccc(NC(=O)CN2CCOCC2)c1=O)C(=O)C(F)(F)F,1.6014667
Cc1ccc(CN2[C@H]3CC[C@@H]2C[C@H](Oc2cccc(C(N)=O)c2)C3)s1,2.1139672
Cc1ccc(CN2[C@H]3CC[C@@H]2C[C@@H](Oc2cccc(C(N)=O)c2)C3)s1,2.2143078
CN[C@@H](C)C(=O)N[C@H](C(=O)N[C@H]1CCCN(CCCc2ccccc2)C1)C1CCCCC1,1.6206911
Cc1ccc(NC(=O)c2cscn2)cc1-n1cnc2ccc(N3CCN(C)CC3)cc2c1=O,2.3145463
N=C(N)c1cc2c(OCc3ccccc3)cccc2s1,1.6112335
Cc1ccc(NC(=O)c2cccc(N3CCOCC3)c2)cc1NC(=O)c1ccc(OCc2ccccn2)cc1,3.361659
COc1ccc2ncc(F)c(CCN3CCC(NCc4cc5c(cn4)OCCO5)CC3)c2n1,1.7146845
CN1C(=O)NC(=O)C(C)(C2=CCCCC2)C1=O,1.0262588
COc1cc(/C=C2/SC(=O)NC2=O)cc(OC)c1O,0.7938107
COc1ccc(C=C2SC(=O)NC2=O)cc1OC,1.5972931
COc1cc(C(=O)NS(=O)(=O)c2ccccc2)ccc1Cn1ncc2ccc(NC(=O)OC3CCCC3)cc21,2.429893
N#Cc1cccc(C(=O)Nc2cc(-c3ccccc3)nn2-c2ccccc2)c1,3.4924743
Cc1ccc(CO)cc1N(C)c1ccnc(Nc2cc(N3CCCCC3)cc(N3CCOCC3)c2)n1,3.7272553
Nc1cc(N2CCCCC2)nc(N)[n+]1[O-],0.7486217
CNC(=O)c1cccc(NC(=O)Nc2cccc(C#N)c2)c1CN1CCC(Cc2ccc(F)cc2)CC1,3.598149
COc1ccc([C@]2(C#N)CC[C@@H](C(=O)O)CC2)cc1OC1CCCC1,0.8396429
O=C(Nc1ccccc1F)N[C@H]1N=C(c2ccccc2)c2ccccc2NC1=O,3.701456
O=C(Nc1ccccc1F)NC1N=C(c2ccccc2)c2ccccc2NC1=O,3.5380642
CC(=O)N[C@@H]1CCN(c2ccc(Nc3ncc(F)c(-c4cnc(C)n4C(C)C)n3)cc2)C1,2.9922235
CN(CCOc1ccccc1-c1cc(C(N)=O)c(NC(N)=O)s1)Cc1ccccc1,2.98446
Cn1c(=O)n(Cc2ccc(Br)cc2)c2ccccc21,3.2566075
COc1cc2ncnc(Nc3cc(NC(=O)c4ccnc(N5CCOCC5)c4)ccc3C)c2cc1OCCN(C(C)C)C(C)C,2.822658
CCOc1cc2ncc(C(N)=O)c(Nc3ccc(F)cc3F)c2cc1N1CCC(O)CC1,2.8443003
CC(=O)Nc1ccc2ccn(-c3cc(NCCCN4CCCC4)n4ncc(C#N)c4n3)c2c1,1.5113683
COc1c(N2C[C@@H]3CCCN[C@@H]3C2)c(F)cc2c(=O)c(C(=O)O)cn(C3CC3)c12,-0.63676786
CC(c1ccccc1)C(Cc1nc2ccccc2[nH]1)c1nc2ccccc2[nH]1,3.8119905
CCn1c2nc(=O)n(C)c(=O)c-2cc2ccccc21,1.702093
CC(=O)Nc1ccc(S(=O)(=O)Nc2ccc(Cc3ccncc3)cc2)cc1,2.0835626
N#CCNC(=O)[C@@H]1CCCC[C@H]1C(=O)N1CCCCC1,0.85084784
O=C(c1ccc(F)cc1)N1CCC[C@H](c2nc(-c3ccc(F)cc3)no2)C1,3.4528089
O=C(NCCCCCCNCCc1ccc(O)c2nc(O)sc12)Nc1ccccc1,1.5313053
COc1ccc(-c2ccc3nc(N)sc3c2)cn1,3.17344
O=c1cc(N2CCOCC2)nc2n(Cc3cccc4ccccc34)ccn12,3.0922174
CC(C)Oc1cc(OCCc2cccnc2)cc(C(=O)Nc2ccc(C(=O)O)cn2)c1,0.92633927
Cc1ccc(NC(=O)c2ccnc(N3CCOCC3)c2)cc1Nc1ccnc(OC2CCN(C)CC2)n1,1.8661505
COCCNCc1cccc(CCNC[C@H](O)c2ccc(O)c3[nH]c(=O)sc23)c1,-0.50050783
COCCNCc1ccc(CCNC[C@H](O)c2ccc(O)c3[nH]c(=O)sc23)cc1,-0.501719
Cc1nc2nc(-c3cccnc3)nn2c(O)c1Cc1ccccc1,1.2007496
O=c1[nH]c2c(O)ccc([C@@H](O)CNCCSCCCOCCc3ccccc3)c2s1,1.9440434
Cc1c(Sc2ccc(Cl)cc2)c2cc(-c3ccccc3)ccc2n1CC(=O)O,2.8007355
Cc1ccc(S(=O)(=O)Nc2c(C(=O)N[C@@H](C)C(C)(C)C)c(C)nn2C2CCOCC2)cc1,0.7639469
CC(C)C(NC(=O)Cn1c(-c2ccccc2)ncc(NC(=O)OCC(F)(F)F)c1=O)C(=O)C(F)(F)F,2.0777256
CC(C)C(NC(=O)Cn1c(-c2cc(F)cc(F)c2)ncc(N)c1=O)C(=O)C(F)(F)F,1.6464221
COC(=O)Nc1cnc(-c2ccc(F)cc2)n(CC(=O)NC(C(=O)C(F)(F)F)C(C)C)c1=O,1.7433743
CNc1cnc(-c2ccc(F)cc2)n(CC(=O)NC(C(=O)C(F)(F)F)C(C)C)c1=O,1.6207927
CC(C)C(NC(=O)Cn1c(-c2ccc(F)cc2)ncc(N)c1=O)C(=O)C(F)(F)F,1.3803897
Nc1cccc2c1C(=O)C(=O)c1ccccc1-2,2.466844
O=C1C(=O)c2cccc([N+](=O)[O-])c2-c2ccccc21,2.7928228
Nc1ccc2c(c1)C(=O)C(=O)c1ccccc1-2,2.0867505
O=C1C(=O)c2cc([N+](=O)[O-])ccc2-c2ccccc21,3.0393088
CC(C)(C)C(=O)Nc1ccc2c(c1)C(=O)C(=O)c1ccccc1-2,3.1430774
COC(=O)CCCC(=O)Nc1ccc2c(c1)-c1ccccc1C(=O)C2=O,2.9201317
O=C1C(=O)c2ccc([N+](=O)[O-])cc2-c2ccccc21,3.0463543
Nc1ccc2c(c1)-c1ccccc1C(=O)C2=O,2.092101
COC(=O)CCCCCCC(=O)Nc1ccc2c(c1)C(=O)C(=O)c1ccccc1-2,3.3788986
COC(=O)CCC(=O)Nc1ccc2c(c1)C(=O)C(=O)c1cc(NC(=O)CCC(=O)OC)ccc1-2,2.0499797
Nc1ccc2c(c1)C(=O)C(=O)c1cc(N)ccc1-2,1.2229707
O=C1C(=O)c2ccccc2-c2ccccc21,2.9498096
Nc1cccc2c1-c1ccccc1C(=O)C2=O,2.1010818
COC(=O)CCC(=O)Nc1ccc2c(c1)-c1ccccc1C(=O)C2=O,2.516429
COC(=O)CCCCCCC(=O)Nc1ccc2c(c1)-c1ccccc1C(=O)C2=O,3.3861918
CCCC(=O)Nc1ccc2c(c1)C(=O)C(=O)c1ccccc1-2,3.025586
CC(C)(C)OC(=O)N1CCN(c2ncc(OCc3ccc(S(C)(=O)=O)cc3)nn2)CC1,2.846078
Cc1cccc([C@H](C)c2c[nH]c(=S)[nH]2)c1C,2.667088
O=S(=O)(Nc1ccc(S(=O)(=O)Nc2nccs2)cc1)c1ccc2c(c1)OCCO2,1.4119236
CCOC(=O)N1CCN(C(=O)[C@H](Cc2cccc(C(=N)N)c2)NS(=O)(=O)c2c(C(C)C)cc(C(C)C)cc2C(C)C)CC1,1.7908353
CC(=O)NC[C@H]1CN(c2ccc(-n3cc(C#N)nn3)c(F)c2)C(=O)O1,0.85223603
NC(=O)c1ccc(O[C@@H]2C[C@@H]3CC[C@H](C2)N3Cc2ccccc2)nc1,1.2601371
NC(=O)c1cccc(O[C@@H]2C[C@@H]3CC[C@H](C2)N3Cc2ccccc2)n1,1.7741979
CC(=O)c1ccc(S(=O)(=O)NC(=O)NC2CCCCC2)cc1,0.35083354
Cc1cc(C)cc(-c2[nH]c3ccc(C(C)(C)C(=O)N4C5CCC4CC5)cc3c2CCNCCCCc2ccncc2)c1,3.870263
Cc1ccc(S(=O)(=O)Nc2c(C(=O)N[C@@H](C)C(C)(C)C)c(C)nn2C2CCC2)cc1,1.5507358
COc1cc(F)ccc1-c1cccc(CNC2CCCC2)n1,2.1435301
CCC1=C(C)CN(C(=O)NCCc2ccc(S(=O)(=O)NC(=O)N[C@H]3CC[C@H](C)CC3)cc2)C1=O,1.24648
Cc1c(CN(C)C(=O)/C=C/c2cnc3c(c2)CCC(=O)N3)oc2ccccc12,3.0310435
COc1cnc(-c2ccccn2)nc1N1CCOCC1,1.4584081
CC1(C)Cc2c(-c3ccccc3)c(-c3ccc(Cl)cc3)c(CC(=O)O)n2C1,2.371797
O=C(Nc1cccc2cccnc12)c1ccc(N2C(=O)[C@H]3[C@H]4C=C[C@H](C4)[C@H]3C2=O)cc1,3.339346
O=S(=O)(NCCNc1ncccn1)c1cccc2cnccc12,0.80039847
Cc1nn(C)c2cc(N3CCN(C(=O)[C@@H]4CCCC[C@H]4C(=O)NC4(C#N)CC4)[C@H](C)C3)ccc12,2.3746333
O=C(NCc1ccccn1)c1ccc(Oc2ccccc2)cc1,2.9420648
CN(C)CCC=C1c2ccccc2C=Cc2ccccc21,2.5571465
Cc1cccc([C@H](C)c2c[nH]cn2)c1C,2.8022678
O=C(NCC12CC3CC(CC(C3)C1)C2)c1cc(CN2CCNCC2)ccc1Cl,1.6639773
CC(C)(C)OC(=O)c1ncn2c1[C@@H]1CCCN1C(=O)c1c(Br)cccc1-2,2.791871
Cc1nnc(NS(=O)(=O)c2ccc(N)cc2)s1,-1.2180176
O=c1cc(N2CCOCC2)oc2c(-c3ccccc3)cccc12,3.3425734
COc1ccc(N(C(=O)c2ccoc2Cl)C(C(=O)NC[C@@H](C)O)c2ccccc2F)c(OC)c1,2.1660788
O=C(O)COc1ccc(Cl)cc1CN1CCCN(S(=O)(=O)c2ccccc2)CC1,0.28231573
CC(C)Cn1c(=O)n(C)c(=O)c2c(C(=O)N3C[C@H](O)CO3)c(Cc3c[nH]c4ncccc34)sc21,1.9106834
Cc1ccc2c(c1)C1(CCN(CCc3nc(-c4ccccc4)oc3C)CC1)OC(=O)N2,3.6254568
Cc1noc(C)c1CCC1CCN(S(=O)(=O)CC2(N(O)C=O)CCC(F)(F)CC2)CC1,1.9905052
O=S(=O)(c1ccccc1-c1ccc(CNC2CCOCC2)cc1)N1CCCC1,1.4325049
C[C@@H](Oc1cccc2ncnc(Nc3ccc4c(cnn4Cc4ccccn4)c3)c12)C(=O)N(C)C,3.2571037
Nc1nc(SCc2ccccc2)nc2c1ncn2[C@@H]1O[C@H](CO)[C@@H](O)[C@H]1O,1.4492813
CCCCc1ncc(/C=C(\Cc2cccs2)C(=O)O)n1Cc1ccc(C(=O)O)cc1,-0.33056188
Cc1ccn2c(-c3ccnc(N)n3)c(C)nc2c1,2.067945
Cc1nc2ccc(Cl)cn2c1-c1ccnc(N)n1,2.386022
O=C(CCN1CCCCC1)Nc1ccc(-c2cccn3c(=O)cc(N4CCOCC4)nc23)c2sc3ccccc3c12,3.4687123
NC(=O)N1c2ccccc2CC(=O)c2ccccc21,1.4882293
Cc1ncc([N+](=O)[O-])n1CCO,-0.055933
Cc1ccsc1C(=CCCN1CCC[C@@H](C(=O)O)C1)c1sccc1C,1.7917147
COc1ccc(CNC(=O)CSc2nc3cccnc3s2)cc1,2.7270827
CCN(c1ccccc1)c1cc(NC)[n+](C)c(C)n1,-1.1094434
Cc1ccc(-c2cn(C)cn2)cc1NC(=O)c1ccc(OCc2ccccn2)cc1,3.2628078
Cc1nc(-c2ccc(C)c(NC(=O)c3ccc(OCc4ccccn4)cc3)c2)c[nH]1,3.1478772
Cc1ccc(-c2cn(C)c(C)n2)cc1NC(=O)c1ccc(OCc2ccccn2)cc1,3.0566697
Cc1ccc(-c2c[nH]cn2)cc1NC(=O)c1ccc(OCc2ccccn2)cc1,3.0503988
CC(=O)O[C@H]1CC[C@]2(C=O)[C@H]3CC[C@]4(C)[C@@H](C5=CC(=O)OC5)CC[C@]4(O)[C@@H]3CC[C@]2(O)C1,0.8031808
COc1cc(C(=O)Nc2ccc(Cl)c(-c3nc4ccccc4[nH]3)c2)cc(OC)c1OC,3.6806054
CC1(C)CCC(c2ccc(Cl)cc2)=C(CN2CCN(c3ccc(C(=O)NS(=O)(=O)c4ccc(N[C@H](CCN5CCOCC5)CSc5ccccc5)c(S(=O)(=O)C(F)(F)F)c4)cc3)CC2)C1,2.5801537
Cc1nc(-c2ccc(CN3CCC(n4c(=O)[nH]c5ccccc54)CC3)cc2)c(-c2ccccc2)[nH]c1=O,3.5766711
NS(=O)(=O)c1cc(C(=O)O)cc(N2CCCC2)c1Oc1ccccc1,-0.6263859
CC(C)(C(=O)Nc1nnc(C(=O)Nc2ccc(N3CCOCC3)cc2)o1)c1ccc(Cl)cc1,3.2352138
O=C(Nc1ccccn1)c1ccccc1,1.9711819
CC(C)COc1cc(OC(C)C)cc(C(=O)Nc2ccc(C(=O)O)cn2)c1,1.6490445
CO[C@H]1CC[C@]2(CC1)Cc1ccc(-c3cncc(Br)c3)cc1C21N=C(C)C(N)=N1,3.5721316
COc1cc(Nc2ncnc3cccc(O[C@H](C)C(=O)N4CCOCC4)c23)ccc1Oc1ccc(C)nc1,3.4555762
Cc1ccc(Oc2ccc(Nc3ncnc4cccc(O[C@H](C)C(=O)N5CCOCC5)c34)cc2C)cn1,3.644155
Nc1ncnc2c1C(=O)N(c1ccc([C@H]3CC[C@H](CC(=O)O)CC3)cc1)CCO2,-0.22246289
O=c1ncn2nc(Sc3ccc(F)cc3F)ccc2c1-c1c(Cl)cccc1Cl,3.511794
Cc1nnc(C)c2cc(N3CCN(C(=O)[C@@H]4CCCC[C@H]4C(=O)NC4(C#N)CC4)[C@H](C)C3)ccc12,2.0836992
O=C(O)COc1ccc(C(F)(F)F)cc1-c1ccccc1-c1ccccc1,1.3595208
Cc1ncc(-c2ccnc(Nc3ccc(N4CCOCC4)cc3)n2)n1C(C)C,2.9727054
Cc1ncc(-c2nc(Nc3ccc(N4CCOCC4)cc3)ncc2F)n1C(C)C,3.268865
Cn1c(-c2ccc(O)nc2)nc2ccccc21,2.0326478
O=C(Nc1ccc(Cl)c(Cl)c1)N1CCN(C[C@@H]2CCCN(Cc3ccccc3)C2)CC1,3.6869264
COc1cccc(Nc2c(C(N)=O)cnc3c(C)cc(S(=O)(=O)c4cccc(C(=O)N(C)C)c4)cc23)c1,2.9825988
CNS(=O)(=O)CCc1ccc2[nH]cc(C3CCN(C)CC3)c2c1,1.0656883
CN1Cc2c(N)cccc2C(c2ccccc2)C1,1.8812735
CN1Cc2c(N)cccc2[C@@H](c2ccccc2)C1,1.8501321
CN1Cc2c(N)cccc2[C@H](c2ccccc2)C1,1.9326503
CN1Cc2ccccc2C(c2ccc(Cl)cc2)C1,3.2165885
C[C@H]1CN(Cc2cc(Cl)ccc2OCC(=O)O)CCN1C(=O)Cc1ccc(Cl)cc1,1.1150057
C[C@H](Oc1ccc(Cl)cc1CN1CCN(C(=O)Cc2ccc(Cl)cc2)[C@@H](C)C1)C(=O)O,1.0632554
C[C@H]1CN(Cc2cc(Cl)ccc2OCC(=O)O)C[C@@H](C)N1C(=O)Cc1ccccc1,0.6787771
C[C@H]1CN(Cc2cc(Cl)ccc2OCC(=O)O)CCN1C(=O)Cc1cccc(Cl)c1,1.1046547
C[C@H]1CN(Cc2cc(Cl)ccc2CCC(=O)O)CCN1C(=O)Cc1ccccc1,1.4964383
C[C@H]1CN(Cc2cc(Cl)ccc2CC(=O)O)CCN1C(=O)Cc1ccc(Cl)cc1,1.6742804
C[C@H]1CN(Cc2cc(Cl)ccc2OCC(=O)O)CCN1C(=O)Cc1ccccc1Cl,1.0757596
C[C@H]1CN(Cc2cc(Cl)ccc2OCC(=O)O)CCN1C(=O)Cc1ccccc1,0.38245296
COc1c(C#N)cc2ccccc2c1C(=O)N(C)C[C@@H](CCN1CCC(N2CCCNC2=O)CC1)c1ccc(Cl)c(Cl)c1,2.758203
CNC(=O)C1(N2CCCNC2=O)CCN(CC[C@H](CN(C)C(=O)c2c(OC)c(C#N)cc3ccccc23)c2ccc(Cl)c(Cl)c2)CC1,2.326357
N#CC1(NC(=O)[C@@H]2CCCC[C@H]2C(=O)N2CCN(c3nc4ccncc4s3)CC2)CC1,1.7355196
Nc1n[nH]c2ncc3c(c12)CCCCCC3,2.7283115
CNc1c(Br)cnc2[nH]c(-c3ccc(OCCCN4CCOCC4)cc3)nc12,2.9347484
COc1ccc(NC(=O)CSc2nnc(C)n2-c2ccc(C)cc2)cc1,2.676442
CCOc1ccc(-c2cnc3n2CCC3)cc1,2.6200042
N[C@H]1CCN(c2c(Cl)cccc2/C=C2\SC(=O)NC2=O)C1,1.6176047
COc1ccccc1CNCCc1cccc(CCNC[C@H](O)c2ccc(O)c3[nH]c(=O)sc23)c1,0.75863516
O=C(O)c1ccc(-n2ncc(C(=O)NC3C4CC5CC(C4)CC3C5)c2C2CCC2)cc1,1.7878709
O=C([C@H]1CCCCN1)N1CCN(c2nc(NCc3ccc(Cl)cc3Cl)c3cccnc3n2)CC1,3.0438228
N#Cc1c(C(=O)O)n(Cc2ccc(Cl)c(Cl)c2)c2ccccc12,1.5143434
CCc1c(C(=O)C(N)=O)c2c(OCC(N)=O)cccc2n1Cc1ccccc1,2.3045313
COc1ccc2c(c1)cc(C(=O)O)n2Cc1ccc(Cl)c(Cl)c1,2.211669
O=C(O)c1cc2cc([N+](=O)[O-])ccc2n1Cc1ccc(Cl)c(Cl)c1,2.2353556
O=C(O)c1cc2cc(C(F)(F)F)ccc2n1Cc1ccc(Cl)c(Cl)c1,2.8198457
O=C(O)c1cc2ccccc2n1Cc1ccccc1,0.8164222
O=C(O)c1cn(Cc2ccccc2)c2ccccc12,0.85106194
CC(=O)c1ccc2[nH]c(-c3cccnc3)cc(=O)c2c1,2.2390487
CNC(=O)c1ccc2c(=O)cc(-c3cccnc3)[nH]c2c1,1.3481419
c1ccc2[nH]c(CCCc3nc4ccccc4[nH]3)nc2c1,3.1237047
COc1nc(Br)cnc1NS(=O)(=O)c1ccc(Cl)s1,1.4586414
O=C1NC(=O)/C(=C/c2ccc3c(c2)OC(F)(F)O3)S1,3.2436533
CC(C)c1nc(N2CCN(c3ncc(OCc4ccncc4C#N)cn3)[C@H](C)C2)no1,3.5701325
C[C@@H]1CN(c2noc(C(F)(F)F)n2)CCN1c1ncc(OCc2ccncc2C#N)cn1,3.4889488
Cc1nc(N2CCN(c3ncc(OCc4ccncc4C#N)cn3)[C@H](C)C2)no1,2.8548288
C[C@@H]1CN(c2noc(C(F)F)n2)CCN1c1ncc(OCc2ccncc2C#N)cn1,3.331685
CN(C)c1cccc2c(S(=O)(=O)N(C)CC(=O)O)cccc12,-1.2173827
Oc1cccc2ccccc12,2.6437905
COc1ccc2cc(C(C)C(=O)O)ccc2c1,0.1594305
COc1ccc2cc([C@H](C)C(=O)O)ccc2c1,0.09964895
CN(C/C=C/C#CC(C)(C)C)Cc1cccc2ccccc12,3.1852932
CC(C)NC[C@H](O)COc1cccc2ccccc12,0.81952417
CC(C)NC[C@@H](O)COc1cccc2ccccc12,0.9469303
CN(C)c1cccc2c(S(N)(=O)=O)cccc12,1.7425706
COc1ccc2cc(CCC(C)=O)ccc2c1,2.9802117
Oc1ccc(Br)c2ccccc12,3.1362026
c1ccc2ccccc2c1,2.8902364
CS(=O)(=O)c1ccccc1C(=O)NC[C@@H](O)CN1CCC(Oc2ccc(Cl)c(Cl)c2)CC1,2.667068
N#Cc1cccc(C(=O)NC[C@@H](O)CN2CCC(Oc3ccc(Cl)c(Cl)c3)CC2)c1,3.294023
COc1cc(C(=O)NC[C@@H](O)CN2CCC(Oc3ccc(Cl)c(Cl)c3)CC2)ccc1N,3.0137868
CNc1c(Br)cnc2[nH]c(-c3ccnc(N)c3)nc12,2.2498908
Cn1cnc([N+](=O)[O-])c1Sc1ncnc2nc[nH]c12,0.055325985
Cc1nc(-c2ccccc2)c(-c2ccc(CN3CCC(n4c(=O)[nH]c5ccccc54)CC3)cc2)[nH]c1=O,3.5720553
Nc1ccc2c(c1)C(=O)c1ccccc1-2,2.189028
CC(C)OC(=O)N1CCC(Oc2ncnc3c2cnn3-c2ccc(S(C)(=O)=O)cc2F)CC1,2.880927
CC(C)N(C(=O)C(c1cccnc1)C(CNC(=O)NCc1ccccc1F)c1ccccc1)C(C)C,3.67048
CC(C)N1CCN[C@@H](CN2CCN(C(=O)Nc3ccc(Cl)c(Cl)c3)CC2)C1,2.0297558
COC[C@H](C)Oc1cc(O[C@@H](C)Cc2ccccc2)cc(C(=O)Nc2ccc(C(=O)O)cn2)c1,1.7839309
CS(=O)(=O)c1ccc(-c2cnc(N)c(-c3ccc(C(F)(F)F)nc3)c2)cc1,2.7861848
CC(=O)N1CCN(CCOc2ccc(C3(O)CCN(c4ccc5nnc(C(F)(F)F)n5n4)CC3)cc2)CC1,2.187823
CC(=O)N1CCN(CCOc2ccc(C3CCN(c4ccc5nnc(C(F)(F)F)n5n4)CC3)cc2)CC1,3.2185364
Cc1cccc(Br)c1C(=O)N[C@@H](Cc1ccc(NC(=O)c2c(Cl)cccc2Cl)cc1)C(=O)O,0.5690204
COc1cc(CNc2nc3ccccc3[nH]2)cc(OC)c1OC,2.8553212
c1ccc(CNc2nc3ccccc3[nH]2)cc1,3.091186
Cc1sc2ncnc(SCC(=O)N3CCCC3)c2c1C,2.6473522
CC(C)Cn1c(=O)n(C)c(=O)c2c(C(=O)N3C[C@H](O)CO3)c(Cc3ccnc4ccccc34)sc21,2.4550097
Cc1cc2c(C(C)C)c(O)c(O)c(C=O)c2c(O)c1-c1c(C)cc2c(C(C)C)c(O)c(O)c(C=O)c2c1O,2.9348626
Cc1nc(Cl)c(Cl)n1Cc1sc2c(c1C(=O)N1CC[C@@H](O)C1)c(=O)n(C)c(=O)n2CC(C)C,1.8915993
Cc1ccc(S(=O)(=O)N2CCN(C(=O)c3ccco3)CC2)cc1,2.738304
CCOc1ccc(-n2c([C@@H](C)N(CC3CCN(C)CC3)C(=O)Cc3ccc(F)c(C(F)(F)F)c3)nc3ncccc3c2=O)cc1,2.1749103
CC1(O)CN(S(=O)(=O)c2ccc3c(C(=O)NC[C@@H](O)CN4CCC(Oc5ccc(Cl)c(Cl)c5)CC4)c[nH]c(=O)c3c2)C1,3.0504293
O=C(NC[C@@H](O)CN1CCC(Oc2ccc(Cl)c(Cl)c2)CC1)c1c[nH]c(=O)c2cc(S(=O)(=O)N3CCC3)ccc12,3.2283816
COC(=O)N1CCN(C(=O)Cc2ccc(Cl)c(Cl)c2)[C@@H](CN2CCCC2)C1,2.0331085
COC(=O)N1CCN(C(=O)Cc2ccc(Cl)c(Cl)c2)[C@H](CN2CCCC2)C1,2.0793114
Cc1occc(=O)c1OCc1ccccc1,2.0688987
Cc1occc(=O)c1OCc1ccc(F)cc1,2.3197985
COC[C@@H](c1ccc(C(F)(F)F)cc1)N1CCN(C2(C)CCN(C(=O)c3c(C)ncnc3C)CC2)C[C@@H]1C,2.324583
Cc1ccc(C(=O)Oc2ccc(C(O)CNC(C)(C)C)cc2OC(=O)c2ccc(C)cc2)cc1,3.3285844
CC(C)N(CCCNC(=O)Nc1ccc(C(C)(C)C)cc1)C[C@H]1O[C@@H](n2ccc3c(N)ncnc32)[C@H](O)[C@@H]1O,2.2272499
Cc1nn(-c2ccccc2)c(NS(=O)(=O)c2cccc(CN3CCOCC3)c2)c1C(=O)N[C@@H](C)C(C)(C)C,0.2296375
Nc1nnc(CCSCCc2nnc(N)s2)s1,0.16951454
Cc1ccc(CO)cc1N(C)c1ccnc(Nc2cc(OC3CCOCC3)cc(N3CCOCC3)c2)n1,3.7113814
O=C(Nc1ccc(N2CCNCC2)cc1)c1ccc(-c2ccc(Cl)cc2)o1,2.8002965
CCN(C(=O)c1ccc(-c2ccc(Cl)cc2)o1)c1ccc(N2CCNCC2)cc1,2.8134363
CCCSc1nc(NC[C@H]2CC[C@H](C(=O)O)CC2)ccc1C(=O)NC1CCCCC1,2.294505
Nc1nc(N)nc(-c2ccc(Cl)cc2)n1,1.8053622
CSc1nc(N)nc(-c2ccccc2)n1,2.5080307
Nc1nc(N)nc(-c2cccc(C(F)(F)F)c2)n1,1.9929423
CN1CCN(c2nc3ccccc3cc2Cn2nc(-c3ccc4nc(N)sc4c3)c3c(N)ncnc32)CC1,3.4992142
Fc1cccc(COc2ccc(Nc3ncnc4ccc(-c5cccc(N6CCOCC6)c5)cc34)cc2Cl)c1,4.496274
O=C(Cc1cccc2ccccc12)Nc1ccccc1,3.3785014
COc1cc2c(cc1-c1c(C)noc1C)ncc1[nH]c(=O)n([C@H](C)c3ccccn3)c12,3.2663202
COC1(c2ccc(NC(=O)c3cc(=O)c4cc(F)cc(-c5c(C)nn(C)c5C)c4o3)cn2)CCOCC1,2.8768542
O=C1CN(C(=O)c2ccco2)c2ccccc2N1,1.3182781
N#Cc1nc(Nc2ccccc2)c(N)c(N2CCOCC2)n1,3.04303
C[C@@](N)(Cc1ccccc1)c1ccccc1,1.1299702
Oc1ccc(CCc2ccc(O)cc2)cc1,3.2324338
NC(Cc1ccccc1)c1ccccc1,1.2552
C[C@](N)(Cc1ccccc1)c1ccccc1,1.264858
COc1ccc2nc(C)cc(OCC(=O)NCc3ccccc3)c2c1,2.9837325
CC1Sc2c(C(=O)O)c(=O)c3cc(F)c(N4CCNCC4)cc3n21,-1.4557683
Cc1ccc(NC(=O)c2ccnc(N3CCOCC3)c2)cc1Nc1ccnc(OCC(C)(C)CN(C)C)n1,2.0963242
Cc1ccc(NC(=O)c2ccnc(N3CCOCC3)c2)cc1Nc1ccnc(OCCCN(C)C)n1,1.2462034
Cc1ccc(NC(=O)c2ccnc(N3CCOCC3)c2)cc1Nc1ccnc(Cl)n1,2.9825535
N#Cc1cnn2c(N)cc(-c3cccs3)nc12,2.0422692
COc1ccccc1C(C#N)NC(=O)[C@@H]1CCCC[C@H]1C(=O)N1CCN(Cc2ccc(F)cc2)CC1,3.2861667
NC(=O)c1cncc(O[C@@H]2C[C@@H]3CC[C@H](C2)N3Cc2ccccc2)n1,1.3478165
CCCC(=O)N1CCN(c2nnc(-c3ccccc3)c3ccccc23)CC1,3.4978907
O=C1CCOc2nc(COc3ccccc3)ccc21,2.43872
CCCCCCCN(CCc1ccc(OC(C)(C)C(=O)O)cc1)C(=O)Nc1ccc(F)cc1F,2.2972033
OCC(CO)Nc1nc(SCc2cccc(F)c2F)nc2nc(NC3CC3)sc12,3.539938
C[C@H](CO)Nc1nc(SCc2cccc(F)c2F)nc2nc(NC3CC3)sc12,3.8836055
CCN(C(=O)Cc1ccc(S(C)(=O)=O)cc1)C1CCN(CC[C@@H](c2cc(F)cc(F)c2)N2CCN(S(C)(=O)=O)CC2)CC1,2.0176668
CCN(C(=O)Cc1ccc(S(C)(=O)=O)cc1)C1CCN(CC[C@@H](c2ccccc2)N2CCN(S(=O)(=O)CC(F)(F)F)CC2)CC1,2.2238042
CCN(C(=O)Cc1ccc(S(C)(=O)=O)cc1)C1CCN(CC[C@@H](c2ccccc2)N2CCN(S(=O)(=O)C(F)(F)F)CC2)CC1,2.5853372
CC(C)Oc1cc(OCCc2ccsc2)cc(C(=O)Nc2ccc(C(=O)O)cn2)c1,1.7920408
Cc1nn(-c2ccccc2)c(NS(=O)(=O)C2CCCCC2)c1C(=O)N[C@@H](C)C(C)(C)C,1.9901066
Clc1ccc(-c2nnc3cccc(Cl)n23)c(Cl)c1,3.2815607
Clc1cccc(Cl)c1-c1nnc2cccc(Cl)n12,3.0769253
Cc1c(-c2ccccc2F)c(=O)n(C[C@H](N)c2ccccc2)c(=O)n1Cc1c(F)cccc1F,2.9436507
CCCc1nc2c(C)cc(-c3nc4ccccc4n3C)cc2n1Cc1ccc(-c2ccccc2C(=O)O)cc1,3.474961
O=S(=O)(CCOCc1cccc2ccccc12)NCCCNCCc1ccc(O)c2nc(O)sc12,2.0507417
CC(=O)c1ncccc1NC(=O)[C@H]1CC[C@H](N2C(=O)[C@H]3[C@H]4CC[C@H](C4)[C@H]3C2=O)CC1,3.0916915
Cn1c(=O)c2[nH]cnc2n(C)c1=O,-0.28243637
Cn1c(=O)c2c(ncn2C)n(C)c1=O,-0.14502668
Cn1c(=O)c2c(ncn2CC(O)CO)n(C)c1=O,-0.877414
CC(=O)CCCCn1c(=O)c2c(ncn2C)n(C)c1=O,0.6167581
O=c1[nH]c2c(O)ccc([C@@H](O)CNCCc3cccc(-c4cccc(CNCc5ccccc5)c4)c3)c2s1,2.178915
O=C(CSc1nccn(-c2ccc(F)c(F)c2)c1=O)NC1CCCC1,1.9526784
CC(C)(Cc1cccc(CC(=O)NCc2cccc(-c3ccc(O)cc3)c2)c1)NC[C@H](O)c1ccc(O)c(NS(C)(=O)=O)c1,1.8555927
CCCCC(NC(=O)CC1CCN(Cc2ccn(-c3ccc(C(F)(F)F)cc3)c2)CC1)c1ccc(=O)[nH]c1,3.2325187
Fc1ccc(CN2CCN(C3=Nn4c(nnc4C(F)(F)F)CC3)CC2)cc1,2.297451
Fc1ccc(-n2cc(C3CCNCC3)c3cc(Cl)ccc32)cc1,2.226855
NC1(C(=O)NC(CCCN2CCCC2)c2ccc(Cl)cc2)CCN(c2ncnc3[nH]ccc23)CC1,1.7218716
COc1ccccc1OCCNCC(O)COc1cccc2[nH]c3ccccc3c12,2.8049555
O=C(Nc1ccc(Oc2cccnc2)nc1)c1nnc(Nc2ccccc2F)o1,3.3037453
Cc1sc2ncnc(N3CCN(c4ncccn4)CC3)c2c1C,3.4834805
CN(C)C(=O)[C@H](Cc1ccccc1)NC(=O)c1cc2cc(F)ccc2[nH]1,3.3535876
CN(C)C(=O)[C@H](Cc1ccccc1)NC(=O)c1cc2ccccc2[nH]1,3.2596688
CN(C)C(=O)[C@H](O)[C@H](Cc1ccccc1)NC(=O)c1cc2cc(Cl)ccc2[nH]1,3.2664433
CC(C)[C@@H](CN1CC[C@@](C)(c2cccc(O)c2)[C@@H](C)C1)NC(=O)[C@H]1Cc2ccc(O)cc2CN1,2.6381364
O=C(N[C@@H](c1ccccc1)[C@@H]1CCCCN1)c1cccc(C(F)(F)F)c1Cl,2.3804963
Cc1ccc(-c2c[nH]nn2)cc1,1.5497761
Clc1ccc(-c2c[nH]nn2)cc1,1.8556377
O=c1c2ccccc2oc2cc(O)cc(O)c12,3.0045347
O=c1c2ccccc2oc2cccc(O)c12,3.1336298
CC(C)(F)C[C@H](N[C@@H](c1ccc(-c2ccc(S(C)(=O)=O)cc2)cc1)C(F)(F)F)C(=O)NC1(C#N)CC1,3.4857402
Cc1c(-c2ccccc2)oc2c(C(=O)OCCN3CCCCC3)cccc2c1=O,3.5482287
CC(C)(C)NS(=O)(=O)c1cncc(-c2ccc3nc(N)nn3c2)c1,1.0857148
CNC(=O)Nc1nc2ccc(-c3cncc(S(=O)(=O)NC(C)(C)C)c3)cn2n1,1.7220159
CC(C)Oc1cc(Nc2nc3c(cc2F)ncn3[C@@H](CO)c2ccc(F)cn2)n[nH]1,3.0422096
CCOc1cc(Nc2nc3c(cc2F)ncn3[C@@H](CO)c2ccc(F)cn2)n[nH]1,2.61
COc1cc(Nc2nc3c(cc2F)ncn3[C@@H](CO)c2ccc(F)cn2)n[nH]1,2.3683662
Cc1nc(C(=O)N2CCOC3(CCN(Cc4ccc(Cl)cc4)CC3)C2)cs1,1.4289033
O=c1oc(-c2ccccc2)cc2ccccc12,3.3186312
CO[C@H]1CC[C@]2(CC1)Cc1ccc(OCC(C)C)cc1C21N=C(C)C(N)=N1,3.633706
Nc1nonc1/C(=N/O)Nc1ccc(F)c(Cl)c1,2.7228231
CC1CN(C(=O)c2nnc3c(-c4ncccn4)cccc3c2N)C1,1.209058
O=S(=O)(CCCOCCc1nccc2ccccc12)CCNCCc1ccc(O)c2nc(O)sc12,2.2432559
COc1cc(-c2ccc(Nc3ccccc3C(=O)O)c(OC)c2)ccc1Nc1ccccc1C(=O)O,1.4637735
CC1(C)[C@@H]2CC[C@@]1(CS(=O)(=O)NC1CCN(c3ccc(C(F)(F)F)cn3)CC1)C(=O)C2,3.3118443
Cc1ccccc1C(=O)N1CCN(c2ccccn2)CC1,2.492537
O=C(c1cccc(Cl)c1Cl)N1CCN(c2ccccn2)CC1,3.1973736
C[C@@H](Oc1ccc(S(C)(=O)=O)cc1C(=O)N1CCN(c2ncc(C(F)(F)F)cc2F)CC1)C(F)(F)F,3.2947993
c1ccc(Nc2ccccc2)cc1,2.9489253
O=C(O)Cc1ccccc1Nc1c(Cl)cccc1Cl,1.191082
COc1ccc(Nc2ccccc2C(=O)O)cc1,1.0701127
Cc1ccc(Nc2c(F)cccc2Cl)c(CC(=O)O)c1,1.3490908
Cc1ccc(Cl)c(Nc2ccccc2C(=O)O)c1Cl,2.2871025
Cc1cccc(Nc2ccccc2C(=O)O)c1C,1.7991601
O=C(O)c1ccccc1Nc1cccc(C(F)(F)F)c1,1.9069679
COc1ccc(-c2cccc3c(N)c4c(nc23)CN(C2CCC2)C4=O)c(C)n1,3.3372169
COc1ncccc1-c1cccc2c(N)c3c(nc12)CN(C1CCC1)C3=O,3.1173642
N#Cc1nc(N2CCOCC2)nc(N2CCOCC2)n1,1.4831259
COc1ccc(NC(=O)c2nnc(Nc3ccccc3F)o2)cn1,3.1011841
c1ccc(CCNCc2ccccc2)cc1,1.554448
C1CCc2c(c3c(N4CCCC4)nc(N4CCCC4)nc3n2CCN2CCOCC2)C1,3.8044052
O=C(c1ccc(C(=C2CCN(Cc3cscn3)CC2)c2cccc3cccnc23)cc1)N1CCOCC1,2.2913492
CC(=O)Nc1cccc(OCc2cnc(Cl)s2)c1,2.2807276
CCC(c1nc2snc(C)c2c(=O)n1Cc1ccccc1)N(CCCN)C(=O)c1ccc(C)cc1,1.4867754
CCCCNc1nc(SCCC)nc2c1nnn2[C@@H]1C[C@H](CO)[C@@H](O)[C@H]1O,2.727424
O=C1NC(c2ccc(Br)cc2)Nc2ccccc21,2.7779088
CCOC(=O)C(CCc1ccccc1)NC1CCc2ccccc2N(CC(=O)O)C1=O,0.014274359
O=C(Nc1ccc(N2CCOCC2)cn1)c1nnc(Nc2ccccc2F)o1,2.53432
N#Cc1ccc(-c2csc(Nc3ccc(O)cc3)n2)cc1,3.440579
CC[C@@H](Nc1c(Nc2cccc(C(=O)N(C)C)c2O)c(=O)c1=O)c1ccccc1,2.1729314
CC(=O)c1c(C)c2cnc(Nc3ccc(N4CCNCC4)cn3)nc2n(C2CCCC2)c1=O,1.8471403
NC(=O)c1ccn2c(-c3ccccc3)c(-c3ccc(C4(N)CCC4)cc3)nc2c1,1.7714884
NC1(c2ccc(-c3nc4ccccn4c3-c3ccccc3)cc2)CCC1,2.6639657
CC(C)C(NC(=O)Cn1c(-c2cccs2)ncc(N)c1=O)C(=O)C(F)(F)F,0.9908651
CC(C)C(NC(=O)Cn1c(-c2cccs2)ncc(NC(=O)OCC(F)(F)F)c1=O)C(=O)C(F)(F)F,1.9472998
CN1CCC(NC(=O)c2ccc(Oc3ccc(C#C[C@]4(O)CN5CCC4CC5)cc3)cc2)CC1,1.3280406
CC1(C)CC(=O)c2c(nc3ccccc3c2N)C1,2.6693385
O=C1CC2(CCCC2)CC(=O)N1CCCCN1CCN(c2ncccn2)CC1,1.3200934
Cc1ccc(C(=O)C(C)CN2CCCCC2)cc1,1.9245274
N#Cc1ccc(NC(=O)Nc2ccccc2Br)c2nn[nH]c12,2.6908855
Cc1cnc(NC(=O)Cc2ccccc2)s1,2.8311799
O=C(Cc1ccccc1)Nc1nccs1,2.4880114
CCCc1c(OCc2cccc(NC(=O)Cc3ccccc3C(=O)O)c2)ccc(C(C)=O)c1O,2.8196502
CC1Cc2ccccc2N1NC(=O)c1ccc(Cl)c(S(N)(=O)=O)c1,1.6717418
COC(=O)Nc1nc2ccc(C(=O)c3ccccc3)cc2[nH]1,2.997829
Nc1nc2ccc(C(=O)c3ccccc3)cc2[nH]1,2.4776895
NC1(c2ccc(-c3nc4ccn5c(=O)[nH]nc5c4cc3-c3ccccc3)cc2)CCC1,2.4373453
CC(C)C(NC(=O)Cn1c(-c2ccccc2)ccc(NC(=O)NCc2ccncc2)c1=O)C(=O)C(F)(F)F,2.59112
CCCNC(=O)CSc1ccc(S(=O)(=O)N2CCCC2)cn1,1.0110639
COc1ccccc1Oc1c(NS(=O)(=O)c2ccc(C(C)(C)C)cc2)nc(-c2ncccn2)nc1OCCO,1.4477998
CCOc1nc2cccc(C(=O)O)c2n1Cc1ccc(-c2ccccc2-c2nnn[nH]2)cc1,0.5204346
NC(=O)N1c2ccccc2C=Cc2ccccc21,2.0079634
COC(=O)C1=C(C)NC(C)=C(C(=O)OC(C)C)[C@@H]1c1cccc2nonc12,3.4890876
CCOc1ccc(-n2c(CC)nc3ccccc3c2=O)cc1,2.7907515
O=c1c2ccc(O)cc2ncn1-c1ccc(O)cc1,1.7783353
CSc1ccc(N2C(N)=NC(N)=NC2(C)C)cc1,-0.755147
CC1N=C(N)N=C(N)N1c1ccc(Cl)cc1,-0.7531967
COc1cc2c(Nc3ncc(CC(=O)Nc4cccc(F)c4)s3)ncnc2cc1OCCCN1CCC(CO)CC1,2.8704839
CSc1ccc(OCc2ccccc2)c(/C=C/c2ccc(C(=O)O)cn2)c1,2.1392148
NC(=O)c1cccc(OC2CCN(Cc3ccccc3)CC2)c1,2.2488656
COc1cc2ncnc(N3CC[C@@H](Oc4cnc5ccccc5n4)C3)c2cc1OC,3.518885
O=c1[nH]c2c(O)ccc([C@@H](O)CNCCc3ccc(CNCCc4ccccn4)cc3)c2s1,-0.02629304
C[C@@H](NC(=O)C1CCCCN1C)c1ccc(Nc2ncc3cc(-c4ccncc4)ccc3n2)cc1,2.6192334
C[C@@H](NC(=O)[C@H]1CCCCN1)c1ccc(Nc2ncc3cc(-c4ccncc4)ccc3n2)cc1,2.510487
COc1cc(N2CCN(C)CC2)c2[nH]c(C(=O)Nc3ccc(N4CCOCC4)cc3)cc(=O)c2c1,2.2778811
CN1CCN(c2cc(F)cc3c(=O)cc(C(=O)Nc4ccc(N5CCOCC5)cc4)[nH]c23)CC1,2.452382
Cc1cc(C(C)Nc2ccccc2)c2nc(N3CCOCC3)cc(=O)n2c1,3.1288035
CO[C@H]1CN(Cc2ccc(C(F)(F)F)cc2)CC[C@H]1N(C)C(=O)Cc1ccc(-n2cnnn2)cc1,2.883613
CO[C@@H]1CN(Cc2ccc(C(F)(F)F)cc2)CC[C@@H]1N(C)C(=O)Cc1ccc(-n2cnnn2)cc1,2.8604772
CN(C(=O)Cc1ccc(-n2cnnn2)cc1)[C@@H]1CCN(Cc2ccc(C(F)(F)F)cc2)C[C@@H]1F,2.9183464
CN(C(=O)Cc1ccc(-n2cnnn2)cc1)[C@H]1CCN(Cc2ccc(C(F)(F)F)cc2)C[C@H]1F,2.9409828
CN(C(=O)Cc1ccc(-n2cnnn2)cc1)C1CCN(Cc2ccc(C(F)(F)F)cc2)CC1,2.6969118
O=C(O)c1cccnc1N1CCC(CN2CCC(Oc3ccc(Cl)c(Cl)c3)CC2)CC1,2.4053776
Cc1ccc(C(=O)NC(C)C)cc1-n1cnc2ccc(N3CCN(C)CC3)cc2c1=O,1.5298893
CCNC(=O)c1ccc(C)c(-n2cnc3ccc(N4CCN(C)CC4)cc3c2=O)c1,1.4823987
CCCSc1nc(N[C@H]2CC[C@H](C(=O)O)CC2)ccc1C(=O)NC1CCCCC1,1.9354925
Cc1ccc(CNC(=O)C2CCCN2S(=O)(=O)c2ccc(F)cc2)cc1,2.9672434
CC1=C(C(=O)O)N2C(=O)[C@@H](NC(=O)[C@H](N)c3ccc(O)cc3)[C@H]2SC1,-1.0516593
Cc1ncc(-c2nc(Nc3ccc(C(=O)N4CCN(C)CC4)cc3)ncc2F)n1C(C)C,2.6174333
Cc1ncc(-c2ccnc(Nc3ccc(C(=O)N4CCN(C)CC4)cc3)n2)n1C(C)C,2.2755861
Cc1cc(N)c2cc(NC(=O)CC(=O)Nc3ccc4nc(C)cc(N)c4c3)ccc2n1,1.347181
O=C(NCC(=O)N(CCO)c1ccccc1)c1cc2cc(Cl)ccc2[nH]1,2.8503423
COc1cc2c(c(OC)c1OC)-c1ccc(OC)c(=O)cc1[C@@H](NC(C)=O)CC2,1.0811075
COc1cc2c(c(OC)c1OC)-c1ccc(OC)c(=O)cc1C(NC(C)=O)CC2,1.1837876
CC(C)[C@H]1C(=O)N[C@H](CO)Cc2ccccc2N1C,2.0357032
Cc1ccc(S(=O)(=O)Nc2c(C(=O)N[C@@H](C)C(C)(C)C)c(C)nn2C2CCOC2)cc1,0.70255077
Nc1nc(N)c2nc(-c3ccccc3)c(N)nc2n1,1.4714614
Cn1c(N)nc(CCc2cccc(-c3ccccc3)c2)cc1=O,3.2314162
Cc1cc(O)nc(-n2nc(C)c(Oc3ccccc3O)c2C)n1,1.3661039
Nc1sc2c(c1C(=O)NCc1ccccc1)CCCC2,3.446425
Cc1cnc(-c2cc(NC(=O)c3ccc(C(F)(F)F)nc3C)ccc2Cl)[nH]1,3.451355
COc1cc2c(N3CCN(C(=O)Nc4ccc(OC(C)C)cc4)CC3)ncnc2cc1OCCCN1CCCCC1,3.3461852
CCCSc1ncccc1C(=O)N(C)[C@H]1[C@H]2CC3C[C@@H]1C[C@](O)(C3)C2,2.5419612
CCCSc1ncccc1C(=O)N(C)[C@@H]1[C@H]2CC3C[C@@H]1C[C@](O)(C3)C2,2.3905175
CCCSc1nc(NC)ccc1C(=O)N[C@H]1C2CC3CC1C[C@](O)(C3)C2,2.7083197
CCCSc1ncccc1C(=O)N[C@H]1[C@H]2CC3C[C@@H]1C[C@](O)(C3)C2,2.3720064
CC(O)(C(=O)Nc1ccc(S(=O)(=O)c2ccncc2)cc1)C(F)(F)F,2.058616
O=C(O)c1c(Sc2ccccc2)c2cc(Cl)ccc2n1Cc1ccc(Cl)cc1,3.0383031
Cc1sc2ncnc(SCC(=O)N3CCN(C(=O)c4ccco4)CC3)c2c1C,2.8073118
COC[C@H](C)Oc1cc(Oc2ccc(S(C)(=O)=O)cc2)cc(C(=O)Nc2ccc(C(=O)O)cn2)c1,0.23550737
COC[C@H](C)Oc1cc(Oc2ccccc2)cc(C(=O)Nc2ccc(C(=O)O)cn2)c1,1.1898227
COC[C@H](C)Oc1cc(Oc2ccc(Cl)cc2)cc(C(=O)Nc2ccc(C(=O)O)cn2)c1,1.8622265
COC[C@H](C)Oc1cc(Oc2cc(F)cc(F)c2)cc(C(=O)Nc2ccc(C(=O)O)cn2)c1,1.6207025
N#Cc1ccc2c(c1)NC(=O)C2c1ncnc2cc(OCCCN3CCOCC3)ccc12,1.9226291
c1cc2c(cc1-c1cnc3n1CCC3)OCCO2,2.3297422
C[C@]12CC[C@H]3[C@@H](C=CC4=CC(=O)CC[C@@]43C)[C@@H]1CC[C@@]21CCC(=O)O1,3.3628109
NC(=O)c1cnc(-c2ccc(C3(N)CCC3)cc2)c(-c2ccccc2)c1,1.3476272
COc1cc(-c2nn[nH]n2)ccc1Cn1ccc2ccc(NC(=O)OC3CCCC3)cc21,2.4565012
NC1(c2ccc(-c3nc4ccccc4cc3-c3ccccc3)cc2)CCC1,3.1881142
CCNC(=O)c1ccc(CN2CCC(c3ccc(C(=O)Nc4ccccc4N)cc3)CC2)cc1,1.9154003
CN(C)C(=O)c1ccc(CN2CCC(c3ccc(C(=O)Nc4ccccc4N)cc3)CC2)cc1,1.6891493
CNC(=O)c1ccc(CN2CCC(c3ccc(C(=O)Nc4ccccc4N)cc3)CC2)cc1,1.5353498
Nc1ccccc1NC(=O)c1ccc(C2CCN(Cc3ccccc3)CC2)cc1,2.5621445
CCN(CC)S(=O)(=O)c1ccc(-c2nnc(SCC(=O)N3CCc4ccccc43)o2)cc1,3.3912206
Cn1sc(=O)c2cc(S(N)(=O)=O)ccc21,0.6039578
CCCSc1ncccc1C(=O)N(C)C1CCOCC1,2.116362
Cc1ccc(-c2nnc(N3CCN(C(=O)c4ccco4)CC3)c3ccccc23)cc1,3.6836958
Clc1ccc2c(c1)CCc1cccnc1C2=C1CCNCC1,1.7101943
COc1cc2ncnc(Nc3cccc(Cl)c3F)c2cc1CN(C)C1(C(N)=O)CCN(C)CC1,2.8615236
O=C(NCC1CCCCC1)c1cc(-n2ncc(=O)[nH]c2=O)ccc1Cl,1.431931
COc1cc2ncnc(NCc3cccc(C)c3)c2cc1OC,3.3699875
c1ccc(CNc2ncnc3ccccc23)cc1,3.088841
CC(Nc1ncnc2ccccc12)c1ccccc1,3.1105208
COc1cc2ncnc(NCc3ccccc3)c2cc1OC,3.10877
C[C@]12CC[C@@H]3c4ccc(O)cc4CC[C@H]3[C@@H]1CCC2=O,3.400117
CC(=O)Nc1ccc(CNc2[nH]nc3ccnc(Oc4ccccc4)c23)cc1,3.376667
CC(C)C(NC(=O)Cn1c(-c2ccccc2)cc2c(=O)n(CCN3CCOCC3)c(=O)[nH]c2c1=O)C(=O)C(F)(F)F,2.073054
c1ccc(-c2ccc(COc3ccc4c(c3)CCC(CCN3CCCCC3)C4)cc2)cc1,4.153433
N#CCNC(=O)[C@@H]1CCCC[C@H]1C(=O)N1CCc2[nH]c3ccc(F)cc3c2C1,2.7017727
C[C@H](C#N)NC(=O)[C@@H]1CCCC[C@H]1C(=O)N1CCc2[nH]c3ccc(F)cc3c2C1,2.6946797
C[C@@H](C#N)NC(=O)[C@@H]1CCCC[C@H]1C(=O)N1CCc2[nH]c3ccc(F)cc3c2C1,2.7471733
CNC(=O)c1ccc(C)c(-n2c(C)cc(OCc3ccc(F)cc3F)c(Br)c2=O)c1,3.1376605
CN(C(=O)Cc1ccc(S(C)(=O)=O)cc1)[C@@H]1CCN(Cc2nc3ccccc3s2)C[C@@H]1F,2.297258
CN(C(=O)Cc1ccc(S(C)(=O)=O)cc1)[C@@H]1CCN(Cc2nc3cc(F)ccc3s2)C[C@@H]1F,2.5548477
O=c1ccc2ccccc2[nH]1,1.838116
Cc1cc(=O)[nH]c2ccccc12,2.2677631
O=C(NS(=O)(=O)c1ccc(NCCSc2ccccc2)c([N+](=O)[O-])c1)c1ccc(N2CCNCC2)cc1,0.24013186
CCn1c(=O)c2nc(-c3ccccc3)[nH]c2n(CC)c1=O,3.0612946
Cn1cc(C(=O)CCCCOc2ccc(C(=O)O)cc2)cc1C=O,0.33398843
Cc1nnc2n1-c1ccc(Cl)cc1C(c1ccccc1)=NC2,2.2035472
CCNC(=O)C[C@@H]1N=C(c2ccc(Cl)cc2)c2cc(OC)ccc2-n2c(C)nnc21,2.0987854
CCNC(=O)C[C@H]1N=C(c2ccc(Cl)cc2)c2cc(OC)ccc2-n2c(C)nnc21,2.298443
Cc1nnc2n1-c1ccc(Cl)cc1C(c1ccccc1Cl)=NC2,2.7617426
CCCc1c(OCc2cccc(NC(=O)c3ccccc3C(=O)O)c2)ccc(C(C)=O)c1O,2.573852
O=C(Oc1ccccc1O)c1cccc2ccccc12,3.4326391
N#Cc1cnn2c(NC3CC3)cc(-n3ccc4ccc(CO)cc43)nc12,2.990971
CS(=O)(=O)Cc1ccc2ccn(-c3cc(NC4CC4)n4ncc(C#N)c4n3)c2c1,3.0209444
CC(=O)Nc1cc2c(ccn2-c2cc(NC3CC3)n3ncc(C#N)c3n2)cc1C,3.3108306
CC(=O)Nc1ccc2ccn(-c3cc(NC4CC4)n4ncc(C#N)c4n3)c2c1,3.099966
CC(=O)N(C)c1ccc2ccn(-c3cc(NC4CC4)n4ncc(C#N)c4n3)c2c1,3.2011943
Cc1cc(Nc2nc(O[C@H](C)c3ccc(F)cn3)c(C#N)nc2C)n[nH]1,2.9056888
Cc1cc(Nc2nc(O[C@@H](C)c3ccc(F)cn3)c(C#N)nc2C)n[nH]1,2.7977557
FC(F)(F)c1nnc2ccc(N3CCCC3)nn12,2.4085822
CN1CC(=O)N2[C@H](Cc3c([nH]c4ccccc34)[C@H]2c2ccc3c(c2)OCO3)C1=O,2.6202123
CO[C@@H]1CN(CCn2c(=O)ccc3ccc(C#N)cc32)CC[C@H]1NCc1ccc2c(n1)NC(=O)CO2,0.8998914
CO[C@H]1CN(CCn2c(=O)ccc3ccc(C#N)cc32)CC[C@H]1NCc1ccc2c(n1)NC(=O)CO2,0.8192078
N#Cc1ccc2ccc(=O)n(CCN3CC[C@H](NCc4ccc5c(n4)NC(=O)CO5)[C@H](O)C3)c2c1,0.44991827
N#Cc1ccc2ccc(=O)n(CCN3CC[C@@H](NCc4ccc5c(n4)NC(=O)CO5)[C@@H](F)C3)c2c1,0.9193549
COc1ccc(OC)c(-c2cccc3c(N)c(C(=O)NC4(C)CCC4)nnc23)c1,3.4598804
CN1CCN(CC(=O)Nc2ccc(-c3cccn4c(=O)cc(N5CCOCC5)nc34)c3sc4ccccc4c23)CC1,3.1452885
COCCN1CCN(CC(=O)Nc2ccc(-c3cccn4c(=O)cc(N5CCOCC5)nc34)c3sc4ccccc4c23)CC1,3.2641816
N#Cc1cnn(-c2ccccc2)c1NC(=O)CN1CCOCC1,0.460819
O=C(CC12CC3CC(CC(C3)C1)C2)Nc1c(Cl)ccc2nc(CN3CCN(CCO)CC3)ccc12,3.2571368
O=C(NCc1ccco1)c1ccc2[nH]c(COc3ccc(C45CC6CC(CC(C6)C4)C5)cc3)nc2c1,4.412966
O=C(Nc1nnc(C(=O)Nc2ccc(N3CCOCC3)cc2)o1)c1ccccc1,2.0715196
O=C(Nc1nnc(C(=O)Nc2ccc(N3CCOCC3)cc2)o1)c1ccc(Cl)cc1,2.8461833
COc1cccc(-c2cc(O)c3cc(NC(C)=O)ccc3n2)c1,2.6419384
Nc1cc(-c2ccccc2)nc2ccccc12,2.7479987
CC(=O)Nc1ccc2nc(-c3cccc(F)c3)cc(O)c2c1,2.8084536
COc1cccc2c(O)cc(-c3ccccc3)nc12,3.0800178
Oc1ccc(-c2ccc3cc(O)ccc3n2)cc1,2.9732149
Oc1cccc2nc(-c3ccccc3)cc(O)c12,3.1023803
c1ccc(-c2ccc3ccccc3n2)cc1,3.302208
Oc1cc(-c2ccccc2)nc2ccccc12,3.067774
O=C(O)c1cc(-c2ccccc2)nc2ccccc12,0.5904894
COc1ccc(-c2cc(O)c3cc(Cl)ccc3n2)cc1,3.431676
CCS(=O)(=O)c1ccc(Oc2cc3nc(-c4ccccn4)[nH]c3cc2CN2C(=O)CCC2=O)cc1,2.2987237
CNc1c(Br)cnc2[nH]c(-c3ccc(OCCN4CCN(C)CC4)cc3)nc12,2.4086814
O=c1[nH]c2c(O)ccc([C@@H](O)CNCCc3ccccc3CNCCc3ccccc3F)c2s1,1.6384311
COc1cc(-c2nc(N3CCOCC3)cc(C3(S(C)(=O)=O)CC3)n2)c2cc[nH]c2c1,2.442245
CC[C@@H]1COCCN1c1cc(C2(S(C)(=O)=O)CC2)nc(-c2cccc3[nH]ccc23)n1,2.816197
C[C@@H]1COCCN1c1cc(C2(S(C)(=O)=O)CC2)nc(-c2cccc3[nH]ccc23)n1,2.6268373
CNC(=O)c1cc(-c2nc(N3CCOCC3)cc(C3(S(C)(=O)=O)CC3)n2)c2cc[nH]c2c1,1.4604002
C[C@H]1COCCN1c1cc(C2(S(C)(=O)=O)CC2)nc(-c2cccc3[nH]ccc23)n1,2.6066523
CS(=O)(=O)C1(c2cc(N3CCOCC3)nc(-c3cccc4[nH]ccc34)n2)CC1,2.2860398
Cc1ccc2[nH]ccc2c1-c1nc(N2CCOCC2)cc(C2(S(C)(=O)=O)CC2)n1,2.4852135
CCN(C)C(=O)c1ccc(C(=C2CCN(Cc3ccc(F)cc3)CC2)c2ccccc2NC(C)=O)cc1,3.3008685
CCN(CC)C(=O)c1ccc(C(=C2CCN(Cc3ccc(F)cc3)CC2)c2ccc(NC(=O)OC)cc2)cc1,3.7597466
COc1cc(F)ccc1-c1cncc(CNC(=O)C2CCC2)c1,2.8361392
COc1ccc2ncc(=O)n(CCN3CCC(NCc4cc5c(cn4)OCCO5)CC3)c2n1,0.8579484
COc1ccc(C=NN=Cc2ccc(OC)c(OC)c2)cc1OC,3.272345
CCN(C(=O)Cc1ccc(S(C)(=O)=O)cc1)C1CCN(CC[C@@H](c2cccc(C(F)(F)F)c2)C2CCN(S(C)(=O)=O)CC2)CC1,2.0752442
CCN(C(=O)Cc1ccc(S(C)(=O)=O)cc1)C1CCN(CC[C@@H](c2ccccc2)C2CCN(S(=O)(=O)C(F)(F)F)CC2)CC1,2.5208542
CCN(C(=O)Cc1ccc(S(C)(=O)=O)cc1)C1CCN(CC[C@@H](c2cccc(F)c2)C2CCN(S(C)(=O)=O)CC2)CC1,1.4439305
CCN(C(=O)Cc1ccc(S(C)(=O)=O)cc1)C1CCN(CCC(c2ccccc2)C2CCN(S(=O)(=O)CC)CC2)CC1,1.6351163
CCN(C(=O)Cc1ccc(S(C)(=O)=O)cc1)C1CCN(CC[C@@H](c2ccccc2)C2CCN(S(C)(=O)=O)CC2)CC1,1.1801368
CCN(C(=O)Cc1ccc(S(C)(=O)=O)cc1)C1CCN(CC[C@@H](c2cc(C)cc(C)c2)C2CCN(S(C)(=O)=O)CC2)CC1,2.0448675
CCN(C(=O)Cc1ccc(S(C)(=O)=O)cc1)C1CCN(CC[C@@H](c2cc(Cl)cc(Cl)c2)C2CCN(S(C)(=O)=O)CC2)CC1,2.6590433
CC(CN(C)C)CN1c2ccccc2CCc2ccccc21,2.5264764
NC(=O)N1c2ccccc2C[C@H](O)c2ccccc21,0.7978009
CN(C)CCCN1c2ccccc2CCc2ccc(Cl)cc21,3.0493898
CNCCCN1c2ccccc2CCc2ccccc21,1.3702443
CN(C)CCCN1c2ccccc2CCc2ccccc21,2.283457
Cc1cccc(CN2CCN(C(c3ccccc3)c3ccc(Cl)cc3)CC2)c1,4.015774
O=C(NCCCN1CCCCC1)C(c1ccccc1)c1ccccc1,2.0643013
Nc1[nH]ncc1-c1cc(Cl)ccc1Oc1cc(F)c(S(=O)(=O)Nc2cscn2)cc1Cl,2.1440973
Nc1n[nH]cc1-c1cc(C(F)(F)F)ccc1Oc1cc(F)c(S(=O)(=O)Nc2cscn2)cc1Cl,2.4452531
O=c1c2ccccc2nc2n1CCO2,1.1825553
NC(=O)Nc1sc(-c2ccc(OCCN3CCCCC3)cc2)cc1C(N)=O,2.0303748
CCN1CCN(c2ccc(Nc3cc(N(C)C(=O)Nc4c(Cl)c(OC)cc(OC)c4Cl)ncn3)cc2)CC1,3.4376984
CCN(C(=O)Cc1ccc(S(C)(=O)=O)cc1)C1CCN(CCC(c2ccccc2)C2CCN(Cc3ccccc3)CC2)CC1,2.7478838
O=C1C(=O)c2cccnc2-c2ccccc21,1.9871159
Clc1cc(Nc2ncnc3[nH]nc(OCCN4CCCC4)c23)ccc1OCc1ccccn1,3.107654
COc1ccc2c3c1OC1C(O)C=CC4C(C2)N(C)CCC341,0.72330844
COc1cc(C(=O)NS(=O)(=O)c2ccccc2C)ccc1Cc1cn(C)c2ccc(C(=O)NCCc3ccccc3)cc12,2.6540432
c1ccc2nc(C3=NCCN3)ccc2c1,0.30498397
O=C(O)C[C@H](O)C[C@H](O)/C=C/c1c(C2CC2)nc2ccccc2c1-c1ccc(F)cc1,0.40085578
O=c1cc(N2CCOCC2)nc2ccccn12,1.2220526
C#CC[C@@H](C(=O)N[C@H](/C=C/C(=O)OCC)C[C@@H]1CCNC1=O)n1cccc(NC(=O)c2cc(C)on2)c1=O,1.4540347
CC(NCC(O)c1ccc([N+](=O)[O-])cc1)C12CC3CC(CC(C3)C1)C2,2.5973432
CN1CCN2c3ncccc3Cc3ccccc3C2C1,2.4103885
O=C(c1ccc(-c2ccc(Cl)cc2)o1)N(Cc1ccccn1)c1ccc(N2CCNCC2)cc1,2.8021643
C[C@H]1O[C@@H](n2cnc3c(N)nc(Oc4ccccc4)nc32)[C@H](O)[C@@H]1O,1.5525689
CS(=O)(=O)c1ccc(-c2nnc(/C=C/c3nnc(-c4ccc(C#N)cc4)o3)n2-c2ccccc2Cl)nc1,3.1898828
CNc1ncc(C(=O)c2ccccc2)s1,2.6287777
CN1CC(n2nccc2-c2cc(Cl)ccc2Oc2cc(F)c(S(=O)(=O)Nc3ncns3)cc2F)C1,1.6214303
O=S(=O)(Nc1ncns1)c1cc(F)c(Oc2ccc(Cl)cc2-c2ccnn2C2CNC2)cc1F,0.7635664
CNC1(C)C2CCC(C2)C1(C)C,-0.791018
CC(=O)NC1CC2CCCC(C1)N2C(=O)Nc1ccc(Cl)c(C(F)(F)F)c1,3.1978433
Oc1ccc2c3c1O[C@H]1c4[nH]c5c(c4C[C@@]4(O)[C@@H](C2)N(CC2CC2)CC[C@]314)C[C@@]1(O)[C@H]2Cc3ccc(O)c4c3[C@@]1(CCN2CC1CC1)[C@H]5O4,1.5772812
O=C1Nc2ccc(S(=O)(=O)N3CCC[C@H]3CNc3ccccc3)cc2C1=O,2.3625584
CCCc1cc(C2=N[C@@H](C(=O)NO)CO2)cc(OC)c1OC,1.8625206
O=C(NO)C1COC(c2ccc(F)c(C(F)(F)F)c2)=N1,1.5973042
CC(C)Cn1c(=O)n(C)c(=O)c2c(C(=O)N3CCCC3)c(Cc3ccccc3C(F)(F)F)sc21,3.4540734
CC(C)Cn1c(=O)n(C)c(=O)c2c(C(=O)N3CC[C@@H](O)C3)c(Cc3ccccc3C(F)(F)F)sc21,2.8258317
Cc1cc2c(C)cc(=O)oc2c2c1NCCC2,2.4849572
CC[S+]([O-])c1ncccc1C1(O)CCN(CC23CC(c4ccccc42)c2ccccc23)CC1,2.11811
Cc1cc(C)c2c(N)c(C(=O)NC3CC3)sc2n1,2.5904481
CCNC(=O)c1cc2c(-n3ccc(C(F)(F)F)n3)c(-c3cnc(OC)c(-c4n[nH]c(=O)o4)c3)cnc2[nH]1,2.5372474
CCNC(=O)c1cc2c(-n3ccc(C(F)(F)F)n3)c(-c3cc(-c4n[nH]c(=O)o4)cnc3OC)cnc2[nH]1,2.5178797
CCNC(=O)c1cc2c(-n3ccc(C(F)(F)F)n3)c(-c3cncc(-c4n[nH]c(=O)o4)c3)cnc2[nH]1,1.9764513
CC1(c2ccc(Cl)c(Cl)c2)CC(=O)NC(N)=N1,1.6626353
CC1(c2ccccc2)CC(=O)NC(N)=N1,0.24115133
NC1=NC(c2ccc(Cl)c(Cl)c2)CC(=O)N1,1.4721594
COc1ccc(-c2nc(N)s[n+]2-c2ccccc2)cc1,2.2463138
Cn1c(=O)c(Oc2ccc(F)cc2F)cc2cnc(NC3CCOCC3)nc21,2.7031054
CCCC(=O)C1(c2ccccc2)CCN(C(=O)[C@@H](Cc2ccc(OC)cc2)NC(=O)[C@@H](N)Cc2cncn2C)CC1,2.6050365
O=C(Nc1cc(C(F)(F)F)cc(C(F)(F)F)c1)c1cnc(Cl)nc1C(F)(F)F,3.536334
CN1CCN([C@H]2C[C@@H](c3nc(-c4ccc5ccc(-c6ccccc6)nc5c4)c4c(N)nccn43)C2)CC1,2.8784535
CCSc1c(Cc2ccccc2C(F)(F)F)sc2c1c(=O)n(C)c(=O)n2CC(C)C,4.1273785
CC(C)Cn1c(=O)n(C)c(=O)c2c(SC(C)C)c(Cc3ccccc3C(F)(F)F)sc21,4.2746325
CC(C)Cn1c(=O)n(C)c(=O)c2c(C(=O)N(C)C)c(Cc3ccccc3C(F)(F)F)sc21,3.3952534
CC(C)Cn1c(=O)n(C)c(=O)c2c(SCCCO)c(Cc3ccccc3C(F)(F)F)sc21,3.6526375
Cc1ccc(CO)cc1N(C)c1ccnc(Nc2cc(N3CCOCC3)nc(N3CCOCC3)c2)n1,3.5432606
CCN(CC)CCOc1ccc(/C(=C(/Cl)c2ccccc2)c2ccccc2)cc1,3.9435468
CC/C(=C(\c1ccccc1)c1ccc(/C=C/C(=O)O)cc1)c1ccccc1,3.2696323
Cc1cc(S(=O)(=O)Nc2nc(Nc3ccc(Cl)cc3)n[nH]2)c(S)cc1Cl,2.3711746
Cn1ncnc1COc1nn2c(-c3cc(F)ccc3F)nnc2cc1C(C)(C)C,2.8858812
CCc1c2c(nc3ccc(O)cc13)-c1cc3c(c(=O)n1C2)COC(=O)[C@]3(O)CC,1.8192449
CC[C@@]1(O)C(=O)OCc2c1cc1n(c2=O)Cc2cc3c(CN(C)C)c(O)ccc3nc2-1,0.04881525
O=C(NC[C@@H](O)CN1CCC(Oc2ccc(Cl)c(Cl)c2)CC1)n1c(=O)[nH]c2ccccc21,3.5573115
O=C(CCCc1ccncc1)N1CCN(c2ccc(Cl)cc2Cl)CC1,3.3961196
Nc1ccc2[nH]c(Cc3ccc(Oc4ccccc4)cc3)nc2c1,3.3631065
Cc1ccc(C(=O)C2CCN(C(=O)c3ccc(C)cc3)CC2)cc1,3.371825
Cc1ccc(C(=O)N2CCC(C(=O)c3ccc(Cl)cc3)CC2)cc1,3.4932184
O=C(c1ccc(Cl)cc1)C1CCN(C(=O)c2ccc(F)cc2)CC1,3.409154
COc1ccc(C(=O)C2CCN(C(=O)c3ccc(F)cc3)CC2)cc1,2.905407
Cc1cccc(C(=O)N2CCC(C(=O)c3ccc(F)cc3)CC2)c1,3.2498398
COc1ccc(C(=O)N2CCC(C(=O)c3ccc(F)cc3)CC2)cc1,2.8971405
O=C(c1ccc(F)cc1)C1CCN(C(=O)c2ccc(F)cc2)CC1,3.0836856
CC(C)[C@H](NC(=O)CCc1ccccc1)C(=O)N1CCCC1,1.962302
O=C(O)CC[C@@H]1c2ccccc2C[C@H]1NC(=O)c1cc2sc(Cl)c(Cl)c2[nH]1,2.6401136
O=C(O)C[C@@H]1c2ccccc2C[C@H]1NC(=O)c1cc2sc(Cl)c(Cl)c2[nH]1,2.4726832
O=C(O)CO[C@@H]1c2ccccc2C[C@H]1NC(=O)c1cc2sc(Cl)c(Cl)c2[nH]1,1.9089334
O=C(O)CC(=O)N[C@@H]1c2ccccc2C[C@H]1NC(=O)c1cc2sc(Cl)c(Cl)c2[nH]1,1.0619991
Cc1nc(C(=O)[C@H](C)Oc2ccc(SCCCCCc3ccccc3)cc2)sc1CCCC(=O)O,3.4527736
Cc1nc(C(=O)[C@@H](C)Oc2ccc(SCCCCCc3ccccc3)cc2)sc1CCCC(=O)O,3.450663
COc1ccc(-c2cncc(CNC3CCCC3)n2)c(OC)c1,1.9225748
Fc1ccc(-c2ncn(C3CCNCC3)c2-c2ccncc2)cc1,0.26341152
Nc1nc(Nc2ccc(S(N)(=O)=O)cc2)nn1C(=O)c1c(F)cccc1F,1.9420128
COc1ccc(Cl)cc1C(=O)NCCc1ccc(S(=O)(=O)NC(=O)NC2CCCCC2)cc1,2.0007238
CCc1nn(C2CCCC2)c2c1CCn1c(-c3cccs3)nnc1-2,3.7010036
Cc1cc(Oc2ccnc(Nc3cccc(N4CCOCC4)c3)c2)c(-c2ccccn2)nc1C,3.396767
NC1(c2ccc(-c3ncc4cccnc4c3-c3ccccc3)cc2)CCC1,2.3290887
COc1ccc(CNC(=O)Nc2ncc([N+](=O)[O-])s2)cc1,2.87982
COc1cc(Nc2cc(Oc3cccnc3)ccn2)cc(OC)c1OC,2.8118339
Cc1ccc(Oc2ccnc(Nc3ccc(S(N)(=O)=O)cc3)c2)c(C)n1,2.2279687
COc1cc(Nc2cc(Oc3cccnc3C)ccn2)cc(OC)c1OC,2.863296
COc1cc(Nc2cc(Oc3ccc(C)nc3)ccn2)cc(OC)c1OC,3.1120496
COc1ccc(C)c(NC(=O)CC23CC4CC(CC(C4)C2)C3)c1,3.8519666
COc1cccc(NC(=O)CC23CC4CC(CC(C4)C2)C3)c1C,3.876203
CN(C)N(C)C(=O)[C@@]1(Cc2ccccc2)CCCN(C(=O)[C@@H](Cc2c[nH]c3ccccc23)NC(=O)C(C)(C)N)C1,1.5699927
Cc1ccccc1-c1c(C(=O)O)n(CCCOc2cccc3ccccc23)c2ccccc12,3.4186664
Cc1oc(-c2ccccc2)cc1C(=O)Nc1cccc(C(=O)O)c1,1.5969551
Cc1ccc(-n2nc(C(C)(C)C)cc2NC(=O)Nc2ccc(OCCN3CCOCC3)c3ccccc23)cc1,4.4275007
CC1CN(C(=O)c2ccccc2)c2ccccc2NC1=O,2.3937213
c1ccc(CNCCNCc2ccccc2)cc1,0.1170609
COc1cc(OC)nc(-n2ncc(Cl)c(Cl)c2=O)n1,1.8593173
Cc1cc(CCCOc2c(Cl)cc(C3=NCCO3)cc2Cl)on1,3.2422507
CC(C)c1ncc(NC(=O)OCc2ccccc2)c(=O)n1CC(=O)NC(C(=O)C(F)(F)F)C(C)C,2.0609784
CC(=O)Nc1cccc(Nc2nc(NC3CC3)n3ncc(C#N)c3n2)c1,2.6240094
NC(=O)c1sc(-c2ccsc2)cc1N,2.3963878
NC(=O)Nc1cc(-c2ccsc2)sc1C(N)=O,2.158476
CCC(c1nc2ccn(C)c2c(=O)n1Cc1ccccc1)N(CCCN)C(=O)c1ccc(C)cc1,1.2634184
CC(C)NC(=O)c1ccc2c(Nc3ccc(Cl)cc3)nc(N3CCOCC3)nc2c1,3.5474102
O=C(N[C@@H](Cc1ccc(N2CCN(c3ccccc3)CC2)cc1)C(=O)O)c1c(Cl)cccc1Cl,0.44278884
O=c1[nH]c2c(O)ccc([C@@H](O)CNCCc3cccc(CN4CCCC4)c3)c2s1,0.30849695
CC(C)c1nnc2ccc(-c3ocnc3-c3cc(F)ccc3F)cn12,3.4781013
COC(=O)c1cccc(Cn2[nH]c(=O)c3[nH]c4cc(Cl)ccc4c(=O)c3c2=O)c1,1.5606914
CN(C)C(=O)Nc1ccc(Cn2[nH]c(=O)c3[nH]c4cc(Cl)ccc4c(=O)c3c2=O)cc1,1.1568218
COC(=O)c1ccc(Cn2[nH]c(=O)c3[nH]c4cc(Cl)ccc4c(=O)c3c2=O)cc1,1.6246464
COC(=O)c1ccc(C(C)n2[nH]c(=O)c3[nH]c4cc(Cl)ccc4c(=O)c3c2=O)cc1,1.509975
COCCNC(=O)c1cccc(Cn2[nH]c(=O)c3[nH]c4cc(Cl)ccc4c(=O)c3c2=O)c1,0.76313245
CC(C)(C)NC(=O)Nc1cccc(Cn2[nH]c(=O)c3[nH]c4cc(Cl)ccc4c(=O)c3c2=O)c1,2.2362733
O=C(NC1CCCCC1)C1CCCN(S(=O)(=O)c2cccs2)C1,2.6104696
Clc1ccc2nsnc2c1NC1=NCCN1,0.42115176
FC(F)c1nc2ccccc2n1-c1nc(N2CCOCC2)nc(N2CCOCC2)n1,2.9475741
O=c1c2ccccc2nc2n1CCS2(=O)=O,0.48496056
CN(C(=O)Cc1ccccc1)[C@H]1CC[C@@]2(CCCO2)C[C@@H]1N1CCCC1,0.74823797
COc1cc2c(Nc3cc(CC(=O)Nc4cccc(F)c4)[nH]n3)ncnc2cc1OCCCN1CCC(CO)CC1,2.0315492
COc1ccc(Cn2cc3c(=O)n(C)c(=O)n(CC(C)C)c3c2)cc1,2.7373424
CC(C)C(NC(=O)Cn1c(-c2cccs2)ncc(NC(=O)OCc2ccccc2)c1=O)C(=O)C(F)(F)F,2.2731743
Oc1ccc2c3c1O[C@H]1c4[nH]c5ccccc5c4C[C@@]4(O)[C@@H](C2)N(CC2CC2)CC[C@]314,2.508858
Cc1c(CC(=O)O)c2cc(F)ccc2n1S(=O)(=O)c1ccc(S(C)(=O)=O)cc1,-0.622103
O=S(=O)(Cc1c(F)cccc1F)N1CCN(c2ncccc2C(F)(F)F)CC1,3.489347
COc1cc(C)c(S(=O)(=O)N(C)CCOCC(=O)N2CCN(C3CCN(C)CC3)CC2)c(C)c1,0.07227397
Cc1ccc(NC(=O)c2cccnc2)cc1-n1cnc2ccc(N3CCN(C)CC3)cc2c1=O,1.9624448
Cc1cc([C@H](O)[C@](C)(OCc2ccc(-c3ccccc3)cc2)C(=O)NO)no1,2.6673594
COc1cc2c(cc1OC)C(=O)C(CC1CCN(Cc3ccccc3)CC1)C2,3.3073595
CN1C2CC(OC(=O)C(CO)c3ccccc3)CC1C1OC12,-0.12777805
CN1CCN(c2ccc(Nc3ccnc4ccccc34)cc2)CC1,2.4675672
CCN1CCN(Cc2cnc(-c3ccc(C(=O)Nc4ccccc4N)cc3)c(C#N)c2)CC1,0.5306307
CCN1CCN(Cc2cnc(-c3ccc(C(=O)Nc4ccccc4N)cc3)c(Cl)c2)CC1,1.8032978
CC(C)N1CCN(Cc2cnc(-c3ccc(C(=O)Nc4ccccc4N)cc3)c(F)c2)CC1,1.4050887
Cc1cc(CN2CCN(C(C)C)CC2)cnc1-c1ccc(C(=O)Nc2ccccc2N)cc1,1.5207524
CCN1CCN(Cc2cnc(-c3ccc(C(=O)Nc4ccccc4N)cc3)c(C)c2)CC1,1.3916893
CC(C)N1CCN(Cc2cnc(-c3ccc(C(=O)Nc4ccccc4N)cc3)c(C#N)c2)CC1,0.6588837
CC(C)N1CCN(Cc2cnc(-c3ccc(C(=O)Nc4ccccc4N)cc3)c(Cl)c2)CC1,1.932361
O=S(=O)(Nc1nncs1)c1cc(Cl)c(Oc2ccc(C(F)(F)F)cc2-c2ccnnc2)cc1F,1.7678531
O=C(CCc1ccncc1)Nc1ccc(C(=O)c2ccccc2)cc1,3.0264118
Nc1ccccc1NC(=O)c1ccc(C2CCN(CCC(=O)Nc3ccccc3F)CC2)cc1,2.0778177
O=C1NC(=O)C(Cc2cccc(Oc3ccccc3)c2)S1,3.0940082
Cc1cc(N)c2cc(NC(=O)CCCCC(=O)Nc3ccc4nc(C)cc(N)c4c3)ccc2n1,1.6158493
Nc1cccc(NC(=O)c2ccc(CNC(=O)OCc3cccnc3)cc2)c1,1.4854057
Nc1ccccc1NC(=O)c1ccc(CNC(=O)OCc2cccnc2)cc1,1.447097
COc1cc2ncnc(Nc3cc(NC(=O)c4ccnc(N5CCOCC5)c4)ccc3C)c2cc1OCCN1CCCCC1,3.0695994
O=c1cc(N2CCOCC2)nc2n(Cc3cccc(Cl)c3Cl)ccn12,3.2440782
Cc1cccc(Cn2ccn3c(=O)cc(N4CCOCC4)nc23)c1,2.4597015
Cc1ccccc1Cn1ccn2c(=O)cc(N3CCOCC3)nc12,2.5539334
O=C(NCCc1ccccc1Cl)c1cc(-n2ncc(=O)[nH]c2=O)ccc1Cl,1.8521866
O=C(NCCc1ccccc1)c1cc(-n2ncc(=O)[nH]c2=O)ccc1Cl,1.1773007
NC1(c2ccc(-c3c(-c4ccccc4)ccc4ccnn34)cc2)CCC1,2.5057232
O=c1oc2c(O)cccc2cc1-c1ccc(O)cc1,2.7836251
O=c1oc2ccccc2cc1-c1ccccc1,3.2285323
O=c1oc2ccc(O)cc2cc1-c1ccc(O)cc1,2.8291874
O=c1oc2ccccc2cc1-c1ccc(O)cc1,3.020664
Cc1c(-c2ccc(O)cc2)c(=O)oc2cc(O)ccc12,2.9785647
O=c1oc2ccc(O)cc2cc1-c1ccccc1,3.1063223
O=c1oc2cc(O)ccc2cc1-c1ccc(O)cc1,2.8089082
COc1ccc(-c2c(C)c3ccc(OC)cc3oc2=O)cc1,3.3554997
O=C1C2=Nc3ccccc3CN2c2ccccc21,2.7554812
O=C(NCCNC(=O)c1cn(-c2ccccc2)nc1C(F)(F)F)c1ccc(Cl)cn1,3.230543
Cc1cc(NCc2ccccc2)nc2ccccc12,3.541518
COc1ccc(-c2c(-c3ccc(O)cc3O)n[nH]c2C)cc1,3.078716
COC1CCN(C(=O)C2CCN(CCc3c(-c4cc(C)cc(C)c4)[nH]c4sc(C(C)(C)C(=O)N5C6CCC5CC6)cc34)CC2)CC1,4.289341
COc1cc2c(Nc3cccc(Cl)c3Cl)c(C(N)=O)cnc2cc1NCCN(C)C,2.7271497
COc1cc(Nc2c(C#N)cnc3cc(OC)c(OC)cc23)cc(OC)c1,3.2157521
COc1cc2ncc(C(N)=O)c(Nc3cccc(F)c3F)c2cc1OC,3.0473151
COc1cc2ncc(C(N)=O)c(Nc3cccc(Cl)c3Cl)c2cc1OC,3.4710941
COc1cc2c(Nc3ccc(F)c(Cl)c3)c(C(N)=O)cnc2cc1OCCN(C)CCO,2.5423248
COCCOc1cc2nccc(Nc3cc(O)c(Cl)cc3F)c2cc1OC,3.2800927
COc1cc2ncc(C(N)=O)c(Nc3ccccc3F)c2cc1OC,2.7473078
COc1cc2c(Nc3ccc(F)cc3F)c(C(N)=O)cnc2cc1NCCN(C)C,1.7269301
COc1cc2ncc(C(N)=O)c(Nc3ccc(F)cc3F)c2cc1OC,2.975732
c1ccc(Nc2ccnc3ccccc23)cc1,3.0567203
COc1cc2ncc(C(N)=O)c(Nc3ccc(F)cc3F)c2cc1NCCN(C)C,1.7238597
COc1cc2ncc(C(N)=O)c(Nc3ccccc3C)c2cc1OC,2.9120173
COc1cc2ncc(C(N)=O)c(Nc3cc(F)ccc3F)c2cc1OC,2.9812427
COc1cc2ncc(C(N)=O)c(Nc3cccc(Cl)c3)c2cc1OC,3.2535062
O=C(OCC(O)CO)c1ccccc1Nc1ccnc2cc(Cl)ccc12,2.953741
COc1cc2ncc(C(N)=O)c(Nc3ccc(F)c(Cl)c3)c2cc1OC,3.3349423
COc1cc2ncc(C(N)=O)c(Nc3ccc(C)cc3F)c2cc1OC,3.132582
COc1cc2ncc(C(N)=O)c(Nc3cccc(Cl)c3F)c2cc1OC,3.3304057
COc1cc2ncc(C(N)=O)c(Nc3cc(C)ccc3F)c2cc1OC,3.142017
CCN(CC)Cc1cc(Nc2ccnc3cc(Cl)ccc23)ccc1O,3.2317438
COc1cc2ncc(C(N)=O)c(Nc3ccccc3Cl)c2cc1OC,3.118645
COc1cc2ncc(C(N)=O)c(Nc3ccc(F)cc3)c2cc1OC,2.9146137
CC(=O)Nc1cccc(Nc2ncnc(N3CCC(OCc4ccc(OC(F)(F)F)cc4)CC3)n2)c1C,4.048995
CC(C)[C@@H](CN1CCCCC1)N(C)C(=O)Cc1ccc(Cl)c(Cl)c1,3.0384688
CN(C(=O)c1ccncc1)C1CCN(CCC(c2ccccc2)c2ccccc2)CC1,2.6792688
N#CC1(NC(=O)[C@@H]2CCCC[C@H]2C(=O)N2CCN(c3nccs3)CC2)CC1,1.3486161
CC(C)(C#N)c1cnc(N2CCN(C(=O)[C@@H]3CCCC[C@H]3C(=O)NC3(C#N)CC3)CC2)s1,1.8766714
CCc1csc(N2CCN(C(=O)[C@@H]3CCCC[C@H]3C(=O)NC3(C#N)CC3)CC2)n1,1.968518
Cc1sc(N2CCN(C(=O)[C@@H]3CCCC[C@H]3C(=O)NC3(C#N)CC3)CC2)nc1C(F)(F)F,2.7432384
N#CC1(NC(=O)[C@@H]2CCCC[C@H]2C(=O)N2CCN(c3nc(C(F)(F)F)cs3)CC2)CC1,2.2042935
N#Cc1cnc(N2CCN(C(=O)[C@@H]3CCCC[C@H]3C(=O)NC3(C#N)CC3)CC2)s1,1.421654
CC(C)NC[C@@H](C(=O)N1CCN(c2ncnc3c2[C@H](C)C[C@H]3O)CC1)c1ccc(Cl)cc1,0.9991425
O=[N+]([O-])c1c(Cl)c(Cl)cc2nc(O)c(O)nc12,0.5493388
CC(C)N(CCC(C(N)=O)(c1ccccc1)c1ccccn1)C(C)C,-0.2084639
CN(C)CCOC(C)(c1ccccc1)c1ccccn1,0.88325286
Nc1nccc(-c2cc3c([nH]2)[C@@H](CCF)CNC3=O)n1,0.7136209
Nc1nccc(-c2cc3c([nH]2)[C@H](CCF)CNC3=O)n1,1.0119213
Cc1ccc(Oc2ccc(Nc3ncnc4cccc(O[C@H](C)C(=O)N(C)CCO)c34)cc2C)cn1,3.4311476
NC(=O)c1cc(F)cc(O[C@@H]2C[C@@H]3CC[C@H](C2)N3Cc2ccccc2)c1,1.9063213
NC(=O)c1cccc(O[C@H]2C[C@@H]3CC[C@H](C2)N3Cc2ccccc2)c1,1.6930938
Cc1c(O[C@@H]2C[C@@H]3CC[C@H](C2)N3Cc2ccccc2)cccc1C(N)=O,1.9901279
NC(=O)c1ccc(O[C@@H]2C[C@@H]3CC[C@H](C2)N3Cc2ccccc2)c(F)c1,1.8821342
Cc1cc(C(N)=O)ccc1O[C@@H]1C[C@@H]2CC[C@H](C1)N2Cc1ccccc1,2.051984
NC(=O)c1cccc(O[C@@H]2C[C@@H]3CC[C@H](C2)N3Cc2ccccc2)c1,1.6633859
Oc1cccc(O[C@@H]2C[C@@H]3CC[C@H](C2)N3Cc2ccccc2)c1,2.451231
Cc1cc(O[C@@H]2C[C@@H]3CC[C@H](C2)N3Cc2ccccc2)cc(C(N)=O)c1,2.0830579
CNC(=O)c1cccc(O[C@@H]2C[C@@H]3CC[C@H](C2)N3Cc2ccccc2)c1,1.7151865
Nc1c2c(nc3ccc(Br)cc13)N(c1ccccc1)CC2,3.494582
N=C(N)NC(=O)c1nc(Cl)c(NCc2ccncc2)nc1N,-0.07482052
CCC(CC)NC(=O)c1cn(-c2ccccc2)nc1NS(=O)(=O)c1ccc(C)cc1,1.9463704
CCN(CC)CC#CCOC(=O)C(O)(c1ccccc1)C1CCCCC1,3.2375169
COc1ccc(C(CN(C)C)C2(O)CCCCC2)cc1,1.380647
Nc1ncnc2c1nc(Sc1nc3cccc(Cl)c3s1)n2CCO,2.9334917
CC(=O)OCCn1c(Sc2nc3cccc(Cl)c3s2)nc2c(N)ncnc21,3.3661208
Cc1sc(CN2CCNCC2)cc1C(=O)NCC12CC3CC(CC(C3)C1)C2,1.9187144
COCCNC(=O)c1ccc(Nc2ncc3cc(-c4cccnc4)ccc3n2)cc1,3.1101446
N#CCNC(=O)[C@@H]1CCCC[C@H]1C(=O)N1CCN(c2ccccc2)CC1,1.7646227
COc1ccc(N2CCN(C(=O)[C@@H]3CCCC[C@H]3C(=O)NCC#N)CC2)cc1,1.8277211
N#CCNC(=O)[C@@H]1CCCC[C@H]1C(=O)N1CCN(c2ccc(C#N)cc2)CC1,1.462846
CS(=O)(=O)c1ccc(N2CCN(C(=O)[C@@H]3CCCC[C@H]3C(=O)NCC#N)CC2)cc1,0.8353518
N#CCNC(=O)[C@@H]1CCCC[C@H]1C(=O)N1CCN(c2ccc(F)cc2)CC1,2.017747
CC(CCc1ccccc1)NCC(O)c1ccc(O)c(C(N)=O)c1,0.50997865
CN1CCC[C@H]1CCN1CCCc2cc(NC(=N)c3cccs3)ccc21,-0.0078446865
CC(C)C[C@H](NC(=O)N1CCOCC1)C(=O)N[C@H](/C=C/S(=O)(=O)c1ccccc1)CCc1ccccc1,3.2574472
O=C(NCC12CC3CC(CC(C3)C1)C2)c1cc(N2CCNCC2)ncc1Cl,2.1528356
O=C(NCC12CC3CC(CC(C3)C1)C2)c1ccnc(N2CCNCC2)c1Cl,1.6768005
COc1cc(-c2c(F)ccc3c(N)c(C(=O)NC4CC4)nnc23)c(OC)nn1,2.9069295
CC[C@H](NC(=O)c1c([S+](C)[O-])c(-c2ccsc2)nc2ccccc12)c1ccccc1,3.266978
Cc1ccc(S(=O)(=O)N2N=Cc3ccccc3B2O)cc1,0.096851826
Nc1nc(NCc2ccccc2)nc2c1nc(O)n2Cc1ccccc1,3.449912
O=C(CSc1ccncc1)Nc1ccc(C(=O)c2ccccc2)cc1,3.1667206
CC(C)C[C@H](CO)Nc1nc(SCc2ccncc2)nc2nc(N)sc12,2.802891
COc1ccccc1N1CCN(Cc2c(Br)c(=O)n(-c3ccccc3)n2C)CC1,2.578596
O=C(Nc1c(Cl)cncc1Cl)c1ccc(OC(F)F)c(OCC2CC2)c1,3.7052598
CNc1c(Cl)cnc2[nH]c(-c3ccc(OCCN4CCOCC4)cc3)nc12,2.9883518
CNc1c(C(N)=O)cnc2[nH]c(-c3ccc(OCCN4CCOCC4)cc3)nc12,1.9069254
Cc1cnc(Nc2cc(N3CCOCC3)nc(N[C@@H](C)c3ncc(F)cn3)n2)s1,2.9051757
Cc1cnc(Nc2nc(N[C@@H](C)c3ncc(F)cn3)nc(N3CCOCC3)c2F)s1,3.0856063
C[C@H](Nc1nc(Nc2ncc(C#N)s2)cc(N2CCOCC2)n1)c1ncc(F)cn1,2.8005702
NS(=O)(=O)c1cc(C2(O)NC(=O)c3ccccc32)ccc1Cl,0.8976246
Cc1ccc(NC(=O)c2cccc(N(C)C)c2)cc1C(=O)Nc1cccnc1,2.9458313
COc1cncc(NC(=O)c2cc(NC(=O)c3cccc(C(C)(C)C#N)c3)ccc2C)c1,3.3221402
Cc1ccc(NC(=O)c2cccc(OCC(C)C)c2)cc1C(=O)Nc1cccnc1,3.7059326
Nc1ncc(NC(=O)c2cc(NC(=O)c3cccc(C(F)(F)F)c3)ccc2Cl)cc1Cl,3.566087
Cc1ccc(NC(=O)c2ccc(Cl)c(C(F)(F)F)c2)cc1C(=O)Nc1cccnc1,3.5562592
COc1ncc2ncc(=O)n(CCN3CCC(NCc4cc5c(cn4)OCCO5)CC3)c2n1,0.16575062
Clc1ccc([C@]23CNC[C@H]2C3)cc1Cl,2.016955
C[C@@H](O)[C@H]1C(=O)N2C(C(=O)OCOC(=O)C(C)(C)C)=C(SC3CN(C4=NCCS4)C3)[C@H](C)[C@H]12,1.8865793
CCC(c1nc2ccsc2c(=O)n1Cc1ccccc1)N(CC1CCNCC1)C(=O)c1ccc(C)cc1,1.5688667
O=C1CCOc2cc(COc3ccccc3)ccc21,3.1522245
CCOc1ccccc1CNCc1cccc(CCNC[C@H](O)c2ccc(O)c3[nH]c(=O)sc23)c1,1.1590536
COc1cccc(CNCc2cccc(CCNC[C@H](O)c3ccc(O)c4[nH]c(=O)sc34)c2)c1,0.7097746
COc1ccccc1CN(C)Cc1cccc(CCNC[C@H](O)c2ccc(O)c3[nH]c(=O)sc23)c1,1.6626852
O=c1[nH]c2c(O)ccc([C@@H](O)CNCCc3cccc(CNCc4ccccc4Cl)c3)c2s1,1.7225997
COc1ccc(CNCc2cccc(CCNC[C@H](O)c3ccc(O)c4[nH]c(=O)sc34)c2)cc1,0.62136483
O=c1[nH]c2c(O)ccc([C@@H](O)CNCCc3cccc(CNCc4ccccc4F)c3)c2s1,1.1428666
CN(C)CCCOc1nn(Cc2ccccc2)c2ccccc12,2.0335228
COc1ccc(-c2csc(N(CCCN3CCOCC3)C(=O)c3ccco3)n2)cc1,3.37463
Cc1c(N)cccc1Cn1ccc(OCCc2cccs2)cc1=O,2.800317
CC(C)N(CCCNC(=O)Nc1ccc(C(C)(C)C)cc1)C[C@H]1O[C@@H](n2cnc3c(N)ncnc32)[C@H](O)[C@@H]1O,1.9754348
C[C@H]1CN(c2c(F)c(N)c3c(=O)c(C(=O)O)cn(C4CC4)c3c2F)C[C@@H](C)N1,-0.51221466
O=C(O)c1cn(C2CC2)c2cc(N3CCNCC3)c(F)cc2c1=O,-0.92408514
O=C(O)c1cn(C2CC2)c2cc(N3CCN(C(=O)CC[N+](=O)[O-])CC3)c(F)cc2c1=O,-0.44420695
COc1c(N2CCNC(C)C2)c(F)cc2c(=O)c(C(=O)O)cn(C3CC3)c12,-0.9707444
Cc1oncc1C(=O)Nc1ccc(C(F)(F)F)cc1,3.0879982
CCn1cc(C(=O)O)c(=O)c2cc(F)c(N3CCNCC3)nc21,-1.2127101
CCO/N=C(\c1ccc(Br)cc1)C1CCN(C2(C)CCN(C(=O)c3c(Cl)cncc3Cl)CC2)CC1,3.5740504
CC(=O)NC[C@H]1CN(c2ccc(-n3ccc(C#N)c3)c(F)c2)C(=O)O1,1.1999128
O=C(OCCN1CCCCC1)c1c[nH]c2ccccc12,2.0761497
O=C(c1ccccc1)C(O)(CN1CCCCC1)c1ccccc1,2.4664342
CC(C)C(NC(=O)Cn1c(-c2ccccc2)ccc(NC(=O)NCc2ccccn2)c1=O)C(=O)C(F)(F)F,2.6088777
Cc1ncccc1Oc1ncnc(OC2CCN(C(=O)OC(C)C)CC2)c1C,3.4597306
Cc1cc(C)c2c(n1)sc1c(N3CCN(C)CC3)ncnc12,2.9964662
CCCCn1c(Cc2cc(OC)c(OC)c(OC)c2)nc2c(N)ncnc21,2.6430476
COc1ccc(/C=C2\SC(=S)NC2=O)cc1OC,2.1467218
COc1cc2c(Nc3ncc(NC(=O)c4ccccc4)cn3)ncnc2cc1OCCCN1CCOCC1,2.7414165
O=C(O)CCc1nc(-c2ccccc2)c(-c2ccccc2)o1,1.1729593
Oc1nc(-c2ccccc2)c(-c2ccccc2)o1,3.142084
NC(=O)c1cccnc1Oc1ccccc1,1.9226294
Cc1cc(NS(=O)(=O)c2ccc(N)cc2)no1,0.35130048
CC(C)(CCCCCOCCc1ccccc1)NCCc1ccc(O)c2nc(O)sc12,2.5413108
Oc1nc2c(O)ccc(CCNCCCCCCOCCc3ccccc3)c2s1,1.976142
Cc1ccn2c(NC(=O)c3ccccc3)c(-c3cccs3)nc2c1,3.4903107
O=C(N[C@@H](Cc1ccccc1)[C@@H](O)C(=O)N1C[C@H](O)[C@H](O)C1)c1cc2cc(Cl)ccc2[nH]1,2.546792
CC(C)(N)C(=O)N[C@H](Cc1c[nH]c2ccccc12)C(=O)N[C@H](Cc1c[nH]c2ccccc12)NC=O,0.9395317
CN[C@H]1CC[C@@H](c2ccc(Cl)c(Cl)c2)c2ccccc21,3.0450158
Cc1cnc(Nc2ccc(OCCN3CCCC3)cc2)nc1Nc1cccc(S(=O)(=O)NC(C)(C)C)c1,2.615232
Cc1cc2n[nH]c(=O)n2c2cc(-c3cccnc3)ccc12,3.0937233
O=C(NCC12CC3CC(CC(C3)C1)C2)c1cc(OCCCNCCCO)ccc1Cl,1.7412134
COc1ccc(Cl)c(C(=O)NCC23CC4CC(CC(C4)C2)C3)c1,3.8333225
O=C(NCC12CC3CC(CC(C3)C1)C2)c1cccc(Cl)c1Cl,4.010996
Cc1ccccc1C(=O)NCC12CC3CC(CC(C3)C1)C2,3.8476624
O=C(NCC12CC3CC(CC(C3)C1)C2)c1ccccc1,3.6757228
COc1ccccc1C(=O)NCC12CC3CC(CC(C3)C1)C2,3.708384
CN(C)C[C@H](O)Cc1ccc(Cl)c(C(=O)NCC23CC4CC(CC(C4)C2)C3)c1,2.06806
CNC[C@H](O)c1ccc(Cl)c(C(=O)NCC23CC4CC(CC(C4)C2)C3)c1,1.3879337
O=C(O)CNCCNc1ccc(Cl)c(C(=O)NCC23CC4CC(CC(C4)C2)C3)c1,1.2648525
Nc1cccc(C(=O)NCC23CC4CC(CC(C4)C2)C3)c1Cl,3.3129206
O=C(NCC12CC3CC(CC(C3)C1)C2)c1ccccc1Br,3.8260744
O=C(NCC12CC3CC(CC(C3)C1)C2)c1ccccc1Cl,3.8183956
Nc1ccc(Cl)c(C(=O)NCC23CC4CC(CC(C4)C2)C3)c1,3.2466338
Cn1sc(NCc2ccccc2)nc1=O,1.3995929
O=C(c1ccccc1)c1ccc2n1CCC2C(=O)O,-0.5074284
Cn1ncc(Cl)c1-c1cc(C(=O)N[C@H](CN)Cc2cccc(F)c2)sc1Cl,2.6472826
COc1ccnc(C[S+]([O-])c2nc3cc(OC(F)F)ccc3[nH]2)c1OC,1.5958283
COCCCOc1ccnc(C[S+]([O-])c2nc3ccccc3[nH]2)c1C,0.97792864
Cc1c(OCC(F)(F)F)ccnc1C[S+]([O-])c1nc2ccccc2[nH]1,1.7792336
CCCc1c(OCc2ccc(/C=C/c3nn[nH]n3)cc2)ccc(C(C)=O)c1O,2.7874293
O=C(O)CCc1ccc(OCc2cc(Cl)ccc2-c2ccccc2)cc1,2.9346173
Cc1ccc(-c2ccc(F)cc2COc2ccc(CCC(=O)O)cc2)cc1,2.9110174
O=c1cc(OCc2ccccc2)ccn1-c1ccc2c(cnn2CCN2CCCC2)c1,2.1067302
CN(C)c1nc(N(C)C)nc(N(C)C)n1,2.4579823
C1=CCC(c2cc3ccccc3o2)CNC1,1.2409955
CN1CC=CCC(c2cc3ccccc3o2)C1,2.139188
Cn1nnc(-c2ccc(-c3ccc(N4C[C@H](COc5ccon5)OC4=O)cc3F)cn2)n1,1.242575
O=C(Nc1ccc(N2CCOCC2)nc1)c1nnc(Nc2cccc(F)c2)o1,3.1059258
O=C(Nc1ccc(N2CCOCC2)nc1)c1nnc(Nc2ccccc2)o1,2.827022
O=C(Nc1ccc(N2CCOCC2)nc1)c1nnc(Nc2ccc(F)cc2)o1,3.1192067
CCOc1cccc(Nc2nnc(C(=O)Nc3ccc(N4CCOCC4)nc3)o2)c1,3.2165036
COc1cccc(Nc2nnc(C(=O)Nc3ccc(N4CCOCC4)nc3)o2)c1,2.9291368
Cc1cccc(Nc2nnc(C(=O)Nc3ccc(N4CCOCC4)nc3)o2)c1,3.1944978
O=C(Nc1ccc(N2CCOCC2)nc1)c1nnc(Nc2ccc(F)c(F)c2)o1,3.277113
O=C(N[C@@H]1CN2CCC1CC2)c1ccc(-c2ccccc2)s1,2.0565758
O=C(N[C@H]1CN2CCC1CC2)c1ccc(-c2ccccc2)s1,2.0688765
Cc1cccc(NC(=O)c2ccc(-c3ccccc3)c(C#N)c2)n1,3.3015423
C[C@H]1CN(C(=O)c2cc3c(C(=O)C(=O)N(C)C)cn(C)c3cc2Cl)[C@H](C)CN1Cc1ccc(F)cc1,3.4524527
CC(C)C(NC(=O)Cn1c(-c2ccccc2)cc2c(O)nc(O)nc2c1=O)C(=O)C(F)(F)F,1.3741168
Cc1cnc(NC(=O)C2C(=O)c3ccccc3S(=O)(=O)N2C)s1,0.7550831
CC(=O)Nc1ccc(CC(=O)N(C)C2CCN(Cc3ccc(C(F)(F)F)cc3)CC2)cc1,3.0218773
CNC(=O)c1ccc(CC(=O)N(C)C2CCN(Cc3ccc(C(F)(F)F)cc3)CC2)cc1,2.617359
CCN(C(=O)Cc1ccc(S(C)(=O)=O)cc1)C1CCN(Cc2ccc(C(F)(F)F)cc2)CC1,2.760687
CN(C(=O)Cc1ccc(S(C)(=O)=O)cc1)C1CCN(Cc2ccc(C(F)(F)F)cc2)CC1,2.688904
CN(C(=O)Cc1ccc(S(C)(=O)=O)cc1)[C@@H]1CCN(Cc2ccc(C(F)(F)F)cc2)C[C@@H]1F,2.912364
CN(C(=O)Cc1ccc(S(C)(=O)=O)cc1F)C1CCN(Cc2ccc(C(F)(F)F)cc2)CC1,2.8632264
CN(C(=O)Cc1ccc(S(C)(=O)=O)c(F)c1)C1CCN(Cc2ccc(C(F)(F)F)cc2)CC1,2.7731469
Nc1scc2c(C(=O)NC3CC3)nn(-c3ccc(F)cc3)c(=O)c12,2.460648
C[C@@H]1CN(C(=O)OC(C)(C)C)CCN1c1ncc(OCc2ccc(S(C)(=O)=O)cn2)cn1,2.728796
CC(C)Cn1c(=O)n(C)c(=O)c2c(SC3CCCCC3)c(Cc3ccccc3C(F)(F)F)sc21,4.680011
Nc1ncnc2oc(-c3ccoc3)c(-c3ccco3)c12,2.673459
O=C(NC1CC1)c1cc(-c2cccs2)on1,2.4178846
O=C(Nc1ccc(N2CCOCC2)nc1)c1nnc(Nc2cccc(OCc3ccccn3)c2)o1,3.1819816
Cc1nc(C)c(-c2ccc3c(c2)CC[C@]32CC[C@@H](Cc3nnn[nH]3)CC2)nc1C(N)=O,2.2288978
CCCCCc1cc(=O)[nH]c(N)n1,1.0937943
Cc1ncccc1Oc1ncnc(OC2C3COCC2CN(C(=O)OC(C)C)C3)c1C,3.3074267
C=CCCCCCCCCC(=O)N[C@H]1CCC(=O)NC1=O,1.9149625
Cn1c(=N)n(CC(=O)c2ccc(Cl)cc2)c2ccccc21,1.7511477
COc1ccc2nc(C)cc(-n3cc(CNC(C)=O)nn3)c2c1,1.6841729
COC(=O)c1ccc(C)c(NS(=O)(=O)c2ccc3c(c2)c(=O)sn3C)c1,2.4051867
Cc1c(Sc2ccc(Cl)cc2)c2c(Cl)nccc2n1CC(=O)O,0.9597837
NC(=O)c1cncc(-c2ccc([C@H]3CC[C@H](CC(=O)O)CC3)cc2)c1,0.42726982
O=C(NS(=O)(=O)Cc1ccccc1)N1CCC(N2CCC(Oc3ccc(Cl)c(Cl)c3)CC2)CC1,2.5045862
CCN(CC)C(=O)c1ccc([C@H](c2cccc(NC(=O)C3CC3)c2)N2CCN(CCOC)CC2)cc1,2.525433
Cc1cc(Nc2nc(N[C@@H](C)c3ncc(F)cn3)ncc2Br)n[nH]1,2.1976237
Cc1cc(Nc2nc(N[C@@H](C)c3ncc(F)cn3)ncc2F)n[nH]1,1.8704085
C[C@H](Nc1ncc(F)c(Nc2cc(N(C)C)[nH]n2)n1)c1ncc(F)cn1,1.9453039
C[C@H](Nc1ncc(Cl)c(Nc2cc(N(C)C)[nH]n2)n1)c1ncc(F)cn1,2.2568827
Cc1cc(Nc2nc(N[C@@H](C)c3ncc(F)cn3)ncc2C)n[nH]1,1.901051
COc1cc(Nc2nc(N[C@@H](C)c3ncc(F)cn3)ncc2Cl)n[nH]1,2.4801157
COc1cc(Nc2nc(N[C@@H](C)c3ncc(F)cn3)ncc2Br)n[nH]1,2.4852157
CN1CCC[C@@H]1CCO[C@](C)(c1ccccc1)c1ccc(Cl)cc1,2.8129048
CN1CCCC1CCOC(C)(c1ccccc1)c1ccc(Cl)cc1,2.9175205
O=C(NCC12CC3CC(CC(C3)C1)C2)c1cc(CN2CC3CNCC(C2)O3)ccc1Cl,1.9255193
COc1cc(F)ccc1-c1cncc(CNC2CCC2)n1,2.1270585
C[C@H](Nc1ccc2ncn(-c3cc(C4CC4)[nH]n3)c2n1)c1ncc(F)cn1,2.9307497
O=C(CN1CCOCC1)Nc1ccc(-c2cccc3c(=O)cc(N4CCOCC4)oc23)cc1-c1ccccc1,3.485835
Cn1c(-c2ccccc2)cc2onc(-c3ccncc3)c2c1=O,2.6686256
Cc1ccnc(NCc2c(O)ccc3ccccc23)c1,3.4282632
N=C(N)NC(=O)c1nc(Cl)c(NCc2ccccn2)nc1N,-0.14501643
CS(=O)(=O)Cc1cc(N2CCOCC2)nc(-c2cnc3[nH]ccc3c2)n1,1.8340199
O=C(Nc1ccc(F)cc1)c1ccc(Cl)[n+]([O-])c1,1.7998079
CS(=O)(=O)c1ccc(C(=O)Nc2ccc(F)cc2)c[n+]1[O-],0.6315075
Cc1ccc(OC(=O)N2CCN3CCC2CC3)cc1,1.6887839
O=C(Oc1ccc(Br)cc1)N1CCN2CCC1CC2,1.9862555
CNC(=O)c1c(F)cccc1Nc1nc(Nc2cc3c(cc2OC)CCN3C(=O)CN(C)C)nc2[nH]ccc12,2.4885023
Nc1nc(Cl)nc(NCc2ccccc2)n1,2.2021487
O=C(Nc1nccs1)c1ccccc1,2.2821908
COc1cc(OC)c(S(=O)(=O)N2c3ccccc3CCC2C)cc1NC(=O)CSCC(=O)O,-0.8733554
COc1cc(OC)c(S(=O)(=O)N2c3ccccc3CCC2C)cc1NC(=O)COC(C)=O,2.0583835
COc1cc(O)c(S(=O)(=O)N2c3ccccc3CCC2C)cc1NC(=O)CCC(=O)O,-0.86302066
COc1cc(OC)c(S(=O)(=O)N2c3ccccc3CCC2C)cc1NC(C)=O,2.0653937
COc1cc(OC)c(S(=O)(=O)N2c3ccccc3CCC2C)cc1NC(=S)NCC(=O)O,-0.6294811
COc1cc(OC)c(S(=O)(=O)N2c3ccccc3CCC2C)cc1NC(=O)NCC(=O)O,-0.5360544
COc1cc(OC)c(S(=O)(=O)N2c3ccccc3CCC2C)cc1NC(=O)CCC(=O)O,-0.54472804
N#CC1(NC(=O)[C@@H]2CCCC[C@H]2C(=O)N2CCc3[nH]c4ncccc4c3C2)CC1,1.5955548
C[C@H](N)C(=O)N[C@H](/C=C/S(=O)(=O)c1ccccc1)CCc1ccccc1,1.7737432
CC(NC(=O)C1(N)CCN(c2ncnc3[nH]ccc23)CC1)c1cccnc1,1.1996664
Cn1ncc2c(=O)[nH]c(-c3ccccc3)nc21,1.7390449
CCCc1c(OCc2ccc(-c3nn[nH]n3)cc2OC)ccc(C(C)=O)c1O,2.4319777
CCCc1c(OCc2ccc(-c3nn[nH]n3)cc2)ccc(C(C)=O)c1O,2.26299
O=C(O)c1cccnc1Nc1cccc(C(F)(F)F)c1,1.1354251
Nc1nc(N)c2cc(Br)ccc2n1,1.9123385
COc1ccc2c(C)nc(NC(=N)N)nc2c1,0.25661886
c1ccc2ncncc2c1,1.3160272
Cc1cc2nc(NC(=N)N)nc(C)c2cc1C,1.1483327
Nc1ncnc2ccccc12,1.1308696
Cc1nc(NC(=N)N)nc2ccccc12,0.18138254
C[C@H]1NC(C)(C)CO[C@]1(O)c1cccc(Cl)c1,1.9306302
C[C@@H]1NC(C)(C)CO[C@@]1(O)c1cccc(Cl)c1,1.5225861
C[C@H]1O[C@@H](n2cnc3c(N)nc(OCC4CC45CC5)nc32)[C@H](O)[C@H]1Cl,3.3709378
C[C@H]1O[C@@H](n2cnc3c(N)nc(OCC4CC45CC5)nc32)[C@H](O)[C@@H]1O,1.5703878
Cc1ccc(-c2cccc(-c3nn[nH]n3)c2)cc1,1.551532
N#Cc1cccc(-c2cccc(-c3nn[nH]n3)c2)c1,0.8041403
CN(CCCc1ccccc1)S(=O)(=O)c1cc(C(=O)N2CCc3ccc(S(=O)(=O)NCCc4ccccc4)cc3C2)c(O)c(O)c1O,0.81485546
CC(C)C(NC(=O)Cn1c(C2CCCCC2)ncc(NC(=O)OCc2ccccc2)c1=O)C(=O)C(F)(F)F,2.7950482
CCCc1c(C(=O)Nc2ccc(F)cc2C)cnn1-c1ccccc1,3.702032
CCCc1c(C(=O)Nc2cc(C)on2)cnn1-c1ccccc1,3.394393
Nc1ncc(-c2ccc(S(=O)(=O)N3CCOCC3)cc2)nc1C(=O)Nc1cccnc1,2.9897733
O=C(N[C@@H](Cc1ccccc1)C(=O)N1CCC(O)CC1)c1cc2cc(Cl)ccc2[nH]1,3.3421643
COc1ccccc1CN1C(=O)c2ccccc2C1C(=O)NC1CCC(C)CC1,3.3669136
CC(C)C(NC(=O)Cn1c(-c2ccccc2)ccc(NS(=O)(=O)NCc2ccccc2)c1=O)C(=O)C(F)(F)F,2.444084
N#Cc1cccc(-c2ccc(C3(CNC(=O)Nc4cc(Cl)cc(Cl)c4)CCN(CC4CC4)CC3)cc2)c1,4.1582108
CN(CCO)C(=O)c1ccc([C@H](c2cccc(NC(=O)C3CC3)c2)N2CCN(Cc3ccc(F)cc3)CC2)cc1,3.0448694
CCN(CC)C(=O)c1ccc([C@H](c2cccc(NC(=O)C3CC3)c2)N2CCN(Cc3ccc(F)cc3)CC2)cc1,3.6628137
CCCc1c(OCCCSc2ccc(CC(=O)O)cc2Cl)ccc(C(=O)CC)c1O,3.1388555
O=C([C@@H](O)CO)N1CC=C(c2ccc(N3C[C@H](COc4ccon4)OC3=O)cc2F)CC1,1.2514834
O=CN1CC=C(c2c(F)cc(N3C[C@H](COc4ccon4)OC3=O)cc2F)CC1,1.8749175
Cc1nc2ncnn2c(O)c1CCOC(=O)c1c(F)cccc1F,0.7321435
Cc1nc2ncnn2c(O)c1CCOC(=O)c1ccccc1F,0.7795131
CC(C)C(=O)Nc1ccc2c(c1)C(=O)NC2=O,1.1856501
COc1cc(O)c2c(c1)/C=C/C[C@H](O)[C@H](O)C(=O)/C=C\C[C@H](C)OC2=O,1.4765153
CCCC1CCCCC(N)=N1,0.51454675
O=C(c1ccc(OCCCc2c[nH]cn2)cc1)C1CC1,2.568758
COc1ccc(-c2cc(C(F)F)nn2-c2ccc(S(N)(=O)=O)cc2)cc1F,2.7015128
Cc1ccc(-c2cc(C(F)(F)F)nn2-c2ccc(S(N)(=O)=O)cc2)cc1,3.026782
O=c1c2cnn(-c3ccccc3)c2nc(-c2ccco2)n1-c1ccccc1,3.112276
CCN(C(=O)Cc1ccc(S(C)(=O)=O)cc1)C1CCN(CCC(c2ccc(NC(C)=O)cc2)c2cccc(F)c2)CC1,2.6218941
CN(C(=O)Cc1ccc(C#N)cc1)C1CCN(CCC(c2ccccc2)c2ccccc2)CC1,3.4063835
CCN(C(=O)Cc1ccc([N+](=O)[O-])cc1)C1CCN(CCC(c2ccccc2)c2ccccc2)CC1,3.606748
CCN(C(=O)Cc1ccc(S(C)(=O)=O)cc1)C1CCN(CC[C@@H](c2ccc(F)cc2)c2ccc(S(C)(=O)=O)cc2)CC1,1.7794855
CCN(C(=O)Cc1ccc(S(C)(=O)=O)cc1)C1CCN(CC[C@H](c2ccc(S(C)(=O)=O)cc2)c2cc(F)c(F)c(F)c2)CC1,2.4980645
CCN(C(=O)Cc1ccc(S(C)(=O)=O)cc1)C1CCN(CCC(c2ccccc2)c2ccc(NC(=O)C(C)(C)C)cc2)CC1,3.0134914
CCN(C(=O)Cc1ccc(S(C)(=O)=O)cc1)C1CCN(CC[C@H](c2ccc(S(C)(=O)=O)cc2)c2cc(F)cc(Cl)c2)CC1,2.7381473
CCN(C(=O)Cc1ccc(S(C)(=O)=O)cc1)C1CCN(CCC(c2ccccc2)c2ccc(NS(C)(=O)=O)cc2)CC1,2.1600115
CN(C(=O)Cc1ccc(Cl)cc1)C1CCN(CCC(c2ccccc2)c2ccccc2)CC1,3.801787
CCN(C(=O)Cc1ccc(C#N)cc1)C1CCN(CCC(c2ccccc2)c2ccccc2)CC1,3.455102
CCN(C(=O)Cc1ccc(S(C)(=O)=O)cc1)C1CCN(CCC(c2ccccc2)c2ccc(NC(C)=O)cc2)CC1,2.4058158
CCN(C(=O)Cc1ccc(S(C)(=O)=O)cc1)C1CCN(CCC(c2ccccc2)c2ccc(S(C)(=O)=O)cc2)CC1,2.0042958
CCN(C(=O)Cc1ccc(S(N)(=O)=O)cc1)C1CCN(CCC(c2ccccc2)c2ccccc2)CC1,2.6335983
CCN(C(=O)Cc1ccc(S(=O)(=O)N(C)C)cc1)C1CCN(CCC(c2ccccc2)c2ccccc2)CC1,3.4224749
CCN(C(=O)Cc1ccc(S(C)(=O)=O)cc1)C1CCN(CC[C@H](c2ccc(S(C)(=O)=O)cc2)c2cccc(F)c2)CC1,2.124707
CC(=O)Nc1ccc(CC(=O)N(C)C2CCN(CCC(c3ccccc3)c3ccccc3)CC2)cc1,3.1731346
CCN(C(=O)Cc1ccc(S(C)(=O)=O)cc1)C1CCN(CCC(c2ccccc2)c2ccccc2)CC1,2.9175994
CN(C(=O)Cc1ccc(O)cc1)C1CCN(CCC(c2ccccc2)c2ccccc2)CC1,3.4077568
CN(C(=O)Cc1ccc(S(N)(=O)=O)cc1)C1CCN(CCC(c2ccccc2)c2ccccc2)CC1,2.5684702
C=CCN(C(=O)Cc1ccc(S(C)(=O)=O)cc1)C1CCN(CCC(c2ccccc2)c2ccccc2)CC1,2.6826258
CCN(C(=O)Cc1ccc(S(C)(=O)=O)cc1)C1CCN(CCC(c2ccc(F)cc2)c2ccc(F)cc2)CC1,3.269784
COC(=O)c1ccc(CC(=O)N(C)C2CCN(CCC(c3ccccc3)c3ccccc3)CC2)cc1,3.6466217
CCN(C(=O)Cc1ccc(S(C)(=O)=O)cc1)C1CCN(CC[C@@H](c2ccccc2)c2ccc(S(C)(=O)=O)cc2)CC1,1.5400655
CCN(C(=O)Cc1ccc(S(C)(=O)=O)cc1)C1CCN(CCC(c2ccccc2)c2ccc(C#N)cc2)CC1,2.6447098
CN(C(=O)Cc1ccc(S(=O)(=O)N(C)C)cc1)C1CCN(CCC(c2ccccc2)c2ccccc2)CC1,3.3687599
COc1ccc(CC(=O)N(C)C2CCN(CCC(c3ccccc3)c3ccccc3)CC2)cc1OC,3.5287905
CCN(C(=O)Cc1ccc(S(C)(=O)=O)cc1)C1CCN(CC[C@H](c2ccc(S(C)(=O)=O)cc2)c2cc(F)cc(F)c2)CC1,2.317728
CCN(C(=O)Cc1ccc(S(C)(=O)=O)cc1)C1CCN(CC[C@H](c2ccc(S(C)(=O)=O)cc2)c2cccc(Cl)c2)CC1,2.5782092
O=S(=O)(Cc1cc(N2CCOCC2)nc(-c2ccccn2)n1)c1ccc(F)cc1,1.7750446
O=S(=O)(Cc1cc(N2CCOCC2)nc(-c2ccccn2)n1)c1ccccc1,1.5244374
Cc1cc(C)cc(-c2c(O)nc3cc(Cl)c(C(=O)Nc4ccncn4)cc3c2OCCC2CCCCN2)c1,1.778882
O=C(O)COc1cccc(N2CCC(CN3CCC(Oc4ccc(Cl)c(Cl)c4)CC3)CC2)c1,1.4047269
O=C(O)c1cccc(N2CCC(CN3CCC(Oc4ccc(Cl)c(Cl)c4)CC3)CC2)c1,2.346492
O=C(O)Cc1ccc(N2CCC(CN3CCC(Oc4ccc(Cl)c(Cl)c4)CC3)CC2)cc1,2.049946
O=C(O)c1ccc(N2CCC(CN3CCC(Oc4ccc(Cl)c(Cl)c4)CC3)CC2)cc1,2.2880452
O=C(O)Cc1cccc(N2CCC(CN3CCC(Oc4ccc(Cl)c(Cl)c4)CC3)CC2)c1,2.0111973
O=C(O)COc1ccccc1N1CCC(CN2CCC(Oc3ccc(Cl)c(Cl)c3)CC2)CC1,1.4650347
O=C(O)c1ccccc1N1CCC(CN2CCC(Oc3ccc(Cl)c(Cl)c3)CC2)CC1,2.8390481
COc1cc(Nc2nccc(Oc3cnc4ccccc4c3)n2)cc(OC)c1OC,3.5897427
CCc1cccc(N(C)C(=N)Nc2cccc3ccccc23)c1,2.3330157
CN1CCN(CCCOc2ccc(-c3cc(-c4ccc(F)cc4)no3)cc2)CC1,3.2668586
c1nc(N2CCCCC2)c2nc[nH]c2n1,1.7995201
CCCc1nc2c(N)nc3ccccc3c2s1,3.2732716
CC(O)C(C)OC(=O)[C@@H]1CC2c3cccc4c3c(cn4C(C)C)CC2N(C)C1,2.1979458
CCN(CC)C(=O)N[C@H]1C[C@@H]2c3cccc4[nH]cc(c34)C[C@H]2N(C)C1,2.0215704
c1ccc2c(OCC3=NCCN3)cccc2c1,1.4407023
O=C(NCC12CC3CC(CC(C3)C1)C2)c1c(Cl)ccc2nc(N3CCC[C@H](NCCc4nnn[nH]4)C3)ccc12,2.5780878
Cc1cc(Nc2ccc(F)cc2)nc(N)n1,2.4476807
COc1ccccc1CNC(=O)c1ccc2cnccc2n1,2.3454688
C[C@H]1O[C@@H](n2cnc3c(N)nc(OC4CC5CC5C4)nc32)[C@H](O)[C@@H]1O,1.9603395
Cc1cc2c(s1)Nc1ccccc1N=C2N1CCN(C)CC1,3.173778
Cc1ccc2c(N)c(C#N)sc2n1,2.1855655
CCc1c(C)nc2sc(C(N)=O)c(N)c2c1C,2.8329928
CN(C)c1ccnc2sc(C(N)=O)c(N)c12,1.7428317
COc1ccc(-c2nc3n(c2Br)CCC3)cc1,3.0317018
NC(=O)Nc1sc(-c2ccccc2)cc1C(=O)N[C@H]1CCCNC1,1.3303363
CNC(=O)c1ccc(-c2cc(C(=O)N[C@H]3CCCNC3)c(NC(N)=O)s2)cc1,0.38269985
CS(=O)(=O)c1ccc(-c2cc(C(=O)N[C@H]3CCCNC3)c(NC(N)=O)s2)cc1,0.45072675
NC(=O)Nc1sc(-c2cc(F)cc(F)c2)cc1C(=O)N[C@H]1CCCNC1,1.7116747
NC(=O)Nc1sc(-c2ccc(F)cc2)cc1C(=O)N[C@H]1CCCNC1,1.5502014
COc1ccc(-c2nc3c(NCCCNC(=O)c4ccccc4)c(Br)cnc3[nH]2)cc1,3.370534
N#Cc1c(-c2ccccc2)nc(SCc2ccccc2)[nH]c1=O,2.0302546
O=c1oc2ccccc2c(O)c1Cc1c(O)c2ccccc2oc1=O,1.6287016
COc1ccc(-c2ccccc2)cc1N1CC(=O)NS1(=O)=O,-0.8696501
COc1ccc2c(c1)N(C[C@H](C)CN(C)C)c1ccccc1S2,2.9927442
CN(C)CCCN1c2ccccc2Sc2ccccc21,2.6004314
CN(C)CCCN1c2ccccc2Sc2ccc(C(F)(F)F)cc21,3.1629097
CN(C)CCCN1c2ccccc2Sc2ccc(Cl)cc21,3.224032
CC(CN1c2ccccc2Sc2ccccc21)N(C)C,2.9090657
Cc1ncc2n1-c1ccc(Cl)cc1C(c1ccccc1F)=NC2,3.1108081
C[C@@H]1CN(C(=O)OC(C)(C)C)CCN1c1ncc(OCc2ccc(C#N)cc2)cn1,3.7125373
C[C@H]1CN(C(=O)OC(C)(C)C)CCN1c1ncc(OCc2ccc(S(C)(=O)=O)cc2)cn1,3.386186
CC(C)(C)OC(=O)N1CCN(c2ncc(OCc3ccc(S(C)(=O)=O)cc3)cn2)CC1,3.0758893
C[C@@H]1CN(C(=O)OC(C)(C)C)CCN1c1ncc(OCc2ccc(S(C)(=O)=O)cc2F)cn1,3.5142355
C[C@@H]1CN(C(=O)OC(C)(C)C)CCN1c1ncc(OCc2ccc(S(C)(=O)=O)cc2)cn1,3.3753371
C[C@@H]1CN(C(=O)OC(C)(C)C)CCN1c1ncc(OCc2ccc(S(C)(=O)=O)cc2C#N)cn1,3.2561975
CC(C)Cn1c(=O)n(C)c(=O)c2c(C(=O)N3CC[C@@H](O)C3)c(Cc3c[nH]c4ncccc34)sc21,1.4979949
CN1CCN(CC(=O)Nc2c(C#N)cnn2-c2ccccc2)CC1,0.01765275
Cc1ccnc2nc(C(=O)Nc3nccs3)nn12,1.3831372
CNC(=O)c1cc(C(=O)c2ccc(Cl)cc2)c(Br)[nH]1,3.0338497
COC(=O)c1c(C)[nH]c(C)c1C(=O)c1ccccc1Cl,2.9557679
O=c1c2sccc2n(CC2COc3ccccc3O2)c(=O)n1O,1.5597225
CN(C)C(=O)C(CCN1CCC(O)(c2ccc(Cl)cc2)CC1)(c1ccccc1)c1ccccc1,3.1106768
CN1CCOc2cc(OC(=O)c3ccccc3)cnc21,3.072296
Cc1cc(CCC2CCN(S(=O)(=O)CC3(N(O)C=O)CCOCC3)CC2)c(C)cn1,1.257841
NC1(C(=O)NC(c2ccc(Cl)cc2)C2CC2)CCN(c2ncnc3[nH]ccc23)CC1,3.3779335
Nc1nc(N)c2cc(NCc3ccc(Cl)c(Cl)c3)ccc2n1,3.3474953
Cc1noc(C)c1CCC1CCN(S(=O)(=O)CC2(N(O)C=O)CCOCC2)CC1,1.1577431
O=C(CCCN1CCC(O)(c2ccc(Cl)cc2)CC1)c1ccc(F)cc1,2.7489698
N#Cc1ccc(CN2CCN(c3ccc4nnc(C(F)(F)F)n4n3)CC2)cc1,2.946292
Fc1cccc(CN2CCN(c3ccc4nnc(C(F)(F)F)n4n3)CC2)c1F,3.473659
Fc1ccc(CN2CCN(c3ccc4nnc(C(F)(F)F)n4n3)CC2)cc1,3.335262
Nc1nc(CCc2cccc(Br)c2)cc(=O)[nH]1,2.343764
Cn1c(N)nc(CCc2ccccc2)cc1=O,1.8458598
Nc1nc(CCc2ccccc2)cc(=O)[nH]1,1.4738011
CCNc1nc(N)c(C(=O)c2ccc(Cl)s2)s1,3.445352
CC(=O)Nc1ccc2ccn(-c3cc(NCCCCO)n4ncc(C#N)c4n3)c2c1,2.15505
CC(=O)Nc1ccc2ccn(-c3cc(NCCCN(C)C)n4ncc(C#N)c4n3)c2c1,1.1855981
COc1cc2ncnc(Nc3ccc(F)c(Cl)c3)c2cc1OCCCN1CCCC1,3.0167463
C=CCC1(CC(C)C)C(=O)NC(=O)NC1=O,1.1733882
CCCCC1(CC)C(=O)NC(=O)NC1=O,1.3537862
COc1cc2ncnc(Nc3ccc(F)c(Cl)c3)c2cc1OCCCN1CCCCC1,3.386838
COc1cc(CCc2cc(Nc3ccnc(NCc4ccccn4)n3)n[nH]2)cc(OC)c1,3.3602602
Nc1ncnc2c1c(COc1cccc(Cl)c1)nn2C1CCOCC1,3.3372192
CCC(CC)NC(=O)c1cnn(-c2ccccn2)c1NS(=O)(=O)c1ccc(C)cc1,0.6934942
O=c1[nH]cnc2cc(F)c(F)cc12,1.2508428
CC(C)(C)NC(=O)C(c1ccncc1)N(Cc1ccco1)C(=O)c1ccc(-c2ccccc2)[nH]1,3.2127957
CCOC(=O)Nc1cccc([C@@H](c2ccc(C(=O)N3CCC3)cc2)N2CCN(Cc3cccnc3)CC2)c1,2.7199836
NC1=NN(c2cccc(C(F)(F)F)c2)CC1,1.9682567
O=C(CO)N1CCC(c2[nH]nc(-c3ccc(Cl)cc3F)c2-c2ccncn2)CC1,1.827835
OC(CCN1CCCCC1)(c1ccccc1)C1CC2C=CC1C2,2.43375
COc1ccc(CN2CCc3c([nH]c4ccccc34)C2)cc1OC,3.1739273
Cc1ccc(-c2ccc(S(=O)(=O)N3CCC[C@H]3C(=O)N3CC[C@@H](N)C3)cc2F)o1,1.4627546
COc1ccc(-c2cc3c(C)nc(N)nc3n([C@H]3CC[C@H](OCCO)CC3)c2=O)cn1,1.7843609
Cc1ccc(-c2ncc[nH]2)cc1NC(=O)c1ccc(OCc2ccccn2)cc1,3.2275934
Cc1cnc(-c2ccc(C)c(NC(=O)c3ccc(OCc4ccccn4)cc3)c2)[nH]1,3.3939886
Cc1ccc(-c2nccn2C)cc1NC(=O)c1ccc(OCc2ccccn2)cc1,3.206881
Cc1ccc(-c2ncc(C)n2C)cc1NC(=O)c1ccc(OCc2ccccn2)cc1,3.2582145
CN1CCN(c2ccc3nc(-c4c(N)c5c(F)cccc5[nH]c4=O)[nH]c3c2)CC1,2.9898617
CC(C)(C)OC(=O)N1CCN(c2ccc(OCc3ccc(S(C)(=O)=O)cc3)nc2)CC1,3.1643972
CC(N)Cc1c[nH]c2ccc(OCc3cccs3)cc12,1.14136
Cc1ccc2c(n1)c(Sc1ccc(Cl)cc1)c(C)n2CC(=O)O,0.94235873
NC1(Cc2ccc(Cl)cc2)CCN(c2ncnc3[nH]ccc23)CC1,2.4037254
COc1ccc(NC(=O)CCc2c(C)nc3nc(C)nn3c2C)cc1,1.4816767
CCOc1ccc(NC(=O)CCc2c(C)nc3nc(C)nn3c2C)cc1,1.8333476
COc1cc(F)ccc1-c1cncc(CNC2CCCC2)c1,2.1370282
Cc1nc(C)c(-c2ccc(C34CCC(CC(=O)O)(CC3)CC4)cc2)nc1C(N)=O,1.3132713
Cc1nc(C)c(-c2ccc(C34CCC(C(=O)O)(CC3)CC4)cc2)nc1C(N)=O,1.492401
Cc1ncc(-c2ccnc(Nc3ccc(S(=O)(=O)CC4CCCO4)cc3)n2)n1C(C)C,3.0680177
FC(F)(F)c1nnc2ccc(NCc3cccnc3)nn12,2.3016925
Cc1cccc(N(Cc2cc(F)c(F)cc2F)C(=O)O[C@H]2CN3CCC2CC3)c1,3.1337879
Nc1nc2ccc(-c3cccc(O)c3)cc2s1,3.1945577
COc1cc(OC)cc(-c2ccc(NC(=O)OCc3ccccc3)c(=O)n2CC(=O)NC(C(=O)C(F)(F)F)C(C)C)c1,3.2036452
CC(C)C(NC(=O)Cn1c(-c2ccccc2)ccc(NC(=O)OCc2ccc(C(=O)O)cc2)c1=O)C(=O)C(F)(F)F,0.988294
CC(C)C(NC(=O)Cn1c(-c2cccc(C(=O)O)c2)ccc(NC(=O)OCc2ccccc2)c1=O)C(=O)C(F)(F)F,0.7669338
Cc1c(NC(=O)N2CCOCC2)ccc2c1c1ccccc1n2C(C)C,3.622313
CCn1c2ccccc2c2cc(NC(=O)N3CCOCC3)ccc21,3.3221192
CS(=O)(=O)n1c2ccccc2c2cc(NC(=O)N3CCOCC3)ccc21,2.4165218
CC(C)n1c2ccccc2c2cc(NC(=O)N3CCOCC3)ccc21,3.4972906
Cc1cc(N)n(-c2ccccc2)n1,1.5130694
CCN(CC)CC(=O)Nc1c(C#N)cnn1-c1ccccc1,0.28862762
Cc1cc(C)n(-c2cccc(Cl)c2C#N)n1,2.4069161
COc1ccc2c(c1)N(CCN1CCC(NCc3ccc4c(n3)NC(=O)CO4)CC1)C(=O)CC2,0.7833904
CN1CCN(C(=O)OC2c3nccnc3C(=O)N2c2ccc(Cl)cn2)CC1,0.7224245
CCN(CC)C(=O)Cc1csc(NS(=O)(=O)c2cccc(Cl)c2C)n1,1.4454954
O=S(=O)(Nc1nccs1)c1cc(Cl)ccc1Cl,1.7828863
CCOC(=O)Cc1csc(NS(=O)(=O)c2ccc(Cl)cc2)n1,1.6886313
O=S(=O)(Nc1nccs1)c1ccc(O)cc1,0.61783504
Nc1ccc(S(=O)(=O)Nc2nccs2)cc1,0.013514757
Oc1ccc(-c2cnc3ccccc3n2)cc1,2.6101222
CC1=C2C[C@H]3[C@@H](CC=C4C[C@@H](O)CC[C@@]43C)[C@@H]2CC[C@]12O[C@@H]1C[C@H](C)CN[C@H]1[C@H]2C,2.716635
Cc1cc2cc3c(C)cc(=O)oc3c(C)c2o1,3.5095203
COc1c2occc2cc2ccc(=O)oc12,2.3014314
O=C(COCc1ccncc1)N1CCN(c2ccc(F)cc2Cl)CC1,2.6196249
O=C(COCc1ccncc1)N1CCN(c2ccc(Cl)cc2F)CC1,2.6792917
O=C(COCc1ccncc1)N1CCN(c2ccc(Cl)cc2Cl)CC1,3.0607877
Cc1cc(Cl)ccc1N1CCN(C(=O)COCc2ccncc2)CC1,2.8331456
COc1cc(OC)c(S(=O)(=O)N2c3ccccc3Oc3ccccc32)cc1NC(=O)Cc1ccnc(F)c1,2.8361719
N=C(N)Nc1cc(Cl)nc(-c2ccccc2)n1,0.91541445
COc1ccc(-c2cc(=O)c3ccccc3[nH]2)cc1,3.2259097
O=c1cc(-c2ccc(O)cc2)[nH]c2ccccc12,2.9268506
CC#Cc1cncc(-c2cccc(C3(C4CC4)N=C(C)C(N)=N3)c2)c1,3.4644732
NC1C2CN(c3nc4c(cc3F)c(=O)c(C(=O)O)cn4-c3ccc(F)cc3F)CC12,0.029572725
Cc1ccc(OCC(=O)O)c(-n2nc3ccccc3n2)c1,-0.2585051
Nc1ccc(N=Nc2ccccc2)c(N)n1,2.6187346
O=C(O)c1ccc2c(c1)nc(Nc1cccc(Cl)c1)c1ccncc12,1.6950758
O=C(NCc1ccc(OC(F)(F)F)cc1)C1c2ccccc2C(=O)N1CC1CC(F)(F)C1,3.8273687
FC(F)(F)c1nnc2ccc(NCn3nnc4ccccc43)nn12,2.6495104
COCc1ccoc1C(=O)N(c1ccc(OC)cc1OC)C(C(=O)NC[C@@H](C)O)c1ccccc1F,2.0074198
COc1ccc(N(C(=O)c2occc2CO)C(C(=O)NC[C@@H](C)O)c2ccccc2F)c(OC)c1,1.4469848
COc1ccc(N(C(=O)c2occc2C)C(C(=O)NC[C@@H](C)O)c2ccccc2F)c(OC)c1,2.3093643
COc1ccc(N(C(=O)c2occc2Cl)C(C(=O)NC[C@@H](C)O)c2ccccc2F)c(OC)c1,2.2054079
OC1(c2ccccc2)CNCCc2ccccc21,0.87340534
CN1CCc2cc(Cl)c(O)cc2[C@@H](c2ccccc2)C1,2.4284692
Oc1ccc(C2CNCCc3c2cc(O)c(O)c3Cl)cc1,0.47014618
CCc1cccc2c3c([nH]c12)C(CC)(CC(=O)O)OCC3,0.77180314
Cc1oc(-c2ccccc2)nc1CCOc1ccc(C[C@H](Nc2ccccc2C(=O)c2ccccc2)C(=O)O)cc1,3.2778606
CC[C@H](Nc1ncnc2[nH]cnc12)c1nc2cccc(F)c2c(=O)n1-c1ccccc1,2.8514996
CCN(CC)C(=O)c1ccc(C(=C2CCN(Cc3ccc(F)cc3)CC2)c2cccc3cccnc23)cc1,3.699308
CCCOc1cc(OCCCN2CCCC2)ccc1C(=O)Nc1cccc(O)c1,2.3312893
CNC(=O)c1ccc(Oc2ccc3c(c2)CCN(C2CCC2)CC3)nc1,1.6386173
COc1ccccc1CCNCc1cccc(CCNC[C@H](O)c2ccc(O)c3[nH]c(=O)sc23)c1,0.71780765
O=c1[nH]c2c(O)ccc([C@@H](O)CNCCc3cccc(CNCCc4ccccc4F)c3)c2s1,1.0775948
O=c1[nH]c2c(O)ccc([C@@H](O)CNCCc3cccc(CNCCc4c(Cl)cccc4Cl)c3)c2s1,2.0784993
O=c1[nH]c2c(O)ccc([C@@H](O)CNCCc3cccc(CNCCc4ccccc4Cl)c3)c2s1,1.5976319
CC(Cc1cccc(CNCCc2c(Cl)cccc2Cl)c1)NC[C@H](O)c1ccc(O)c2[nH]c(=O)sc12,1.9117928
Cc1sc(N2CCN(C)CC2)nc1CCOc1ccc(C[C@H](Nc2ccccc2C(=O)c2ccccc2)C(=O)O)cc1,2.3941326
NS(=O)(=O)c1cc2c(cc1Cl)NC(C1CC3C=CC1C3)NS2(=O)=O,1.8120215
N#Cc1ccc(C(c2ccc(C#N)cc2)n2cncn2)cc1,1.8137562
C[C@H](CO)Nc1nc(SCc2ccccc2)nc2[nH]c(=O)[nH]c12,3.185233
N#CC[C@H](C1CCCC1)n1cc(-c2ncnc3[nH]ccc23)cn1,3.1745102
CS(=O)(=O)c1ccccc1C(=O)NCC(O)CNC1CCN(Cc2ccc(Cl)c(Cl)c2)CC1,0.9911808
COc1cc2c(Nc3ccc(F)cc3F)c(C(N)=O)cnc2cc1N1CCN(C)CC1,2.5248451
Nc1ncnc(Nc2ccccc2)n1,1.5546783
CCNc1nc(C#N)nc(Nc2ccccc2)n1,3.0319273
CN[C@@H](C)C(=O)N[C@H](C(=O)N[C@H]1CCN(C(=O)c2ccccc2)C1)C1CCCCC1,1.1370718
CCOC(=O)Nc1cccc([C@@H](c2ccc(C(=O)N(C)CC)cc2)N2CCN(Cc3nc[nH]c3C)CC2)c1,2.5342155
CCOC(=O)Nc1cccc([C@@H](c2ccc(C(=O)N(C)CC)cc2)N2CCN(Cc3c[nH]c(C)n3)CC2)c1,2.2274294
Cc1cc2[nH]c(=O)c(O)cc(=O)c2cc1C,1.2692156
O=c1ccc(=O)c2ccccc2[nH]1,1.2278479
N=C(N)c1cc2c(/C=C/c3ccc4c(c3)OCO4)cccc2s1,1.749597
COc1cc(N2CCN(C(=O)[C@@H]3CCCC[C@H]3C(=O)NC3(C#N)CC3)[C@H](C)C2)ccc1C1CC1,3.1356
COc1ccc(N(C(=O)c2ccccc2)C(C(=O)NC[C@@H](C)O)c2ccccc2F)c(OC)c1,2.3816996
OCCOCCN1CCN(C(c2ccccc2)c2ccc(Cl)cc2)CC1,3.0365622
O=C(O)COCCN1CCN(C(c2ccccc2)c2ccc(Cl)cc2)CC1,1.1832821
Clc1ccc(C(c2ccccc2)N2CCNCC2)cc1,1.797625
N#Cc1ccccc1Oc1ccc(C(=O)NCc2ccncc2)cc1,2.6307023
O=C(NCc1ccncc1)c1ccc(Oc2ccccc2)cc1,2.959981
Cc1ccc(Oc2ccc(C(=O)NCc3ccncc3)cc2)cc1,3.2851377
O=C(c1scc2c1CCCC2)N1CCCCC1,2.8770745
CN(C)CCCNC(=O)c1nc(Cl)c(N)nc1N,-0.30542874
O=C(N[C@@H](Cc1ccc(OCCNc2nc3ccccc3[nH]2)cc1)C(=O)O)c1c(Cl)cccc1Cl,0.16234684
C[N+]1(C)[C@H]2C[C@H](OC(=O)C(O)(c3cccs3)c3cccs3)C[C@@H]1[C@H]1O[C@@H]21,-0.3900981
COc1cc(OC)c(S(=O)(=O)N2c3ccccc3CCC2C)cc1NC(=O)Cc1ccnc(F)c1,2.7195125
COc1cc2c(Nc3ccc(Cl)cc3F)ncnc2cc1OCCCN1CCOCC1,3.2921739
O=C(O)C[C@H]1CC[C@H](c2ccc(NC(=O)c3nnc(Nc4ccccc4F)o3)cc2)CC1,2.7474837
O=C(Nc1ccc(N2CCOCC2)nc1)c1nnc(Nc2cccc(OCc3cccnc3)c2)o1,3.1931665
CN1CCC[C@H]1c1ccccn1,0.3406948
Cc1cc(=O)n(-c2ccccc2)n1C,0.36298418
Cc1c(N(C)C)c(=O)n(-c2ccccc2)n1C,0.6022022
Nc1nccc(-n2ccc3ccccc32)n1,2.3108757
Fc1ccc(C2CCN(C(=S)COCc3ccncc3)CC2)c(Cl)c1,3.2655942
Cc1cccc(-c2nn3c(c2-c2ccnc4ccc(C(N)=O)cc24)CCC3)n1,2.1985524
O=c1[nH]c2c(O)ccc([C@@H](O)CNCCCOCCNCCc3cccc(Cl)c3)c2s1,0.4421625
O=c1[nH]cnc2[nH]ncc12,-0.24954128
Cc1cc(C)cc(CCOCCS(=O)(=O)NCCNCCc2ccc(O)c3nc(O)sc23)c1,2.5623045
CC(c1ccsc1)n1[nH]c(=O)c2[nH]c3cc(Cl)ccc3c(=O)c2c1=O,1.1322343
O=c1[nH]n(Cc2ccsc2)c(=O)c2c(=O)c3ccc(Cl)cc3[nH]c12,1.2380868
COc1cccc([C@H](O)C2CCN(CCc3ccc(F)cc3)CC2)c1OC,2.242426
O=S1NC(Cc2ccc3ccccc3c2)=NO1,1.707829
CC(C)(C)Cn1c(CN2C(=O)CC3(CCNCC3)C2=O)cc2cnc(C#N)nc21,0.21581924
CN[C@@H](C)C(=O)N[C@H](C(=O)N[C@H]1CCCN(C(=O)c2ccccc2)C1)C1CCCCC1,1.2471769
FC(F)(F)c1nnc2ccc(N3CCCCCC3)nn12,3.1361933
CCC(C)(C)C(=O)O[C@H]1C[C@@H](C)C=C2C=C[C@H](C)[C@H](CC[C@@H]3C[C@@H](O)CC(=O)O3)[C@H]21,3.4999955
O=C1Nc2ccccc2C1(O)c1ccccc1,2.028587
CCN(CC)CCN1C(=O)[C@@](O)(c2ccccc2Cl)c2c1cc(C(N)=O)cc2C(F)(F)F,2.2047825
Nc1n[nH]c(N)c1Cc1ccc2c(c1)OCO2,0.47425652
CC(C)(C(N)=O)C(=O)NCCCNc1nc(Nc2cccc(NC(=O)N3CCCC3)c2)ncc1Br,2.1593432
CC(=O)NC[C@H]1CN(c2ccc(-n3cnc(C#N)c3)c(F)c2)C(=O)O1,1.2176785
CC(=O)NC[C@H]1CN(c2ccc(-n3ccnc3)c(F)c2)C(=O)O1,0.77917576
CNC1=Nc2ncccc2C(c2cc[nH]c2)=NC1c1cccs1,1.8713562
N=C(NCc1ccc(Cl)cc1)SCCCc1c[nH]cn1,1.2119594
O=C(O)CCc1ccc(OCc2cccc(Oc3ccccc3)c2)cc1,2.4118621
COc1cc(-n2cnc3cc(-c4ccc(Cl)cc4)sc3c2=O)ccc1OCCN1CCCC1,3.4184303
CCN1CCCC1CNC(=O)c1cc(S(N)(=O)=O)ccc1OC,-0.3339975
CCN1CCC[C@H]1CNC(=O)c1c(O)c(Cl)cc(Cl)c1OC,0.94155264
CCN1CCC[C@H]1CNC(=O)c1c(OC)ccc(Br)c1OC,0.7072741
CCN1CCC[C@H]1CNC(=O)c1cc(Br)cc(OC)c1OC,1.1209383
CCN1CCC[C@H]1CNC(=O)c1cc(S(N)(=O)=O)ccc1OC,-0.4572742
O=S(=O)(CCCOCCSc1ccccc1)CCNCCc1ccc(O)c2nc(O)sc12,2.5900939
CC(=O)Nc1ccc2cnn(-c3cc(NC4CC4)n4ncc(C#N)c4n3)c2c1,2.819428
O=c1[nH]c([C@@H]2CCCN2)nc2c1oc1ccc(Br)cc12,1.9992757
O=c1[nH]c([C@@H]2CCCN2)nc2c1oc1ccc(Cl)cc12,1.9134587
CC(c1ccccc1)N1Cc2ccccc2C1=O,2.9772234
CCC(c1nc2ccsc2c(=O)n1Cc1cccnc1)N(CCCN)C(=O)c1ccc(C)cc1,0.5952591
O=c1cc(-c2ccccc2)ccn1-c1ccc2c(cnn2CCN2CCCC2)c1,2.0859745
CCCSc1nc2ccc(NC(=O)CCC(=O)O)cc2s1,0.7981595
Nc1nc2ccccc2s1,2.0679913
NCCc1ccc(O)c2nc(O)sc12,-0.202559
Nc1nc2ccc(OC(F)(F)F)cc2s1,3.3058019
NS(=O)(=O)c1nc2ccccc2s1,1.25809
Nc1nc2ccc(F)cc2s1,2.335655
CCOc1ccc2nc(NC(=O)CC)sc2c1,3.0995464
Cc1nc2ccc(NC(=O)CCNC(N)=O)cc2s1,0.8924731
CCCSc1nc2ccc(NC(=O)CCNC(N)=O)cc2s1,2.6753364
CCOc1ccc2nc(N)sc2c1,2.504326
C=CC(=O)Nc1cccc(Oc2nc(Nc3ccc(N4CCN(C)CC4)cc3OC)ncc2Cl)c1,3.5700765
CS(=O)(=O)N1CCN(Cc2cc3nc(-c4cccc5[nH]ncc45)nc(N4CCOCC4)c3s2)CC1,3.2140687
C=C(C)[C@H]1Cc2c(ccc3c2O[C@@H]2COc4cc(OC)c(OC)cc4[C@@H]2C3=O)O1,3.6268735
O=C(CCS(=O)(=O)c1ccc(Br)cc1)NCc1ccc(F)cc1,2.8453574
Cc1ccc(S(=O)(=O)Nc2c(C(=O)NC3CCOCC3)c(C)nn2-c2ccccc2)cc1,0.5551083
O=c1cc(N2CCOCC2)oc2c(-c3cccc4c5c(sc34)CCCC5)cccc12,4.240144
CCCN(CCC)C(=O)c1cccc(C(=O)N[C@@H](Cc2ccccc2)[C@H](O)CNCc2cccc(OC)c2)c1,2.5921564
NC1(c2ccc(-c3c(-c4ccccc4)ccn4ccnc34)cc2)CCC1,2.328888
Nc1n[nH]c(Nc2ccccc2)n1,1.1025838
Oc1c2ncc3ccccc3c2nn1-c1ccccc1,1.7800457
Oc1c2ncc3ccccc3c2nn1-c1ccc(Cl)cc1,2.4785993
Cc1n[nH]c(C)c1Cc1sc2c(c1C(=O)N1C[C@H](O)CO1)c(=O)n(C)c(=O)n2CC(C)C,1.0942174
CN[C@@H](C)C(=O)N[C@H](C(=O)N[C@H]1CCN(CCCc2ccccc2)C1)C1CCCCC1,1.422377
Cc1c(Cl)cccc1S(=O)(=O)Nc1nc(CC(=O)N2CCN(C)CC2)cs1,0.7798029
Cc1cc(C)cc(-c2[nH]c3ccccc3c2CCNCCCCc2ccncc2)c1,3.3328283
CCN(CC)C(=O)c1ccc2[nH]c(-c3cc(C)cc(C)c3)c(CCNCCCCc3ccncc3)c2c1,3.2027655
O=C(Nc1ccc(N2CCOCC2)cc1)c1nnc(NC(=O)C2(c3ccc(Cl)cc3)CCC2)o1,3.184824
COC1=CC(c2cc3ccccc3[nH]2)=N/C1=C\c1[nH]c(C)cc1C,3.5160325
CN[C@@H](C)C(=O)N[C@H](C(=O)N[C@H]1CCCN(S(=O)(=O)Cc2ccccc2)C1)C(C)(C)C,1.1433749
COC(=O)[C@@H]1C2CCC(C[C@@H]1c1ccc(I)cc1)N2CCCF,2.4241025
Cc1ccc(S(=O)(=O)Nc2c(C(=O)NCc3ccccc3)cnn2-c2ccccc2)cc1,2.235837
O=c1cc(N2CCOCC2)nc2c3ccccc3ccn12,2.1794322
COc1cc(OC)c(S(=O)(=O)N2c3ccccc3CCC2C)cc1NC(=O)CSc1ccncc1,2.6102543
O=C(O)CN1C(=O)C(NC(=O)c2cc3sc(Cl)c(Cl)c3[nH]2)Cc2ccccc21,0.8145262
CC(C)C(NC(=O)Cn1c(-c2ccccc2)ccc(NS(N)(=O)=O)c1=O)C(=O)C(F)(F)F,1.2941298
CC(=O)Nc1ccc(-c2ccccc2)n(CC(=O)NC(C(=O)C(F)(F)F)C(C)C)c1=O,2.0423365
CNS(=O)(=O)Nc1ccc(-c2ccccc2)n(CC(=O)NC(C(=O)C(F)(F)F)C(C)C)c1=O,1.871635
CC(C)C(NC(=O)Cn1c(-c2ccccc2)ccc(NS(C)(=O)=O)c1=O)C(=O)C(F)(F)F,1.3894575
CC(C)C(NC(=O)Cn1c(-c2ccccc2)ccc(NS(=O)(=O)C(F)(F)F)c1=O)C(=O)C(F)(F)F,1.3898078
CCNc1ccc(-c2ccccc2)n(CC(=O)NC(C(=O)C(F)(F)F)C(C)C)c1=O,2.576756
CC(C)C(NC(=O)Cn1c(-c2ccccc2)ccc(N)c1=O)C(=O)C(F)(F)F,1.9008892
CC(C)C(NC(=O)Cn1c(-c2ccccc2)ccc(NC=O)c1=O)C(=O)C(F)(F)F,1.770742
O=C(O)C(c1ccccc1)N1CCCC(CN2CCC(Oc3ccc(Cl)c(Cl)c3)CC2)C1,2.511745
Cc1c(F)cc(C(=O)NC2CC2)cc1-c1ccc(C(=O)NCC(C)(C)C)cn1,3.2782497
O=c1[nH]c(-c2ccc([N+](=O)[O-])cc2)nc2ccccc12,2.756249
O=c1[nH]c(-c2ccccc2)nc2cc(Cl)ccc12,3.113735
Cc1ccc2c(c1)c(-c1cc(C)nc3ccccc13)c(C)n2CC(=O)O,1.0190362
Cc1ccc2c(c1)c(-c1ccnc3cc(C(F)(F)F)ccc13)c(C)n2CC(=O)O,1.5503693
COc1ccc2c(c1)c(-c1ccnc3cc(Cl)ccc13)c(C)n2CC(=O)O,1.0162619
Cc1ccc2c(c1)c(-c1ccnc3ccc(C(F)(F)F)cc13)c(C)n2CC(=O)O,1.4780841
Cc1ccc2c(c1)c(-c1ccnc3c(Cl)cccc13)c(C)n2CC(=O)O,1.362289
Cc1ccc2c(c1)c(-c1ccnc3c(C(F)(F)F)cccc13)c(C)n2CC(=O)O,1.6553845
Cc1ccc2c(-c3ccnc4cc(Cl)ccc34)c(C)n(CC(=O)O)c2c1,1.3861692
Cc1ccc2c(c1)c(-c1ccnc3c(F)cccc13)c(C)n2CC(=O)O,0.8996389
Cc1ccc2c(c1)c(-c1ccnc3c(S(C)(=O)=O)cccc13)c(C)n2CC(=O)O,-0.08470678
Cc1ccc2c(c1)c(-c1ccnc3c(C)cccc13)c(C)n2CC(=O)O,1.0738162
Cc1ccc2c(c1)c(-c1ccnc3c(C#N)cccc13)c(C)n2CC(=O)O,0.49956548
Cc1ccc2c(c1)c(-c1ccnc3cc(Cl)ccc13)c(C)n2CC(=O)O,1.3900251
COc1cccc2c(-c3c(C)n(CC(=O)O)c4ccc(C)cc34)ccnc12,0.69903755
NS(=O)(=O)c1ccc(Nc2nccc(-c3ccccc3)n2)cc1,2.5934982
C[C@H](CN(C)C(=O)CO)Oc1cccc2ncnc(Nc3ccc(OCc4ccccn4)c(Cl)c3)c12,3.2863774
COc1cc2ncnc(Nc3ccc(OCc4ccccn4)c(C)c3)c2cc1OC,3.4705162
C[C@@H](Oc1cccc2ncnc(Nc3ccc(OCc4ccccn4)c(Cl)c3)c12)C(=O)N(C)CCO,3.3306355
C[C@@H](Oc1cccc2ncnc(Nc3ccc(OCc4ccccn4)c(Cl)c3)c12)C(=O)N(C)C,3.53796
O=C(N[C@@H](Cc1cccc(OCCCNc2ccccn2)c1)C(=O)O)c1c(Cl)cccc1Cl,-0.13779521
CN1CCN(C(=O)c2cccc(Cc3n[nH]c(=O)c4ccccc34)c2)CC1,1.2376677
CCC(=O)N1CCN(C(=O)c2cc(Cc3n[nH]c(=O)c4ccccc34)ccc2F)CC1,1.2489787
CN1CCN(C(=O)c2cc(Cc3n[nH]c(=O)c4ccccc34)ccc2F)CC1,1.3758297
O=c1[nH]c2c(O)ccc([C@@H](O)CNCCc3cccc(CN4CCC(c5ccccc5)CC4)c3)c2s1,2.0115054
CC(O)(C(=O)Nc1ccc(S(=O)(=O)c2cccnc2)cc1)C(F)(F)F,2.1187894
COc1cc2c(Nc3c(Cl)ccc4c3OCO4)ncnc2cc1OCCCN1CCCCC1,2.6101823
COc1cc(N2CCN(C(C)=O)CC2)ccc1Nc1ncc(Cl)c(-c2cnc3cc(N4CCCC4)ccn23)n1,3.5992942
CCc1[nH]c2nc(Sc3cnc4ccc[n+]([O-])c4c3)nc(N3C[C@H]4[C@H](N)[C@H]4C3)c2c1Cl,2.3753152
CNC(=O)c1snnc1-c1ccccc1,0.946324
O=C(C1CCN(c2nnc(-n3cccc3)s2)CC1)N1CCN(Cc2ccc3c(c2)OCO3)CC1,2.9449031
N#Cc1ccc(C(=O)N2CCC3(CC2)N=C(N)c2c(F)ccc(F)c2N3)cn1,0.8900808
C[C@H](NC(=O)Cc1cc(F)cc(F)c1)C(=O)NC1C(=O)N(C)c2ccccc2-c2ccccc21,3.555223
Clc1ccc(Nc2nnc(Cc3ccncc3)c3ccccc23)cc1,3.5813634
Oc1ccc(-c2nc3ccccc3s2)cc1,3.4284997
Nc1ccc2nc(-c3ccc(O)cc3)sc2c1,2.995294
Nc1ccc(-c2nc3ccc(O)cc3s2)cc1,2.9321563
Oc1ccc2nc(-c3ccccc3)sc2c1,3.4516234
CNc1ccc(-c2nc3ccc(O)cc3s2)cc1,3.2238495
Oc1ccc(-c2nc3ccc(O)cc3s2)cc1,3.3521585
Oc1cccc(-c2nc3ccc(O)cc3s2)c1,3.3551912
CCC(CC)NC(=O)c1cnn(Cc2ccccc2)c1NS(=O)(=O)c1ccc(C)cc1,1.7623527
CC(C)Oc1cccc(CC(=O)N2CCC[C@](CC[N+]34CCC(c5ccccc5)(CC3)CC4)(c3ccc(Cl)c(Cl)c3)C2)c1,1.1910636
C=CC(=O)Nc1cccc(CN2C(=O)N(c3c(Cl)c(OC)cc(OC)c3Cl)Cc3cnc(NCCCCN(CC)CC)nc32)c1,2.463737
Cc1nc2c(C#N)cnn2c(O)c1Cc1ccccc1,1.2567984
CC#Cc1ccnc(-c2cccc([C@@]3(c4cc(C)c(=O)n(CC)c4)N=C(N)c4c(F)cccc43)c2)c1,3.8597214
O=c1[nH]c2cc(Cl)ccc2o1,2.4973192
COc1cc2c(Nc3c(Cl)ccc4c3OCO4)ncnc2cc1OCC1CCN(C)CC1,2.2769492
CCCc1c(O)c(O)c(C(=O)O)c2cc(Cc3ccccc3)c(C)cc12,1.9894514
CN[C@@H](C)C(=O)N[C@H](C(=O)N[C@H]1CCCN(CCc2ccccn2)C1)C(C)(C)C,0.2795136
Cc1cn(Cc2ccccc2)c(=O)[nH]c1=O,1.0722309
Cc1nc(C)c(-c2ccc3c(c2)CC[C@]32CC[C@@H](c3nnn[nH]3)CC2)nc1C(N)=O,1.4388773
CN(C)C(=O)[C@H](Cc1ccccc1)NC(=O)c1cc2sccc2[nH]1,3.2023337
CC1CC(OC(=O)C(O)c2ccccc2)CC(C)(C)C1,2.6071124
CC[C@H](C)[C@H](N)C1=N[C@H](C(=O)N[C@@H](CC(C)C)C(=O)N[C@H](CCC(=O)O)C(=O)N[C@H](C(=O)N[C@H]2CCCCNC(=O)[C@H](CC(N)=O)NC(=O)[C@@H](CC(=O)O)NC(=O)[C@H](Cc3cnc[nH]3)NC(=O)[C@@H](Cc3ccccc3)NC(=O)[C@H]([C@@H](C)CC)NC(=O)[C@@H](CCCN)NC2=O)[C@@H](C)CC)CS1,-0.46997666
CC(C)(C)C(=O)NCc1ccc(NC(=O)N2CCCC(O)(c3ccc(Cl)c(Cl)c3)C2)cc1,3.5459883
CC(C)c1ccccc1Cc1cc(C(=O)Nc2ccc(S(=O)(=O)c3ccccc3C(C)(C)C)cc2)c(O)c(O)c1O,3.9031324
COc1cc(OC)c2nc(C)c3c(c2c1)N(c1ccc(O)cc1)CC3,3.0865538
Cc1cc(Nc2cc(N3CCN(C)CC3)nc(Sc3ccc(NC(=O)C4CC4)cc3)n2)n[nH]1,3.3991737
N#Cc1c(-c2ccc(-c3ccccc3C(F)(F)F)cc2)nc2ccncc2c1O,3.2376895
CCOc1ccccc1-c1ccc(-c2nc3ccncc3c(O)c2C#N)cc1,2.9584038
CCc1ccccc1-c1ccc(-c2nc3ccncc3c(O)c2C#N)cc1,3.164256
N#Cc1c(-c2ccc(-c3ccccc3OC(F)(F)F)cc2)nc2ccncc2c1O,3.475705
CCc1nc2ccc(C(=O)NCc3ccc4c(c3)OCO4)cn2c1N(C)Cc1cccs1,3.6793694
O=c1cc(N2CCOCC2)oc2c(-c3cccc(-c4ccsc4)c3)cccc12,3.8038118
O=C(CC1CCN(Cc2ccn(-c3ccc(C(F)(F)F)cc3)c2)CC1)NC(c1ccc(F)cc1)c1c[nH]c(=O)c(Cl)c1,3.6360981
O=C(CC1CCN(Cc2ccn(-c3ccc(C(F)(F)F)cc3)c2)CC1)NC(c1ccc(F)cc1)c1ccc(=O)[nH]c1,3.5230289
Nc1ccc2cccc(Nc3ncccn3)c2n1,2.1239202
N#C[C@]1(NC(=O)[C@@H](N)Cc2cccs2)C[C@H]1c1ccccc1,1.419416
N#C[C@@]1(NC(=O)[C@@H](N)Cc2cccs2)C[C@@H]1c1ccccc1,1.5848963
O=C1C2CCC(N2)C(=O)N1Cc1ccccc1,1.876712
Oc1nc2cc(Cl)cc(Cl)c2c(O)c1-c1ccccc1,2.8695974
Oc1nc2ccccc2c(O)c1-c1ccccc1,2.0937145
CN(C(=O)Cc1ccc(-n2cnnn2)cc1)[C@@H]1CCN(Cc2ccc(C(F)(F)F)cn2)C[C@@H]1F,2.0237584
CN(C(=O)Cc1ccc(-n2cnnn2)cc1)C1CCN(Cc2ccc(C(F)(F)F)cn2)CC1,1.789324
Cc1cc(C)nc(SCC(=O)Nc2cc(C)on2)n1,2.055767
O=C(N[C@@H](Cc1ccc(CCCCNc2ccccn2)cc1)C(=O)O)c1c(Cl)cccc1Cl,0.2343533
O=C(O)c1ccc(-c2ccc(Cl)c(C(=O)NCC34CC5CC(CC(C5)C3)C4)c2)cc1,2.6975536
NC1=NC(c2ccco2)Nc2c(F)ccc(F)c21,1.4823072
COc1ccnc(NC2CCN(C(=O)c3ccc(Cl)cc3)CC2)c1,2.8191352
COc1ccnc(NC2CCN(C(=O)c3ccccc3)CC2)c1,2.072586
COc1ccnc(NC2CCN(C(=O)c3ccc(C#N)cc3)CC2)c1,1.7654997
NC(=O)Nc1sc(-c2ccccc2)cc1C(=O)N1CCOCC1,2.4947653
C[C@@H](NC1=CC(=O)NCC1)c1ccc(Nc2ncc3cc(-c4ccncc4)ccc3n2)cc1,2.6273866
CCCN(CCO)CCCOc1ccc2c(Nc3cc(CC(=O)Nc4cccc(F)c4F)[nH]n3)ncnc2c1,2.2335718
COc1cc2c(Nc3cc(CC(=O)Nc4cccc(F)c4F)[nH]n3)ncnc2cc1OCCCN(CCO)CC(C)C,2.6937463
CCN(CCO)CCCOc1cc2ncnc(Nc3cc(CC(=O)Nc4cccc(F)c4F)[nH]n3)c2cc1OC,2.0712287
CCCN(CCO)CCCOc1cc2ncnc(Nc3cc(CC(=O)Nc4cccc(F)c4F)[nH]n3)c2cc1OC,2.1543915
CCN(CCO)CCCOc1cc2ncnc(Nc3cc(CC(=O)Nc4cccc(F)c4)[nH]n3)c2cc1OC,1.9243094
Nc1ccc(C(=O)Nc2cccc(-c3nc(N4CCOCC4)c4oc5ncccc5c4n3)c2)cn1,3.4987397
Cn1c(C#N)ccc1-c1ccc2c(c1)C(C)(C)OC(=S)N2,3.299869
Nc1nc(Nc2cccc(Br)c2)c2nc[nH]c2n1,2.9304733
Nc1nc(Nc2ccc(F)c(Cl)c2)c2nc[nH]c2n1,3.048697
Cc1cn([C@H]2CCCN([C@H](CC3CCCCC3)c3ccc(C(=O)O)c(Oc4cccc(Cl)c4)c3)C2)c(=O)[nH]c1=O,1.7452832
CCN(C(=O)Cc1ccc(S(C)(=O)=O)cc1)C1CCN(CCC(c2ccccc2)N2CCN(c3cccc(F)c3)CC2)CC1,3.1964312
CCN(C(=O)Cc1ccc(S(C)(=O)=O)cc1)C1CCN(CCC(c2ccccc2)N2CCN(c3ccccc3)CC2)CC1,2.9739065
Cc1ccc(NC(=O)c2ccno2)cc1-n1cnc2ccc(N3CCN(C)CC3)cc2c1=O,2.1476436
CN(C)C(=O)N1CCC(C(=O)NCc2cccs2)CC1,0.67689455
CCOC(=O)[C@H](CCc1ccccc1)N[C@@H](C)C(=O)N1[C@H](C(=O)O)C[C@@H]2CCC[C@@H]21,-0.34580326
Cn1cnc2cc(C#Cc3ccccc3)cnc21,3.4085772
CC(=O)c1noc(C)c1C(=O)Nc1nccs1,1.9871839
Cc1onc(CO)c1C(=O)Nc1nccs1,1.4274087
Cc1onc(C(N)=O)c1C(=O)Nc1nccs1,1.4715914
Cc1ccc(F)cc1S(=O)(=O)N[C@@H]1CCN(Cc2ccc(-c3ccccc3)cc2)C1,3.6195388
C(=C/c1c(-c2ccccc2)nc2sccn12)\c1ccncn1,3.3211732
C[C@@H]1CN(CC2(C(N)=O)CC2)CCN1S(=O)(=O)c1ccc(C(C)(O)C(F)(F)F)cc1,1.367493
CCc1nc2cc(O)ccc2c(Oc2ccc(/C=C/C(=O)O)cc2)c1-c1ccccc1,2.755366
NCCCC(=O)OCCN1CCN(CCCN2c3ccccc3Sc3ccc(Cl)cc32)CC1,1.8600811
OCCN1CCN(CCCN2c3ccccc3Sc3ccc(Cl)cc32)CC1,3.3840675
OCCN1CCN(CCCN2c3ccccc3Sc3ccc(C(F)(F)F)cc32)CC1,3.3210654
CN1CCN(CCCN2c3ccccc3Sc3ccc(Cl)cc32)CC1,3.4771032
CN1CCN(CCCN2c3ccccc3Sc3ccc(C(F)(F)F)cc32)CC1,3.4297037
O=C(NCc1ccncc1)c1ccc(Oc2ccc(C#CC3(O)CN4CCC3CC4)cc2)cc1,2.5868034
O=C(NCc1ccncc1)c1ccc(Oc2ccc(C#C[C@@]3(O)CN4CCC3CC4)cc2)cc1,2.413735
O=C(NCc1ccncc1)c1ccc(Oc2ccc(C#C[C@]3(O)CN4CCC3CC4)cc2)cc1,2.4722812
CS(=O)(=O)c1cccc(Nc2nccc(Nc3c(Cl)ccc4ccoc34)n2)c1,3.466146
CS(=O)(=O)c1cccc(Nc2nccc(Nc3cccc4ccoc34)n2)c1,3.31456
Cc1ccc(NC(=O)c2cccc(C(F)(F)F)c2)cc1NC(=O)c1cccnc1,3.288258
Cc1ccc(-c2cccc([S@]3(=O)=NC(=O)[C@H](C)N3)c2)cc1,1.3159672
C[C@@H]1N[S@](=O)(c2cccc(-c3cccc(C#N)c3)c2)=NC1=O,0.58089435
CNC1CCN(c2ccc(NC(=O)c3ccc(-c4ccccc4)cc3)cn2)C1,2.49528
Cc1[nH]c(C(=O)NC2CCN(c3cc(C(=O)O)cc(Cl)n3)CC2)c(Cl)c1Cl,1.4938323
Cc1ccc(C(=O)NC2CCN(c3cc(C(N)=O)cc(Cl)n3)CC2)[nH]1,2.4592187
OC1(C#Cc2ccc(-c3ccccc3)cc2)CN2CCC1CC2,2.9657784
Nc1ncnc2c1ncn2[C@@H]1O[C@H](CSCCCNC(=O)NCc2ccccc2)[C@@H](O)[C@H]1O,1.2365172
Nc1[nH]ncc1S(=O)(=O)c1ccccc1,0.2939254
Nc1nc(-c2ccccc2)nn1Cc1ccccc1,2.6172738
CSc1nc(-c2ccccc2)nn1Cc1ccccc1,3.5348883
O=C1CN(C(=O)c2ccco2)C(c2ccccc2)c2cc(Cl)ccc2N1,3.2371092
CCOc1ccccc1-c1ccc(-c2nc3ccc(F)cc3c(C(=O)O)c2C)cc1,2.7873282
CCOc1ccccc1-c1ccc(-c2nc3ccc(F)cc3c(C(=O)NCCOCCN)c2C)cc1,2.9346838
CCOc1ccccc1-c1ccc(-c2nc3ccc(F)cc3c(N[C@H](C)C(=O)O)c2C#N)cc1,2.217167
COc1ccc(-c2csc(NC(=O)c3c(C)noc3C)n2)cc1OC,3.3617463
CC(=O)Nc1ccc(S(=O)(=O)Nc2ccccn2)cc1,0.63469946
COc1ccc(S(=O)(=O)Nc2ccccn2)cc1,1.1716961
Nc1ccc(S(=O)(=O)Nc2ccccn2)cc1,0.24250317
NC1=NC(c2cccc(-c3cncnc3)c2)(c2ccnc(C(F)(F)F)c2)c2cccc(F)c21,3.0079913
C[C@H]1O[C@@H](n2cnc3c(N)nc(OCC4CCC(F)(F)CC4)nc32)[C@H](O)[C@@H]1O,1.9234
Cc1ccc(N2CC(COc3ccc(-c4noc(C)n4)cc3)C2)nn1,2.8854876
OCC[C@@]1(c2cc3ccccc3o2)CCCNC1,0.12888408
OCC[C@]1(c2cc3ccccc3o2)CCCNC1,0.28447306
CN1CCN(C(=O)[C@@H]2CCCC[C@H]2C(=O)NCC#N)CC1,0.22206378
O=C(Nc1ccc(Cl)nc1)c1ccc(F)c(Cl)c1,3.3051367
O=C(Nc1ccc(Cl)nc1)c1ccc(F)c(F)c1,3.104284
c1csc(Cn2nnnc2CN2CCN(c3nc4ccccc4s3)CC2)c1,3.1693974
CCc1c(C(=O)NC2C3CC4CC(C3)CC2C4)cnn1-c1ccc(C(=O)O)cc1,1.2810184
CSc1c(C(=O)NC2C3CC4CC(C3)CC2C4)cnn1-c1ccc(C(=O)O)cc1,1.0603582
Cc1c(C(=O)NC2C3CC4CC(C3)CC2C4)cnn1-c1ccc(C(=O)O)cc1,0.6813896
O=C(O)c1ccc(-n2ncc(C(=O)NC3C4CC5CC(C4)CC3C5)c2C(F)(F)F)cc1,1.4334329
CC(C)c1c(C(=O)NC2C3CC4CC(C3)CC2C4)cnn1-c1ccc(C(=O)O)cc1,1.6157598
C[C@H](Nc1ncc(F)c(Nc2cc(C3CC3)[nH]n2)n1)c1ccc(F)cn1,3.3983636
CC1CC(CN)CC(CO)C1,-0.6804912
NC(=O)C1CCCCC1,0.97036254
CC1(C)CCC(NC(=O)[C@@H](N)CCC(=O)O)CC1,-0.78910637
O=C1[C@H]2[C@H]3CC[C@H](C3)[C@H]2C(=O)N1[C@H]1CC[C@H](C(=O)Nc2cccc3cccnc23)CC1,3.4814186
CC(NC(=O)C1(N)CCN(c2ncnc3[nH]ccc23)CC1)c1ccccn1,1.2819347
Oc1ccc(C2=Cc3ccc(O)cc3OC2)cc1,3.2965674
O=C(O)c1cc2cc(OCc3ccccc3)ccc2[nH]1,1.2336789
N#CCc1c[nH]c2ccc(OCc3ccccc3)cc12,3.313366
CS(=O)(=O)Nc1cccc(NC(=O)CN2CCN(C(=O)C[C@H](N)Cc3ccc(F)c(F)c3)[C@H](Cc3ccccc3)C2)c1,1.6291379
CCC(c1ccncc1)n1[nH]c(=O)c2[nH]c3cc(Cl)ccc3c(=O)c2c1=O,0.69718134
O=c1[nH]n(Cc2ccncc2)c(=O)c2c(=O)c3ccc(Cl)cc3[nH]c12,0.39013946
O=C(O)c1cncc(-c2ccc(Cl)c(C(=O)NCC34CC5CC(CC(C5)C3)C4)c2)c1,1.4084196
NC1(c2ccc(-c3ncc4cccn4c3-c3ccccc3)cc2)CCC1,2.3109736
CCOC(=O)c1ncn2c1CN(C)C(=O)c1cc(F)ccc1-2,1.7344496
NC(=O)c1cccc(O[C@H]2C[C@@H]3CC[C@H](C2)N3CC2CC2)c1,0.5140207
COc1cccc(C(=O)N2CCC(n3c(=O)[nH]c4ccccc43)CC2)c1,2.9830832
COCCNc1nc(C#N)nc(NCC(C)C)c1N,2.403183
Cc1cc(C)nc(SCC(N)=O)n1,0.4540335
O=C(NC[C@@H](O)CN1CCC(Oc2ccc(Cl)c(Cl)c2)CC1)c1c[nH]c(=O)c2cc(S(=O)(=O)NC3CC3)ccc12,3.3363662
O=C1NC(=O)c2cc(OCc3ccccc3)ccc21,2.5749574
CNCc1ccc(-c2[nH]c3cc(F)cc4c3c2CCNC4=O)cc1,0.87287104
NS(=O)(=O)c1ccc2c(C(=O)NC[C@@H](O)CN3CCC(Oc4ccc(Cl)c(Cl)c4)CC3)c[nH]c(=O)c2c1,2.4495344
Cc1cc(Cl)ccc1OC1CCN(C[C@H](O)CNC(=O)c2c[nH]c(=O)c3cc(S(C)(=O)=O)ccc23)CC1,2.4406486
CN(C)S(=O)(=O)c1ccc2c(C(=O)NC[C@@H](O)CN3CCC(Oc4ccc(Cl)c(Cl)c4)CC3)c[nH]c(=O)c2c1,3.1047115
CS(=O)(=O)c1ccc2c(C(=O)NC[C@@H](O)CN3CCC(Oc4ccc(C#N)c(Cl)c4)CC3)c[nH]c(=O)c2c1,1.7384971
O=C(NC[C@@H](O)CN1CCC(Oc2ccc(Cl)c(Cl)c2)CC1)c1c[nH]c(=O)c2c(F)cccc12,3.3927739
CS(=O)(=O)c1ccc2c(C(=O)NC[C@@H](O)CN3CCC(Oc4ccc(Cl)c(Cl)c4)CC3)c[nH]c(=O)c2c1,2.6702843
O=C(NC[C@@H](O)CN1CCC(Oc2ccc(Cl)c(Cl)c2)CC1)c1c[nH]c(=O)c2ccccc12,3.366364
Cc1c(Cl)ccc(OC2CCN(C[C@H](O)CNC(=O)c3c[nH]c(=O)c4cc(S(C)(=O)=O)ccc34)CC2)c1Cl,2.6852906
O=C(NC[C@@H](O)CN1CCC(Oc2ccc(Cl)c(Cl)c2)CC1)c1c[nH]c(=O)c2cc(S(=O)(=O)NCCO)ccc12,1.9076712
N#Cc1ccc(OC2CCN(C[C@H](O)CNC(=O)c3c[nH]c(=O)c4ccccc34)CC2)cc1Cl,2.5689428
CNS(=O)(=O)c1ccc2c(C(=O)NC[C@@H](O)CN3CCC(Oc4ccc(Cl)c(Cl)c4)CC3)c[nH]c(=O)c2c1,2.842328
O=C(NC[C@@H](O)CN1CCC(Oc2ccc(Cl)c(Cl)c2)CC1)c1c[nH]c(=O)c2ccc(F)cc12,3.4793913
Cc1cc(Cl)ccc1OC1CCN(C[C@H](O)CNC(=O)c2c[nH]c(=O)c3c(F)cccc23)CC1,3.2424428
CNc1cccc(CCOc2ccc(C[C@H](NC(=O)c3c(F)cccc3Cl)C(=O)O)cc2)n1,-0.15128207
CNc1cccc(CCOc2ccc(C[C@H](NC(=O)c3c(Cl)cccc3Cl)C(=O)O)cc2F)n1,0.10299206
CNc1cccc(CCOc2ccc(C[C@H](NC(=O)c3c(Cl)cccc3Cl)C(=O)O)cc2C)n1,0.280972
CNc1cccc(CCOc2ccc(C[C@H](NC(=O)c3ccc(F)cc3Cl)C(=O)O)cc2)n1,0.08260465
CNc1cccc(CCOc2ccc(C[C@H](NC(=O)c3ccccc3Cl)C(=O)O)cc2)n1,-0.09531236
CNc1cccc(CCOc2ccc(C[C@H](NC(=O)c3c(Cl)cccc3Cl)C(=O)O)cc2)n1,-0.022814035
CNc1cccc(CCOc2ccc(C[C@H](NC(=O)c3c(C)cc(C)cc3C)C(=O)O)cc2)n1,0.5176904
Cc1cc2c(C(=O)NC[C@H](C)c3ccccc3)c(O)c(O)cc2c(O)c1-c1c(C)cc2c(C(=O)NC[C@H](C)c3ccccc3)c(O)c(O)cc2c1O,3.79918
CC(CC(=O)NCc1ccccc1)C1CCCO1,1.8349112
CC(=O)NC1CC(C)N(C(=O)c2ccccc2)c2ccccc21,2.0423162
Cc1cc2n[nH]c(=O)n2c2cc(-c3ccco3)ccc12,3.3106408
Nc1cc2n[nH]c(=O)n2c2cc(-c3ccco3)ccc12,2.413179
O=C(Nc1cc(-c2ccncc2)c[nH]c1=O)[C@H](Cc1ccccc1)NC1(c2ccccn2)CC1,2.9001982
Cc1cc(Nc2ccnc(NCc3cc(C4CC4)no3)n2)n[nH]1,2.7915702
CC(C)CNc1nc(C#N)nc(NC2CCS(=O)(=O)C2)c1N,2.3957057
O=c1[nH][nH]c(=O)c2c1[nH]c1cc(Cl)cc(Cl)c12,1.0674136
CO[C@H]1/C=C/O[C@@]2(C)Oc3c(C)c(O)c4c(O)c(cc(O)c4c3C2=O)NC(=O)/C(C)=C\C=C\[C@H](C)[C@H](O)[C@@H](C)[C@@H](O)[C@@H](C)[C@H](OC(C)=O)[C@@H]1C,0.97065127
Cc1ccc(NC(=O)c2cccc(N(C)S(C)(=O)=O)c2)cc1NC(=O)c1ccc2ncccc2c1,2.3887765
Cc1ccc(NC(=O)c2cccc(C(F)(F)F)c2)cc1NC(=O)c1ccc2ncccc2c1,3.6338263
Cc1c(Cl)ccc(OC2CCN(CC3CCN([C@@H](Cc4ccc(F)cc4)C(=O)O)CC3)CC2)c1Cl,2.7855878
O=C(O)[C@H](Cc1ccc(F)cc1)N1CCC(CN2CCC(Oc3ccc(Cl)cc3)CC2)CC1,2.1252913
O=C(O)[C@H](Cc1ccc(Cl)cc1)N1CCC(CN2CCC(Oc3ccc(Cl)c(Cl)c3)CC2)CC1,3.0581884
Cc1cc(OC2CCN(CC3CCN([C@@H](Cc4ccc(F)cc4)C(=O)O)CC3)CC2)ccc1Cl,2.4905303
O=C(O)[C@H](Cc1ccccc1F)N1CCC(CN2CCC(Oc3ccc(Cl)c(Cl)c3)CC2)CC1,2.6575136
Cc1cc(Cl)ccc1OC1CCN(CC2CCN([C@@H](Cc3ccc(F)cc3)C(=O)O)CC2)CC1,2.523029
COc1ccccc1C[C@@H](C(=O)O)N1CCC(CN2CCC(Oc3ccc(Cl)c(Cl)c3)CC2)CC1,2.5649843
N#Cc1ccccc1C[C@@H](C(=O)O)N1CCC(CN2CCC(Oc3ccc(Cl)c(Cl)c3)CC2)CC1,2.315479
Cc1cc(F)ccc1OC1CCN(CC2CCN([C@@H](Cc3ccc(F)cc3)C(=O)O)CC2)CC1,2.0443158
Cc1c(OC2CCN(CC3CCN([C@@H](Cc4ccc(F)cc4)C(=O)O)CC3)CC2)ccc(C#N)c1Cl,2.0336099
Cc1cc(F)ccc1OC1CCN(CC2CCN([C@@](C)(Cc3ccc(F)cc3)C(=O)O)CC2)CC1,2.0119076
Cc1c(OC2CCN(CC3CCN([C@@](C)(Cc4ccc(F)cc4)C(=O)O)CC3)CC2)ccc(Cl)c1Cl,2.9017127
O=C(O)[C@@H](Cc1ccccc1)N1CCC(CN2CCC(Oc3ccc(Cl)c(Cl)c3)CC2)CC1,2.5331075
O=C(O)[C@H](Cc1ccccc1)N1CCC(CN2CCC(Oc3ccc(CO)c(Cl)c3)CC2)CC1,1.0014112
O=C(O)[C@H](Cc1ccc(F)cc1)N1CCC(CN2CCC(Oc3ccc(Cl)cc3Cl)CC2)CC1,2.601295
Cc1cccc(C[C@@H](C(=O)O)N2CCC(CN3CCC(Oc4ccc(Cl)c(Cl)c4)CC3)CC2)c1,2.8650599
Cc1cc(OC2CCN(CC3CCN([C@@](C)(Cc4ccc(F)cc4)C(=O)O)CC3)CC2)ccc1Cl,2.4766629
O=C(O)[C@H](Cc1ccccc1)N1CCC(CN2CCC(Oc3ccc(Cl)c(Cl)c3)CC2)CC1,2.456314
O=C(O)[C@H](Cc1ccc(F)cc1)N1CCC(CN2CCC(Oc3ccc(Cl)c(Cl)c3)CC2)CC1,2.6767929
Cc1ccc(C[C@@H](C(=O)O)N2CCC(CN3CCC(Oc4ccc(Cl)c(Cl)c4)CC3)CC2)cc1,2.8754685
N#Cc1cccc(C[C@@H](C(=O)O)N2CCC(CN3CCC(Oc4ccc(Cl)c(Cl)c4)CC3)CC2)c1,2.2634108
Cc1ccccc1C[C@@H](C(=O)O)N1CCC(CN2CCC(Oc3ccc(Cl)c(Cl)c3)CC2)CC1,2.9278512
N#Cc1ccc(C[C@@H](C(=O)O)N2CCC(CN3CCC(Oc4ccc(Cl)c(Cl)c4)CC3)CC2)cc1,2.2784479
O=C(O)[C@H](Cc1cccc(F)c1)N1CCC(CN2CCC(Oc3ccc(Cl)c(Cl)c3)CC2)CC1,2.6483414
CC(C)(C)NS(=O)(=O)c1cncc(-c2ccc3nc(NC(=O)NCC(=O)N4CCOCC4)nn3c2)c1,1.3088102
COc1ccc(-c2cc(N)n3ncc(C#N)c3n2)cc1,2.2537556
N#Cc1cnn2c(N)cc(-c3ccccc3)nc12,2.2016912
N#Cc1cnn2c(N)cc(-c3ccc(F)cc3)nc12,2.432627
Oc1cc(-c2ccccc2)nc2ccnn12,1.4590364
CC(C)C(NC(=O)Cn1c(-c2ccccc2)ccc(NS(=O)(=O)c2ccccc2)c1=O)C(=O)C(F)(F)F,2.122784
CC(=O)Nc1cccc(S(=O)(=O)Nc2ccc(-c3ccccc3)n(CC(=O)NC(C(=O)C(F)(F)F)C(C)C)c2=O)c1,1.6957146
COc1ccc(S(=O)(=O)Nc2ccc(-c3ccccc3)n(CC(=O)NC(C(=O)C(F)(F)F)C(C)C)c2=O)cc1,2.1659145
Cc1nsc(C)c1CCC1CCN(S(=O)(=O)CC2(N(O)C=O)CCOCC2)CC1,1.6055678
COc1ccc(N(C(=O)c2ccccc2)C(C(=O)NC2CCCC2)c2ccccc2F)c(OC)c1,3.544859
CS(=O)(=O)C1(c2cc(N3CCOCC3)nc(-c3cccc(N)c3)n2)CC1,1.236675
CS(=O)(=O)C1(c2cc(N3CCOCC3)nc(-c3ccccc3)n2)CC1,2.0959632
c1ccc(-c2cc(NCCCCNc3cc(-c4ccccc4)nc4ccccc34)c3ccccc3n2)cc1,4.196335
Nc1ncnc2c1ncn2[C@@H]1O[C@H](CSCCCNC(=O)Nc2ccc(Cl)cc2)[C@@H](O)[C@H]1O,2.1770031
CC(C)c1ccc(NC(=O)NCCCSC[C@H]2O[C@@H](n3cnc4c(N)ncnc43)[C@H](O)[C@@H]2O)cc1,2.3945978
Nc1ncnc2c1ncn2[C@@H]1O[C@H](CSCCCNC(=O)Nc2ccccc2)[C@@H](O)[C@H]1O,1.3238045
NC1(c2ccc(-c3ncc4ccncc4c3-c3ccccc3)cc2)CCC1,2.2162619
CS(=O)(=O)c1cccc(Nc2nccc(Nc3cccc4c3OCC4)n2)c1,3.1473382
C[C@H]1CN(Cc2nnc(-c3cc(-c4cccc5[nH]ccc45)cc4[nH]ncc34)o2)C[C@@H](C)O1,3.5297847
O=C1C(CC[S+]([O-])c2ccccc2)C(=O)N(c2ccccc2)N1c1ccccc1,-0.7063732
CCCSc1nc(N2CCOCC2)ccc1C(=O)N[C@H]1C2CC3CC1C[C@](O)(C3)C2,2.9804296
COc1cc2ncnc(Nc3cc(NC(=O)c4cccc(N5CCOCC5)c4)ccc3C)c2cc1OC,3.4881525
CS(=O)(=O)c1ccc(Oc2ccc(C#C[C@]3(O)CN4CCC3CC4)cc2)cc1,1.8978646
CNC(=O)c1ccc(Oc2ccc(C#C[C@]3(O)CN4CCC3CC4)cc2)cc1,1.8442593
CNS(=O)(=O)c1ccc(Oc2ccc(C#C[C@]3(O)CN4CCC3CC4)cc2)cc1,2.1411726
Cc1ccccc1N1C(=O)c2cc(S(N)(=O)=O)c(Cl)cc2NC1C,1.7752998
O=C(COCc1ccccn1)N1CCN(c2ccc(Cl)cc2Cl)CC1,3.0309064
Cc1[nH]c2nc(NCc3cccc(Cl)c3)nn2c(=O)c1Cc1ccccc1,3.5931506
Cc1[nH]c2nc(NCc3cccc(Br)c3)nn2c(=O)c1Cc1ccccc1,3.6222925
Cc1[nH]c2nc(NCc3ccc(Cl)cc3)nn2c(=O)c1Cc1ccccc1,3.5724869
CS(=O)(=O)c1cccc(Nc2nccc(Nc3cccc4ncoc34)n2)c1,2.8069224
O=C1OCCN1N=Cc1ccc([N+](=O)[O-])o1,0.82810676
C[C@H]1C[C@@H](NS(=O)(=O)c2cc(Br)ccc2Br)CN1C#N,2.3768246
C[C@H](NC(=O)c1cccc2c1N(Cc1ccc(Cl)cc1)CC2)c1ccc(C(=O)O)cc1,1.8724862
CC(=O)Nc1nc(C)c(-c2cnc(F)c(NS(=O)(=O)c3sc(C)nc3C)c2)s1,0.57333827
COc1cc(OC2CCN(C)CC2)c2c(Nc3cccc4c3OCCO4)ncnc2c1,2.6189237
CN1CCC(C#N)(c2cccc3ccccc23)CC1,1.8415227
Cc1cc(-c2ccc(N3C[C@H](Cn4ccnn4)OC3=O)cc2F)on1,1.9265774
CN1CCCC(n2nc(Cc3ccc(Cl)cc3)c3ccccc3c2=O)CC1,2.4889038
O=C1COC2(CCN(S(=O)(=O)c3ccc(-c4ccc5cccnc5c4)cc3)CC2)CN1C1CC1,3.1795857
Cc1ccc(CO)cc1N(C)c1ccnc(Nc2cc(N3CCOCC3)nc(N3CCOCC3)n2)n1,3.5100005
CC(C)C[C@H](N)c1nnc(S(=O)(=O)Cc2ccc(F)cc2)o1,0.83102834
CCC(=O)NCC[C@@H]1CCc2ccc3c(c21)CCO3,2.342374
O=C(N[C@H]1CN2CCC1CC2)c1ccc(-c2ccccn2)s1,1.0500052
CC(=O)NC[C@H]1CN(c2ccc(N3CCN(c4ccc(C#N)cn4)CC3)c(F)c2)C(=O)O1,1.9652035
c1ccc2[nH]c(-c3cscn3)nc2c1,2.4015925
COc1ccc(NC(=O)c2ccnc(N)n2)cc1,1.8367213
C[C@H](CO)Nc1nc(SCc2cccc(F)c2F)nc2[nH]c(=O)c(C#N)cc12,3.0544837
C[C@H](CO)Nc1nc(SCc2cccc(F)c2F)nc2[nH]c(=O)ccc12,3.3437543
COc1c(N2CCO[C@@H](CN(C)C)C2)c(F)cc2c(=O)c(C(=O)O)cn(C3CC3)c12,-0.5056112
O=C(c1ccc(C(=C2CCN(Cc3cscn3)CC2)c2cccc3cccnc23)cc1)N1CCC(O)CC1,1.8188283
Cc1ccc(S(=O)(=O)Nc2ccc(/C=C/C(=O)Nc3ccccc3N)cc2)cc1,2.7065375
COc1ccc(S(=O)(=O)Nc2ccc(/C=C/C(=O)Nc3ccccc3N)cc2)cc1OC,2.0852857
CCCN(C)c1nc(N2CCC[C@@H](CC(=O)O)C2)ccc1C(=O)NC1CCCCC1,2.3706272
CCCSc1nc(N2CCCC(C(=O)O)C2)ccc1C(=O)NC1CCCCC1,1.9188565
CCCOc1nc(N2CCC[C@@H](CC(=O)O)C2)ccc1C(=O)NC1CCCCC1,2.5489266
CCCSc1nc(N2CCC(C(=O)O)CC2)ccc1C(=O)NC1CCCCC1,1.8564035
CCCNc1nc(N2CCC[C@@H](CC(=O)O)C2)ccc1C(=O)NC1CCCCC1,2.011233
CCCSc1nc(N2CCC[C@H](CC(=O)O)C2)ccc1C(=O)NC1CCCCC1,2.3139288
CCCSc1nc(N2CCCCC2C(=O)O)ccc1C(=O)NC1CCCCC1,1.5572405
O=c1[nH]c2c(O)ccc([C@@H](O)CNCCc3cccc(CNCCc4ccccn4)c3)c2s1,-0.022445202
COc1ccc2nc(N[C@H]3CCC[C@H](NCc4ccsc4)C3)cc(C)c2c1,2.6723847
COc1ccc2nc(N[C@H]3CCC[C@H](NCc4ccsc4)C3)ccc2c1,2.2162728
COc1ccc2c(C)cc(N[C@H]3CCC[C@H](NCc4ccsc4)C3)nc2c1,2.673678
CNC(=O)c1nc(-c2ccc(Cl)c(S(=O)(=O)Nc3cccc(F)c3F)c2)cnc1N,2.782226
COc1c(C#N)cc2ccccc2c1C(=O)N(C)C[C@@H](CCN1CCC(c2ccc(O)cc2[S+](C)[O-])CC1)c1ccc(Cl)c(Cl)c1,3.3650093
NC(=O)c1cccc(O[C@H]2C[C@@H]3CC[C@H](C2)N3CCc2ccccc2)c1,1.5710559
Cc1ccc(-n2[nH]c(=O)c3cccnc32)cc1,2.0971565
NC(=O)C1CCN(CC(=O)Nc2ccc3c(c2)OCO3)CC1,0.35719585
CC(C)NCC(O)COc1ccc(CCOCC2CC2)cc1,0.6256684
CN1CCOc2cc(COC3CCCCC3)cnc21,2.9832134
O=C(O)c1ccc(CN2CCC(CN3CCC(Oc4ccc(Cl)c(Cl)c4)CC3)CC2)cc1,1.4664729
O=C(O)c1cccc(CN2CCC(CN3CCC(Oc4ccc(Cl)c(Cl)c4)CC3)CC2)c1,1.2108958
O=C(O)[C@@H](c1ccccc1)N1CCC(CN2CCC(Oc3ccc(Cl)c(Cl)c3)CC2)CC1,2.297256
O=C(O)c1ccccc1CN1CCC(CN2CCC(Oc3ccc(Cl)c(Cl)c3)CC2)CC1,1.6556777
O=C(O)C(c1ccccc1)N1CCC(CN2CCC(Oc3ccc(Cl)c(Cl)c3)CC2)CC1,2.217807
COc1cc(F)ccc1-c1cncc(CNC2CCCCC2)c1,2.429677
Cc1[nH]c(/C=C2\C(=O)Nc3ccc(F)cc32)c(C)c1C(=O)NC[C@H](O)CN1CCOCC1,2.1295538
CC(C(=O)N1CCc2ccccc2C1)N1C(=O)c2ccccc2C1=O,2.4191563
COc1cccc(/C=C2\SC(=O)NC2=O)c1N1CCC[C@@H](N)C1,1.0843321
CCOc1cccc(/C=C2\SC(=O)NC2=O)c1N1CCC[C@@H](N)C1,1.4256201
N[C@@H]1CCCN(c2c(Cl)cccc2/C=C2\SC(=O)NC2=O)C1,1.8694546
COc1ccc2c(Oc3ccc(CC(=O)Nc4n[nH]c(C)c4C)c(OC)c3)ccnc2c1,3.3576756
O=C1CC(c2ccc(O)cc2)Oc2cc(O)ccc21,2.5732877
O=C1CC(c2ccc(O)cc2)Oc2cc(O)cc(O)c21,2.4136088
CC(C)C(C#N)(CCCN(C)CCc1ccccc1)c1ccccc1,3.0671148
COc1ccc(CCN(C)CCCC(C#N)(c2ccc(OC)c(OC)c2)C(C)C)cc1OC,2.8837967
O=C(N1CCN(c2ccncc2Cl)CC1)N1CCN(S(=O)(=O)c2ccc(C(F)(F)F)cc2)CC1,3.3302765
CCC(CC)NC(=O)c1nnn(-c2ccccc2)c1NS(=O)(=O)c1ccc(C)cc1,0.6847098
Cc1ccc(NC(=O)c2ccnc(N3CCOCC3)c2)cc1Nc1ccnc(OCC2CCCN(C)C2)n1,1.8824848
Cc1noc2cc(N3CCN(C(=O)[C@@H]4CCCC[C@H]4C(=O)NC4(C#N)CC4)[C@H](C)C3)ccc12,2.7949476
CCc1c(C)nc(SCC(=O)Nc2nc(-c3ccc(OC)cc3)cs2)nc1O,3.412683
O=C(Nc1nc(-c2ccccc2)cs1)c1cccnc1,3.1074967
Nc1nc2cc3c(cc2s1)CCN(Cc1cccc(F)c1)CC3,3.1987586
CN(C)C(=O)c1ccc(CN2CCc3cc4nc(N)sc4cc3CC2)cc1,2.0684648
Nc1nc2cc3c(cc2s1)CCN(Cc1ccccc1)CC3,2.9414601
N#Cc1c(-c2ccccc2)nc(SCCc2ccccc2)[nH]c1=O,2.611186
CN(C)C(=O)[C@H](Cc1ccccc1)NC(=O)c1cc2ccsc2[nH]1,3.2819214
Cc1nc(C(=O)N2CCCC3(CCN(Cc4ccc(Cl)cc4)CC3)C2)cs1,1.4484814
Cc1nc(C(=O)N2CCCC3(CCN(Cc4ccccc4)CC3)C2)cs1,0.929021
O=C(Nc1ccc(N2CCOCC2)cc1)c1nnc(NC(=O)C2(c3ccc(Cl)cc3)CCCC2)o1,3.459034
Cc1cc(COc2ccc(NC(=O)[C@@H]3[C@@H](C(=O)NO)CCCN3C)cc2)c2ccccc2n1,2.0618806
CCCCNc1cc(C(=O)O)cc(S(N)(=O)=O)c1Oc1ccccc1,-0.40471458
NC(Cc1cc(I)c(Oc2ccc(O)c(I)c2)c(I)c1)C(=O)O,1.103577
CCc1cc(O)c(Oc2ccc(C(N)=O)cc2F)cc1F,2.7034822
CC(C(=O)O)c1cccc(Oc2ccccc2)c1,0.5107398
O=C(Cc1ccc(Oc2ccccc2)cc1)NO,2.01631
CNCCCC12CCC(c3ccccc31)c1ccccc12,1.502238
COc1cc(Nc2cc(Nc3c(Cl)ccc4c3OCO4)ncn2)cc(OC)c1OC,3.3631473
C[C@H](Nc1nc(Nc2ncc(C#N)s2)cc(N2CCOCC2)n1)c1ccc(F)cn1,3.43891
O=C(COc1ccc(OCCNCC(O)COc2ccccc2)cc1)NCCO,0.53930056
NC(=O)COc1ccc(OCCNCC(O)COc2ccccc2)cc1,0.66924703
COC(=O)COc1ccc(OCCNCC(O)COc2ccccc2)cc1,1.579738
C[C@H]1O[C@@H](n2cnc3c(N)nc(OCC4CC(F)(F)C4(F)F)nc32)[C@H](O)[C@@H]1O,1.499965
CSCCC(NC(=O)c1ccccc1)c1nc2ccccc2n1Cc1ccc(C#N)cc1,3.5983057
COc1cc(NS(=O)(=O)c2ccc(N)cc2)nc(OC)n1,0.31582558
COc1ncnc(NS(=O)(=O)c2ccc(N)cc2)c1OC,-0.655036
CC(=O)NC[C@H]1CN(c2ccc(N3CCOCC3)c(F)c2)C(=O)O1,0.6870836
N=C(N)c1cc2c(I)cccc2s1,0.6471342
CC(c1cc2ccccc2s1)N(O)C(N)=O,1.8710477
CC(=O)NC[C@H]1CN(c2ccc(N3CCN(c4cnccn4)CC3)c(F)c2)C(=O)O1,1.5417218
C[C@]12Cc3cnn(-c4ccc(F)cc4)c3C=C1CC[C@@]2(O)CCc1ccc(F)cc1C(N)=O,3.5488224
CNc1c(Br)cnc2[nH]c(-c3ccc(OCCN4CCCCC4)cc3)nc12,2.944569
C[C@@H](O)[C@H](NC(=O)c1ccc(C#Cc2ccc(CN3CCOCC3)cc2)cc1)C(=O)NO,2.2302022
O=C(c1cc(Cc2n[nH]c(=O)c3ccccc23)ccc1F)N1CCN(C(=O)C2CCCO2)CC1,1.1735909
O=C(O)CCc1ccc(NCc2cccc(Oc3ccccc3)c2)cc1,2.1128044
N=C(N)Nc1nc2ccccc2o1,0.3565327
Cc1cc2n[nH]c(=O)n2c2ccccc12,2.6143684
CN[C@@H](C)C(=O)N[C@H](C(=O)N[C@H]1CCN(Cc2ccccc2)C1)C1CCCCC1,1.51136
Oc1nc2ccccc2nc1NCc1ccccc1,2.7869344
O=C(O)c1[nH]c2cc(Cl)cc(Cl)c2c1/C=C1\CCN(c2ccccc2)C1=O,2.0725641
Nc1nc(-c2ccccc2)nc2c1nc(O)n2Cc1ccccc1,3.2895846
O=C(CC12CC3CC(CC(C3)C1)C2)Nc1ccc2[nH]ncc2c1,3.5808032
COc1ccc(N(C(=O)c2ccccc2)C(C)C(=O)NC2CCCC2)c(OC)c1,2.8587503
CN(C)c1ccc2nc3ccc(=[N+](C)C)cc-3sc2c1,-0.5491643
CN[C@@H](C)C(=O)N[C@H](C(=O)N[C@H]1C[C@@H]2CC[C@H]1N(CCc1ccccc1)C2)C1CCCCC1,1.7042121
Cc1ccnc(NCc2ccccc2)c1,2.9273577
COc1ccc(CN(CCN(C)C)c2ccccn2)cc1,1.6079967
COc1ccccc1CNc1cc(C)ccn1,3.050249
Cc1ccnc(NCc2ccc(Cl)cc2)c1,3.3461518
Cc1ccnc(NCc2ccccc2O)c1,2.764658
CCOC(=O)Nc1ccc(NCc2ccc(F)cc2)nc1N,2.7029417
CN(C)CCN(Cc1ccccc1)c1ccccn1,1.5473486
CC(C#Cc1ccccc1)n1[nH]c(=O)c2[nH]c3cc(Cl)ccc3c(=O)c2c1=O,1.9359955
O=c1[nH]n(CC#Cc2ccccc2)c(=O)c2c(=O)c3ccc(Cl)cc3[nH]c12,2.0600865
Nc1nnc(CCSCCc2nnc(NC(=O)Cc3ccccc3)s2)s1,2.1916046
COc1cc(C)c(S(=O)(=O)N(C)CCOCC(=O)N2CCC(C3CCN(C)CC3)CC2)c(C)c1,0.3265922
NC(=O)c1sc(-c2ccccc2)cc1N,2.623436
NC(=O)c1sc(-c2ccc(Cl)cc2)cc1N,3.206048
CNC(=O)Nc1cc(-c2ccccc2)sc1C(N)=O,2.8529613
CN(CCO)Cc1ccc(-c2cc(C(N)=O)c(NC(N)=O)s2)cc1,1.064471
COCCOc1ccc(-c2cc(C(N)=O)c(NC(N)=O)s2)cc1,2.5406747
NC(=O)c1cc(-c2ccccc2)sc1N,2.5273438
CN(C)CCOc1ccc(-c2cc(C(N)=O)c(NC(N)=O)s2)cc1,1.3451811
CN(C)CCCOc1ccc(-c2cc(C(N)=O)c(NC(N)=O)s2)cc1,1.0611677
NC(=O)Nc1cc(-c2ccccc2)sc1C(N)=O,2.3853211
COCCNCc1ccc(-c2cc(C(N)=O)c(NC(N)=O)s2)cc1,0.7634616
NC(=O)Nc1sc(-c2ccccc2)cc1C(N)=O,2.4038208
COCCOCCOc1ccc(-c2cc(C(N)=O)c(NC(N)=O)s2)cc1,2.4511302
NC(=O)Nc1cc(-c2cccc(O)c2)sc1C(N)=O,2.1045575
CNC(=O)c1cc(-c2ccccc2)sc1NC(N)=O,2.3694162
CC(C)OC(=O)c1cn(Cc2c(F)cccc2F)c2sc(-c3ccc(NC(=O)C(C)C)cc3)c(CN(C)Cc3ccccc3)c2c1=O,4.407357
O=C(CC12CC3CC(CC(C3)C1)C2)Nc1cccc2nc(NCCNCCO)ccc12,2.1991036
O=C(CC12CC3CC(CC(C3)C1)C2)Nc1cccc2ncccc12,3.6920676
Cc1ccc2nc(CCNCCCO)ccc2c1NC(=O)CC12CC3CC(CC(C3)C1)C2,1.9744649
CCn1cc(C(=O)O)c(=O)c2ccc(C)nc21,-0.44363737
CN1CCN(CCOc2n[nH]c3ncnc(Nc4ccc(OCc5ccccn5)c(Cl)c4)c23)CC1,3.040952
COc1cc2c(NC(=O)Nc3c(Cl)cccc3Cl)ncnc2cc1OCC1CCN(C)CC1,2.7003012
Oc1ncnc2onc(-c3ccc(F)cc3)c12,1.8434409
Nc1c(-c2ccccc2)c(CN2CCOCC2)nn1-c1ccc(F)cc1,2.723621
COc1ccc(COc2nc(Br)cnc2NS(=O)(=O)c2ccc(C)cc2)cc1OCCN(C)C,1.5410516
O=[N+]([O-])c1ccc2c(c1)nc1n2CCCCC1,2.6615245
CCO/N=C(\c1ccc(Br)cc1)C1CCN(C2(C)CCN(C(=O)c3c(C)cc[n+]([O-])c3C)CC2)CC1,2.3633742
Cc1nc(C)c(-c2ccc([C@H]3CC[C@H](Cc4nnn[nH]4)CC3)cc2)nc1C(N)=O,1.4747779
C[C@@H](C(=O)NCCN1CCCC1)c1ccc(OS(=O)(=O)C(F)(F)F)cc1,1.052676
CCC[C@@H](CN1CCCC1)N(C)C(=O)Cc1ccc(Cl)c(Cl)c1,2.5098984
CCCCC(CC)CNC(=O)c1ccc2c(c1)c(Cc1ccc(C(=O)NS(=O)(=O)c3ccccc3C)cc1OC)cn2C,2.9655728
CCC(CC)CNC(=O)c1ccc2c(c1)c(Cc1ccc(C(=O)NS(=O)(=O)c3ccccc3C)cc1OC)cn2C,2.5761375
CC(C)Cn1c(=O)n(C)c(=O)c2c(C(=O)N3CC[C@@H](O)C3)c(Cc3c[nH]c4ccccc34)sc21,2.238519
CN[C@@H](C)C(=O)N[C@H](C(=O)N[C@H]1CCCN(CCc2ccccc2)C1)C1CCCCC1,1.6513948
CN[C@@H](C)C(=O)N[C@H](C(=O)N(C)[C@H]1CCCN(CCc2ccccc2)C1)C1CCCCC1,1.9876842
CN[C@@H](C)C(=O)N[C@H](C(=O)N[C@H]1CCCN(CCc2ccccc2F)C1)C1CCCCC1,1.9201876
CN[C@@H](C)C(=O)N[C@H](C(=O)N[C@H]1CCCN(CCc2ccc(F)cc2)C1)C1CCCCC1,1.9118869
CN[C@@H](C)C(=O)N[C@H](C(=O)N[C@H]1CCCN(CCc2cccc(F)c2)C1)C1CCCCC1,1.8646247
O=S(=O)(Nc1cccnc1)c1cccs1,0.6677879
Clc1ccc(C2(c3ccc(-c4cn[nH]c4)cc3)CCNCC2)cc1,1.6697038
c1ccc(-c2nnc(-c3ccccc3)s2)cc1,3.4775915
CC(C)(C)NC(=O)Nc1ccc(-c2c(N)nc(N)nc2COCc2ccccc2)cc1,3.3891802
Cc1cnc(C(=O)NCCc2ccc(S(=O)(=O)NC(=O)NC3CCCCC3)cc2)cn1,0.47572494
O=S1(=O)CC(O)C(N2CCC(c3ccccc3)CC2)C1,1.1883705
NC1(c2ccc(-c3ncc4ccccc4c3-c3ccccc3)cc2)CCC1,3.0125194
CSc1nc(C(N)=O)c(N)s1,1.5654523
N=C(N)Nc1nc(CSCCC(=N)NS(N)(=O)=O)cs1,-1.2360406
CC(C)NCC(O)COc1nccs1,-0.65012884
CC(C)(C)OC(=O)N1CCN(c2ccc(OCc3ccc(S(C)(=O)=O)cc3)nn2)CC1,3.181943
O=c1[nH]n(C(c2ccccc2)c2ccncc2)c(=O)c2c(O)c3ccc(Cl)cc3nc12,1.2792026
CCc1cc(C(=O)N[C@@H](Cc2cccc(Cl)c2)C(=O)NCC#N)n(C)n1,2.5948062
Cc1cccc(C[C@H](NC(=O)c2cc(C(C)(C)C)nn2C)C(=O)NCC#N)c1,3.1844733
CC(C)N=c1cc2n(-c3ccc(Cl)cc3)c3ccccc3nc-2cc1Nc1ccc(Cl)cc1,4.2369943
O=C(Cc1cc(Nc2ncnc3cc(OCCCN4CCC[C@@H]4CO)ccc23)n[nH]1)Nc1cccc(F)c1F,2.0082946
COc1cc2c(Nc3cc(CC(=O)Nc4cccc(F)c4F)[nH]n3)ncnc2cc1OCCCN1CCC[C@@H]1CO,1.9291145
CC1(c2c(C(=O)NC3C4CC5CC(C4)CC3C5)cnn2-c2ccc(C(=O)O)cc2)CC1,1.4795889
Cc1cnc(NC(=O)c2cc(Oc3cnc(C(=O)N(C)C)nc3)c3cc(C)oc3c2)cn1,2.4652033
O=C(NC[C@@H](O)CN1CCC(Oc2ccc(Cl)c(Cl)c2)CC1)c1c[nH]nc1C1CC1,3.4141955
COc1ncc(C)cc1-c1cccc2c(N)c(C(=O)NC3CC3)nnc12,3.1098938
COc1ccc(-c2c(F)ccc3c(N)c(C(=O)NC4CC4)nnc23)c(OC)n1,3.3498864
Cc1cn([C@H]2CCCN(S(=O)(=O)c3ccc(O)c(Oc4ccc(Cl)cc4)c3)C2)c(=O)[nH]c1=O,2.235649
Cc1cn([C@H]2CCCN(S(=O)(=O)c3ccc(O)c(Oc4cccc(F)c4)c3)C2)c(=O)[nH]c1=O,1.798853
Cc1cn([C@H]2CCCN(S(=O)(=O)c3ccc(O)c(Oc4ccccc4)c3)C2)c(=O)[nH]c1=O,1.5706863
Cc1cn([C@H]2CCCN(S(=O)(=O)c3ccc(O)c(Oc4cccc(Br)c4)c3)C2)c(=O)[nH]c1=O,2.3420079
Cc1cn([C@H]2CCCN(S(=O)(=O)c3ccc(CO)c(Oc4cccc(Cl)c4)c3)C2)c(=O)[nH]c1=O,2.364701
COc1ccc(S(=O)(=O)N2CCC[C@H](n3cc(C)c(=O)[nH]c3=O)C2)cc1Oc1cccc(Cl)c1,2.8320882
Cc1cn([C@H]2CCCN(S(=O)(=O)c3ccc(C(=O)O)c(Oc4ccc(Cl)c(Cl)c4)c3)C2)c(=O)[nH]c1=O,0.14315534
Cc1cn([C@H]2CCCN(S(=O)(=O)c3ccc(O)c(Oc4cccc(C(F)(F)F)c4)c3)C2)c(=O)[nH]c1=O,2.3708713
Cc1cn([C@H]2CCCN(S(=O)(=O)c3cccc(Oc4ccccc4)c3)C2)c(=O)[nH]c1=O,2.2706506
Cc1cn([C@H]2CCCN(S(=O)(=O)c3ccc(O)c(Oc4cc(F)cc(Cl)c4)c3)C2)c(=O)[nH]c1=O,2.4210887
Cc1cc(Oc2cc(S(=O)(=O)N3CCC[C@H](n4cc(C)c(=O)[nH]c4=O)C3)ccc2O)ccc1Cl,2.7960138
Cc1cn([C@H]2CCCN(S(=O)(=O)c3ccc(C(=O)O)c(Oc4cccc(Cl)c4)c3)C2)c(=O)[nH]c1=O,-0.4477613
Cc1cn([C@H]2CCCN(S(=O)(=O)c3ccc(C(N)=O)c(Oc4cccc(Cl)c4)c3)C2)c(=O)[nH]c1=O,1.8970139
CC1(C)CNC(=O)c2sc(N3CCOCC3)nc2C1,1.765333
CCCCN1Cc2c(nc3cc(-c4ccco4)nn3c2O)C1=O,1.1631202
O=C(NCCCCc1ccccc1)c1ccccc1,3.002969
O=C(NC[C@@H](O)CN1CCC(Oc2ccc(Cl)c(Cl)c2)CC1)c1cn2cc(F)ccc2n1,3.6591353
Cn1nnc2c(C(N)=O)ncn2c1=O,-0.7648289
COc1cccc(S(=O)(=O)c2c(C)n(CC(=O)O)c3ccc(C)cc23)c1,0.056915283
CC(=O)Nc1cccc2c1c(S(=O)(=O)c1ccc(Cl)cc1)c(C)n2CC(=O)O,-0.3306296
Cc1ccc2c(c1)c(S(=O)(=O)c1ccc(Cl)cc1)c(C)n2CC(=O)O,0.47759032
Cc1c(S(=O)(=O)c2ccc(Cl)cc2)c2cc(F)ccc2n1CC(=O)O,0.2713132
Cc1c(S(=O)(=O)c2ccc(Cl)cc2)c2c(NS(C)(=O)=O)cccc2n1CC(=O)O,-0.63201237
O=CNc1cc([C@@H](O)CNCCc2ccc(NC[C@H](O)c3ccccc3)cc2)ccc1O,0.26099277
Cc1nc2ccc(Oc3ccc(F)cc3)cc2c(=O)n1C[C@H]1CCCN(C(C)C)C1,2.7755992
COCC1=C(C(=O)OC(C)OC(=O)OC(C)C)N2C(=O)[C@@H](NC(=O)/C(=N\OC)c3csc(N)n3)[C@H]2SC1,1.9466033
Nc1nc2ccccc2n1C(=O)c1ccccc1,2.4259503
COc1cc(Nc2nccc(N(C)c3cc(CO)ccc3C)n2)cc(N2CCOCC2)c1,3.4752493
Cc1ccc(CO)cc1N(C)c1ccnc(Nc2cc(N3CCOCC3)cc(S(C)(=O)=O)c2)n1,2.7754998
COCCOc1cc(Nc2nccc(N(C)c3cc(CO)ccc3C)n2)cc(N2CCOCC2)c1,3.5274296
N#Cc1nc(N2CCCC2)c(N)c(N2CCOCC2)n1,2.4384234
O=C(NC[C@@H](O)CN1CCC(Oc2ccc(Cl)c(Cl)c2)CC1)c1cnnc2ccccc12,3.4138296
CN(CCOc1ccc(C[C@H](Nc2ccccc2C(=O)c2ccccc2)C(=O)O)cc1)c1ccccn1,2.0243337
N#CC1(NC(=O)[C@@H]2CCCC[C@H]2C(=O)N2CCN(c3nc4ncccc4s3)CC2)CC1,1.791487
Cc1ncc(-c2ccnc(Nc3ccc(S(=O)(=O)CCCN4CCOCC4)cc3)n2)n1C(C)C,2.5153964
c1ccc(-c2c[nH]c(-c3ccccc3)n2)cc1,3.3720503
COc1cccc(-c2c[nH]c(-c3ccccc3)n2)c1,3.4038243
CCCCCCCCCC(=O)N[C@@H](Cc1c[nH]c2ccccc12)C(=O)N[C@@H](CC(N)=O)C(=O)N[C@@H](CC(=O)O)C(=O)N[C@@H]1C(=O)NCC(=O)N[C@@H](CCCN)C(=O)N[C@@H](CC(=O)O)C(=O)N[C@H](C)C(=O)N[C@@H](CC(=O)O)C(=O)NCC(=O)N[C@H](CO)C(=O)N[C@@H]([C@H](C)CC(=O)O)C(=O)N[C@@H](CC(=O)c2ccccc2N)C(=O)O[C@@H]1C,-1.3987482
COC(=O)c1ccc(NC(=O)c2cc(OC)c(OC)c(OC)c2)cc1,2.5985513
O=C(Nc1ccccc1O)c1cc([N+](=O)[O-])ccc1Cl,2.8036718
O=C(Nc1ccccc1)c1cc(Cl)ccc1O,3.1716208
O=C(Nc1ccc(O)cc1)c1ccc(O)cc1,1.9836732
Cc1cccc(C(N)=O)c1NC(=O)c1ccccc1,2.0112834
O=C(Nc1ccccc1)c1ccccc1,2.5271528
O=C(Nc1ccc(F)cc1F)c1cc(Cl)ccc1O,3.3047051
CC(=O)Nc1ccc(C(=O)Nc2ccccc2N)cc1,1.044172
CCCc1c(OCCCSc2ccc(CC(=O)O)cc2Cl)ccc2c(CC)noc12,3.464414
COc1ccc(N2CCN(C(=O)[C@@H]3CCCC[C@H]3C(=O)NC3(C#N)CC3)[C@H](C)C2)nc1OC,2.6150837
CN[C@@H](C)C(=O)N[C@H](C(=O)N[C@H]1CCCN(C(=O)Cc2ccccc2)C1)C1CCCCC1,1.3160338
O=S(=O)(Nc1nc(-c2ccccc2)nn1Cc1ccccc1)c1ccccc1,2.183834
CN(c1ncccc1CNc1nc(Nc2ccc3c(c2)CC(=O)N3)ncc1C(F)(F)F)S(C)(=O)=O,2.6080878
Cc1ccc(S(=O)(=O)Nc2c(C(=O)N[C@@H](C)C(C)(C)C)c(C)nn2C2CCCCC2)cc1,2.129165
CN1CCN(c2nc(NCCNc3ccc([N+](=O)[O-])cc3)c3ccccc3n2)CC1,3.016184
Cc1ccc(S(=O)(=O)c2ccccc2)cc1,3.0446677
CC(O)(C(=O)Nc1ccc(S(=O)(=O)c2ccc(O)cc2)cc1)C(F)(F)F,2.866152
Nc1ccc(S(=O)(=O)c2ccc(N)cc2)cc1,0.85922146
CC(O)(C(=O)Nc1ccc(S(=O)(=O)c2ccccc2)cc1)C(F)(F)F,3.0802855
CC(O)(C(=O)Nc1ccc(S(=O)(=O)c2ccc(F)cc2)cc1)C(F)(F)F,3.2044635
Clc1cccc2cn[nH]c12,2.3636012
COc1cccc2[nH]ncc12,1.926621
O=[N+]([O-])c1ccc2[nH]ncc2c1,1.9188752
c1ccc2[nH]ncc2c1,1.7713354
Clc1ccc2[nH]ncc2c1,2.4268343
Fc1ccc2cn[nH]c2c1,2.0553968
Nc1ccc2cn[nH]c2c1,0.8632935
Nc1n[nH]c2c(Cl)cccc12,1.7764639
Clc1cccc2[nH]ncc12,2.2804637
Cc1ccc(NC(=O)C2CC2)cc1-n1cnc2ccc(N3CCN(C)CC3)cc2c1=O,2.0325031
CC(C)(C)NC[C@H](O)COc1nsnc1N1CCOCC1,-0.23384976
CC(C)(C)NCC(O)COc1nsnc1N1CCOCC1,-0.3515103
CC(C)COc1cc(-c2cccc3c(=O)cc(N4CCOCC4)oc23)ccc1NC(=O)CN1CCOCC1,3.581962
C=CCOc1cc(-c2cccc3c(=O)cc(N4CCOCC4)oc23)ccc1NC(=O)CN1CCOCC1,2.8215477
O=C(CN1CCOCC1)Nc1ccc(-c2cccc3c(=O)cc(N4CCOCC4)oc23)cc1O,2.141906
COc1cc(-c2cccc3c(=O)cc(N4CCOCC4)oc23)ccc1NC(=O)CN1CCOCC1,2.4465365
CCOc1cc(-c2cccc3c(=O)cc(N4CCOCC4)oc23)ccc1NC(=O)CN1CCOCC1,2.770631
CC(C)Oc1cc(-c2cccc3c(=O)cc(N4CCOCC4)oc23)ccc1NC(=O)CN1CCOCC1,3.1702213
CC(C)c1ccc2oc3nc(N)c(C(=O)O)cc3c(=O)c2c1,1.1554686
CC1CCc2cc(F)cc3c(=O)c(C(=O)O)cn1c23,0.33395743
Nc1c2c(nc3c(-c4ncccn4)cccc13)CN(C1CCC1)C2=O,2.115111
O=c1[nH]nc(Cc2ccccc2)c2ccccc12,2.2283704
Nc1nc2nc(-c3cccs3)cc(C(F)(F)F)n2n1,2.149315
O=C(Cc1ccc(Cl)c(C(F)(F)F)c1)Nc1cccc2c(=O)n(CCO)ccc12,2.879972
C[C@H](CO)n1ccc2c(NC(=O)Cc3ccc(Cl)c(C(F)(F)F)c3)cccc2c1=O,3.1908762
CCOC(=O)Nc1ccc2c(c1)N(C(=O)CCN1CCOCC1)c1ccccc1S2,2.7682054
Cc1oc(CN2CCNCC2)cc1C(=O)NCC12CC3CC(CC(C3)C1)C2,1.5754845
CN(C(=O)C1CCC1)C1CCN(CCC(c2ccccc2)c2ccccc2)CC1,3.1728654
CCC(c1nc2ncccc2c(=O)n1Cc1ccccc1)N(CCCN)C(=O)c1ccc(C)cc1,0.69188523
c1ccc(-c2[nH]nc3ccccc23)cc1,3.157797
O=c1[nH]c2c(O)ccc([C@@H](O)CNCCSCCCNCCc3cccc(Cl)c3Cl)c2s1,1.6013417
CCc1ccc(CCNCCCSCCNC[C@H](O)c2ccc(O)c3[nH]c(=O)sc23)cc1,0.4928447
O=c1[nH]c2c(O)ccc([C@@H](O)CNCCSCCCNCCc3cccc(C(F)(F)F)c3)c2s1,0.97904325
O=c1[nH]c2c(O)ccc([C@@H](O)CNCCSCCCNCCc3cccc(Cl)c3)c2s1,0.86963713
CCOc1ccc(CCNCCCSCCNC[C@H](O)c2ccc(O)c3[nH]c(=O)sc23)cc1,0.4289435
O=c1[nH]c2c(O)ccc([C@@H](O)CNCCSCCCNCCc3ccccc3)c2s1,0.17055023
CN[C@@H](C)C(=O)N[C@H](C(=O)N[C@H]1CCN(CCc2ccccc2)C1)C1CCCCC1,1.4467583
COc1cc(F)ccc1-c1cncc(CNC(C)C)c1,1.5478244
CCCC(=O)NCc1cncc(-c2ccc(F)cc2OC)c1,2.723506
CN1c2ccccc2C(NCCCCCCC(=O)O)c2ccc(Cl)cc2S1(=O)=O,0.89893055
CC(=O)Nc1ccc(O)cc1OC[C@@H](O)CN1CCC2(CC1)Cc1cc(Cl)ccc1O2,2.5530334
CC(=O)Nc1ccc(O)cc1OC[C@@H](O)CN1CCC2(CC1)Cc1cc(F)ccc1O2,2.0198822
Nc1nc(-c2ccccc2)ns1,1.7886258
CC(=O)Nc1nc(-c2ccccc2)ns1,2.3446891
CCc1cc(OCc2ccc(-c3ccccc3-c3nn[nH]n3)cc2)c2c(n1)CCCC2,2.9036608
O=C(NCc1ccnc2ccccc12)c1ccc(Oc2ccc(C#C[C@]3(O)CN4CCC3CC4)cc2)cc1,3.4333663
C[C@H]1CN(c2nc(N3CCOCC3)c3ccc(Nc4ccccc4)nc3n2)C[C@@H](C)O1,3.886908
Cn1c(-c2ccncc2)cc2onc(-c3ccccc3)c2c1=O,2.64557
N#Cc1nc(NC2CCCCC2)c(N)c(N2CCOCC2)n1,3.1269038
NC1(c2ccc(-n3c(-c4ccccc4)nc4ccccc4c3=O)cc2)CCC1,2.0039992
CCC(c1nc2ccoc2c(=O)n1Cc1ccccc1)N(CCCN)C(=O)c1ccc(C)cc1,1.356401
CCN(C)C(=O)c1ccc(C(=C2CCN(Cc3cscn3)CC2)c2cccc3cccnc23)cc1,2.427613
CN(C)C(=O)c1ccc(C(=C2CCN(Cc3cscn3)CC2)c2cccc3cccnc23)cc1,2.1993303
Cn1ncnc1-c1c2c(=O)n(C)c(=O)n(CC3CC3)c2nn1Cc1ccnc2ccc(Cl)cc12,3.1813803
CNc1cccc(CCCc2ccc(C[C@H](NC(=O)c3c(Cl)cccc3Cl)C(=O)O)s2)n1,0.32576776
Nc1ccccc1NC(=O)c1ccc(C2CCN(Cc3ccc(C(=O)NC4CC4)cc3)CC2)cc1,2.0665956
CCN1CCN(Cc2ccc(-c3cc4c(N[C@H](C)c5ccccc5)ncnc4[nH]3)cc2)CC1,3.404064
O=S(=O)(NCC(c1ccccc1)N1CCCCCC1)c1cccnc1,1.9423342
CC(=O)NC(C)c1ccc(Nc2ncc3cc(-c4ccncc4)ccc3n2)cc1,2.7648625
COc1cc(-c2ccncc2)cc2cnc(Nc3ccc([C@@H](C)NC(C)=O)cc3)nc12,2.9108624
COCCC(=O)Nc1ccc(Nc2ncc3cc(-c4ccncc4)ccc3n2)cc1,3.2482498
CC(=O)Nc1ccc(Nc2ncc3cc(-c4ccncc4)ccc3n2)cc1,3.1270895
CN(C)CCNCc1ccc(Nc2ncc3cc(-c4ccncc4)ccc3n2)cc1,1.0694884
CC(=O)N[C@@H](C)c1ccc(Nc2ncc3cc(-c4ccncc4)ccc3n2)cc1,2.7704122
COCCNCc1ccc(Nc2ncc3cc(-c4ccncc4)ccc3n2)cc1,2.0617542
COCCC(=O)NC(C)c1ccc(Nc2ncc3cc(-c4ccncc4)ccc3n2)cc1,3.1377702
CC(=O)N[C@H](C)c1ccc(Nc2ncc3cc(-c4ccncc4)ccc3n2)cc1,2.8454118
COCCNC(=O)c1ccc(Nc2ncc3cc(-c4ccncc4OC)ccc3n2)cc1,3.126899
COCCNC(=O)c1cccc(Nc2ncc3cc(-c4ccncc4)ccc3n2)c1,3.0998049
COCCNC(=O)c1ccc(Nc2ncc3cc(-c4ccncc4)ccc3n2)cc1C,3.2875752
CC(=O)N(C)c1ccc(Nc2ncc3cc(-c4ccncc4)ccc3n2)cc1,3.2658195
CC(=O)N[C@H](C)c1ccc(Nc2ncc3cc(-c4ccncc4)cc(C)c3n2)cc1,3.261796
COCCC(=O)N[C@H](C)c1ccc(Nc2ncc3cc(-c4ccncc4)ccc3n2)cc1,3.1787581
CN(C)CCNC(=O)c1ccc(Nc2ncc3cc(-c4ccncc4)ccc3n2)cc1,2.067559
COCCOc1ccc(Nc2ncc3cc(-c4ccncc4)ccc3n2)cc1,3.5195699
CC(=O)N[C@H](C)c1ccc(Nc2ncc3cc(-c4ccncc4)c(C)cc3n2)cc1,3.2190762
COCCN(C)Cc1ccc(Nc2ncc3cc(-c4ccncc4)ccc3n2)cc1,2.9388852
COCCC(=O)N(C)c1ccc(Nc2ncc3cc(-c4ccncc4)ccc3n2)cc1,3.336257
COCCC(=O)N[C@@H](C)c1ccc(Nc2ncc3cc(-c4ccncc4)ccc3n2)cc1,3.143807
COCCNC(=O)c1ccc(Nc2ncc3cc(-c4ccnc(C)c4)ccc3n2)cc1,3.274736
COc1cc2nc(Nc3ccc([C@@H](C)NC(C)=O)cc3)ncc2cc1-c1ccncc1,2.7719946
CCOc1noc2cc(OCCC3CCN(c4ccc(C)nn4)CC3)ccc12,3.9317966
O=c1[nH]c2c(O)ccc([C@@H](O)CNCCOc3cccc(CNCCc4ccccc4F)c3)c2s1,1.4264972
NC(=O)c1sc(-c2ccsc2)cc1NS(=O)(=O)c1ccc(C(F)(F)F)cc1,3.1149025
Cc1nccn1CCC(C(N)=O)(c1ccccc1)c1ccccc1,1.1813958
COc1cc(N2CC3COCC(C2)N3)ccc1Nc1ncc(Cl)c(-c2cnc3ccccn23)n1,3.252235
Cc1nocc1C(=O)Nc1ccc(-c2ccccc2OC(F)(F)F)c(N)n1,3.5018702
CN(C)C(=O)N[C@H]1CC[C@H](CCN2CCN(c3ccc(Cl)c(Cl)c3)CC2)CC1,3.2145987
CN(C)C(=O)N[C@H]1CC[C@H](CCN2CCN(c3ccc(Cl)cc3)CC2)CC1,2.570792
CN(C)C(=O)N[C@H]1CC[C@H](CCN2CCN(c3cccc(Cl)c3Cl)CC2)CC1,3.153868
COc1cccc(C(=O)NCCCOc2cccc3ccc(N)nc23)c1,2.5313394
Cc1cc(Nc2cnc(C#N)c(N[C@@H](C)c3ccc(F)cn3)n2)n[nH]1,2.64723
Cc1cc(Nc2nc(N[C@@H](C)c3ccc(F)cn3)cnc2C)n[nH]1,2.2950664
Cc1cc(Nc2nc(N[C@@H](C)c3ccc(F)cn3)c(C#N)nc2C)n[nH]1,2.8356576
O=c1nc(NCc2ccccc2)sn1Cc1ccccc1,2.8597488
CC(=O)CC(c1ccccc1)c1c(O)c2ccccc2oc1=O,2.167157
C[C@@](O)(C(=O)Nc1ccc(C(=O)N2CCCCC2)cc1Cl)C(F)(F)F,2.6890447
N[C@@H](CC(=O)N1CCn2c(nnc2C(F)(F)F)C1)Cc1cc(F)c(F)cc1F,0.6634413
Cn1sc(NC(=O)c2cccc(Cl)c2)nc1=O,1.4341735
Cn1sc(NC(=O)c2ccccc2)nc1=O,0.66060424
COc1ccc(CNC(=O)c2sc3nc(C)cc(C)c3c2N)cc1,3.456327
CN(C)c1ccnc2sc(C(=O)NCc3ccccc3)c(N)c12,3.2745514
Cc1cc(C)c2c(N)c(C(=O)NCc3ccccc3)sc2n1,3.416759
O=C(NCC12CC3CC(CC(C3)C1)C2)c1cc(CN2C[C@@H]3C[C@H]2CN3)ccc1Cl,2.330045
O=C1COc2c(CCNCCN(C(=O)CCNCCc3ccc(Cl)c(Cl)c3)C3CCCCC3)ccc(O)c2N1,2.304654
O=C1c2ccc(O)cc2C(=O)N1c1ccccc1,2.1540942
O=C1c2ccc(O)cc2C(=O)N1c1ccc(O)cc1F,2.072597
Cc1cc(O)ccc1N1C(=O)c2ccc(O)cc2C1=O,2.2226703
O=C1c2ccc(O)cc2C(=O)N1c1cccc(O)c1,1.8945783
O=C1c2ccccc2C(=O)N1c1ccc(O)cc1,2.0755389
O=C1c2ccc(O)cc2C(=O)N1c1ccc(O)cc1,1.8996645
CC1=NC(C)(c2cccc(-c3cccnc3)c2)N=C1N,1.3940892
O=CN(O)C1(CS(=O)(=O)N2CCN(c3ccc(F)cc3)CC2)CCOCC1,0.9485301
O=c1[nH]c2c(O)ccc([C@@H](O)CNCCCSCCOCCc3cccc4ccccc34)c2s1,2.8117685
NC(=O)c1cc(C(N)=O)n(-c2cccc(-c3cc(C(F)(F)F)ccc3C(F)(F)F)c2)n1,3.3042355
Nc1c(C(=O)NC2CC2)nnc2c(-c3ncccn3)c(F)ccc12,1.7112132
Nc1c(C(=O)NC2CC2)nnc2c(-c3ncccn3)cccc12,1.6729423
C[C@@H](NCc1ccccc1-c1ccc(CCNC[C@H](O)c2ccc(O)c3[nH]c(=O)sc23)cc1)c1ccccc1,2.535949
Cc1c(CN2CCN(C(=O)[C@H](C)O)CC2)sc2c(N3CCOCC3)nc(-c3cnc(N)nc3)nc12,2.0895534
N#Cc1cccc(NCC(=O)Nc2c(Cl)ccc3nc(N4CC[C@@H](O)C4)ccc23)c1,2.7215087
O=C(N[C@H]1CN2CCC1CC2)c1ccc(Cl)cc1,1.2683582
OC(Cn1cncn1)(Cn1cncn1)c1ccc(F)cc1F,0.6186286
CSc1ncccc1C(=O)NCCc1ccc(Cl)cc1,3.3201628
CC(C)Cn1c(=O)n(C)c(=O)c2c(C(=O)N3C[C@H](O)CO3)c(Cc3ccccc3C(F)(F)F)sc21,3.1101022
O=C(CC1CCCCC1)Nc1c(Cl)ccc2nc(NCCCO)ccc12,2.9020386
CC1CCC(CC(=O)Nc2cccc3ncccc23)CC1,3.1899433
O=C(NO)[C@@H](Cc1ccc2ccccc2c1)NS(=O)(=O)c1ccc2ccccc2c1,3.3713932
O=C(O)c1ccccc1-c1c2ccc(=O)cc-2oc2cc(O)ccc12,0.9740157
OCCN1CC=CC[C@H](c2ccc(Cl)c(Cl)c2)C1,2.6471057
CN1CC=CCC(c2ccc(Cl)c(Cl)c2)C1,2.8866827
Clc1ccc([C@H]2CC=CCNC2)cc1Cl,1.8906074
Fc1ccc(C2CC=CCNC2)cc1Cl,1.4589562
Clc1ccc(C2CC=CCNC2)cc1Cl,1.9135414
CNC(=O)c1ccccc1Sc1ccc2c(/C=C/c3ccccn3)n[nH]c2c1,3.325018
Cn1cnc2c(-c3ccc(C4(N)CCC4)cc3)c(-c3ccccc3)ccc21,2.5636406
Cc1nnsc1C(=O)Nc1ccccc1,1.2506483
CN[C@@H](C)C(=O)N[C@H](C(=O)N1CC[C@H]2CCN(CCc3ccccc3)C[C@H]21)C1CCCCC1,1.9877235
Oc1ccc(-c2csc(-c3ccc(O)cc3)n2)cc1,3.386818
CC(C)Nc1ccc2cnn(-c3cncc(-n4ccc(CC(=O)O)c4)n3)c2c1,0.5762563
CCOC(=O)c1ccc(OCCC2CCN(c3ccc(C)nn3)CC2)cn1,3.1730812
COc1cc(-n2nnc3cc(-c4ccc(Cl)cc4)sc3c2=O)ccc1N1CC[C@@H](O)C1,3.2750316
O=C(O)CCC(=O)N1CCC(c2nc(-c3cccs3)no2)CC1,-0.81584597
Cc1ccc(Sc2ccccc2CN(C)C)c(N)c1,2.4494514
COc1ccc(OC)c(-c2c(F)ccc3c(N)c(C(=O)NC4CC4)nnc23)c1,3.1451244
Cc1cc(Nc2nc(NCc3ccccn3)ncc2Br)n[nH]1,2.5911515
CC(C)Oc1cc(Nc2nc(N[C@@H](C)c3ccc(F)cn3)nc(OC(CO)CO)c2Cl)n[nH]1,3.088988
CN[C@@H](C)C(=O)N[C@H](C(=O)N[C@H]1CCN(C(=O)Cc2ccccc2)C1)C1CCCCC1,1.2270361
CN(C)c1ncnc2nc[nH]c12,0.8162699
Cc1cccc(Nc2ccncc2S(=O)(=O)NC(=O)NC(C)C)c1,0.13467765
Cc1nc(C)c(-c2ccc3c(c2)CC[C@]32CC[C@@H](CC(=O)O)CC2)nc1C(N)=O,1.7881724
Cc1nc(C)c(-c2ccc3c(c2)CC[C@]32CC[C@H](C(=O)O)CC2)nc1C(N)=O,0.9074956
Cc1nc(C)c(-c2ccc3c(c2)CC[C@]32CC[C@@H](C(=O)O)CC2)nc1C(N)=O,0.80993974
CN1CCCCC1CCN1c2ccccc2Sc2ccc([S+](C)[O-])cc21,1.7615077
CSc1ccc2c(c1)N(CCC1CCCCN1C)c1ccccc1S2,3.5319757
CC(C)Cn1c(=O)n(C)c(=O)c2c(C(=O)N3C[C@H](O)[C@H](O)C3)c(Cc3ccnc4ccccc34)sc21,1.7337993
CC(C)Cn1c(=O)n(C)c(=O)c2c(C(=O)N3CC[C@@H](O)C3)c(Cc3ccnc4ccc(F)cc34)sc21,2.317544
CC(C)Cn1c(=O)n(C)c(=O)c2c(C(=O)N3CC[C@@H](O)C3)c(Cc3ccnc4ccccc34)sc21,2.072548
c1ccc(Sc2ccc3ccccc3n2)cc1,3.5993834
O=C1O[C@]2(CN3CCC2CC3)CN1c1ccc(Br)s1,1.93366
O=C1O[C@]2(CN3CCC2CC3)CN1c1cccs1,1.0147734
Oc1ccc2[nH]c(CN3CCC(Cc4ccc(F)cc4)CC3)nc2c1,3.2260303
O=c1cc(N2CCOCC2)oc2cc(O)ccc12,1.8204466
Cc1ccc(C(=O)NC2CC2)cc1-c1ccc(C(=O)NCC2CC2)nc1,3.0045862
Nc1ncc2cc(-c3c(Br)cccc3Br)c(N)nc2n1,2.5423696
COc1cc(OC)cc(-c2cc3cnc(N)nc3nc2N)c1,2.0575876
COc1cc(NC(=O)Nc2cccc(CNC(=O)O[C@H]3CCOC3)c2)ccc1-c1cnco1,3.147572
Cc1ccc(NC(=O)c2ccnc(N3CCOCC3)c2)cc1NC(=O)c1ccc(OCc2ccccn2)cc1,3.224527
Cc1ccc(S(=O)(=O)NC(=O)NN2CCCCCC2)cc1,-0.5410087
Cc1cc(NC(=O)c2ccccc2)n[nH]1,1.536304
CCCN1CCC(Oc2nccc(Nc3cc(NC(=O)c4cccc(N5CCOCC5)c4)ccc3C)n2)CC1,2.539181
O=C(c1cccc(Cc2n[nH]c(=O)c3ccccc23)c1)N1CCN(c2ncccn2)CC1,1.9534588
Cc1ccc(C(=O)c2ccc(CC(=O)O)n2C)cc1,-0.10759735
C[C@@H](NC(=O)[C@H]1CCCNC1)c1ccc(Nc2ncc3cc(-c4ccncc4)ccc3n2)cc1,1.8404272
C[C@@H](Oc1cccc2ncnc(Nc3ccc4c(cnn4Cc4cscn4)c3)c12)C(=O)N1CCOCC1,2.7945511
CC1=C(C)C(=O)C(C(CCCCCC(=O)O)c2ccccc2)=C(C)C1=O,2.358159
O=c1c2ccccc2nc2ccccn12,2.0750895
O=c1[nH]c(S)nc2[nH]cnc12,-0.7799187
O=C(N[C@@H](Cc1ccc(OCCc2ccc3c(n2)NCCC3)cc1)C(=O)O)c1c(Cl)cccc1Cl,-0.06862712
c1ccc(C2CCNCC2)cc1,-0.20937848
CCOC(=O)C1(c2ccccc2)CCN(C)CC1,1.0625654
CC[C@@H](Nc1c(Nc2cccc(C(=O)N(C)C)c2O)c(=O)c1=O)c1ccc(C)o1,2.2306893
O=C(O)c1cncc(-c2cnc3[nH]c(C(=O)NC4CC4)cc3c2-n2ccc(C(F)(F)F)n2)c1,-0.30617118
COc1cc(C(=O)N2CCOCC2)ccc1Nc1ncc(Cl)c(-c2cnc3ccccn23)n1,3.4058456
COc1cc(F)ccc1-c1cncc(CNC[C@@H]2CCCO2)n1,1.8274175
CCN(CC)C(=O)c1ccc(C(=C2CCNCC2)c2ccccc2)cc1,0.8609514
CCN(CC)C(=O)c1ccc(C(=C2CCNCC2)c2ccc(Cl)c(Cl)c2)cc1,2.2712302
CCN(CC)C(=O)c1ccc(C(=C2CCNCC2)c2ccccc2OC)cc1,0.7828293
CCN(CC)C(=O)c1ccc(C(=C2CCNCC2)c2cccc(C(F)(F)F)c2)cc1,1.7237318
Cc1cnc(Nc2ccc(N3CCN(C)CC3)cc2)nc1Nc1cccc(S(=O)(=O)NC(C)(C)C)c1,2.7615259
CN[C@@H](C)C(=O)N[C@H](C(=O)N[C@H]1CCCN(Cc2ccccc2)C1)C1CCCCC1,1.7704417
O=C(O)c1[nH]c2ccccc2c1CCCOc1cccc2ccccc12,2.9202793
Cn1c(C(=O)O)c(CCCOc2cccc3ccccc23)c2ccccc21,2.959706
C1CCC(C(CC2CCCCN2)C2CCCCC2)CC1,2.6275332
CC[C@H](NC(=O)c1c([S+]([O-])CC)c(-c2ccccc2)nc2ccccc12)c1ccccc1,3.3235142
CC[C@H](NC(=O)c1c([S+](C)[O-])c(-c2ccc(F)cc2)nc2ccccc12)c1ccccc1,3.42665
CC[C@H](NC(=O)c1c(O)c(-c2ccccc2)nc2ccccc12)c1ccccc1,3.3526254
CC[C@H](NC(=O)c1c(CN(C)C)c(-c2ccccc2)nc2ccccc12)c1ccccc1,3.39719
CC[C@H](NC(=O)c1c([S+](C)[O-])c(-c2ccccc2)nc2cc(F)ccc12)c1ccccc1,3.4356875
CC[C@H](NC(=O)c1c([S+](C)[O-])c(-c2ccccc2)nc2ccccc12)c1ccccc1,3.343217
CC[C@H](NC(=O)c1c(S(C)(=O)=O)c(-c2ccccc2)nc2ccccc12)c1ccccc1,3.0016625
CC[C@H](NC(=O)c1c([S+](C)[O-])c(-c2ccccc2)nc2cc(CN(C)C)ccc12)c1ccccc1,2.4150932
CC[C@H](NC(=O)c1c([S+](C)[O-])c(-c2ccccc2)nc2c(F)cccc12)c1ccccc1,3.4094343
CC[C@H](NC(=O)c1c([S+](C)[O-])c(-c2ccccc2)nc2cc(Br)ccc12)c1ccccc1,3.580894
CC[C@H](NC(=O)c1c([S+]([O-])C(C)C)c(-c2ccccc2)nc2ccccc12)c1ccccc1,3.4867296
CC[C@H](NC(=O)c1c(CC[S+](C)[O-])c(-c2ccccc2)nc2ccccc12)c1ccccc1,2.7979457
CC[C@H](NC(=O)c1c([S+](C)[O-])c(-c2cccc(F)c2)nc2ccccc12)c1ccccc1,3.4323056
CC[C@H](NC(=O)c1c([S+](C)[O-])c(-c2ccccc2)nc2cc(Cl)ccc12)c1ccccc1,3.573897
CC[C@H](NC(=O)c1c(N)c(-c2cccc(F)c2)nc2ccccc12)c1ccccc1,3.69451
CC[C@H](NC(=O)c1c(N)c(-c2ccccc2)nc2ccccc12)c1ccccc1,3.6166332
CC[C@H](NC(=O)c1c(CS(C)(=O)=O)c(-c2ccccc2)nc2ccccc12)c1ccccc1,3.444641
Cn1sc(=O)c2cc(S(=O)(=O)NC3CC3)ccc21,1.7862531
CN[C@@H](C)C(=O)N[C@H](C(=O)N1CCC[C@H]1C(=O)N[C@H](C(=O)OC)C(c1ccccc1)c1ccccc1)C1CCCCC1,2.7103477
O=C1CCCCCN1,-0.10798073
CC(C)(C)C(=O)N[C@H]1CCCCNC1=O,0.6551769
COc1cc(F)ccc1-c1cncc(CNC(=O)c2ccccc2)c1,3.2206364
O=S(=O)(Nc1cccnc1)c1ccc2c(c1)OCCO2,1.0621367
COc1cc2c(Nc3ccc(Cl)cc3F)ncnc2cc1OCCn1cncn1,3.242516
CC(=O)Nc1cnc2ccn(-c3cc(NC4CC4)n4ncc(C#N)c4n3)c2c1,2.612145
CS(=O)(=O)c1ccc(C(=O)NC[C@@H](O)CN2CCC(Oc3ccc(Cl)c(Cl)c3)CC2)s1,2.800795
CCOC(=O)c1c(C)n(Cc2ccco2)c2ccc(O)cc12,3.1457946
N#Cc1nc(N2CCCCC2)c(N)c(N2CCOCC2)n1,2.8970945
CN1CCN(C2=Nc3cc(Cl)ccc3Nc3ccccc32)CC1,3.1307986
CC(C)C(NC(=O)Cn1c(-c2ccccc2)ccc(NC(=O)CN2C(=O)CCC2=O)c1=O)C(=O)C(F)(F)F,1.0284564
CN(C)CC/C=C1\c2ccccc2Sc2ccc(Cl)cc21,3.3209252
CC1(C)C(=O)N(c2ccc(SC(F)(F)F)cc2)C(=O)N1Cc1ccnc(N2CCOCC2)c1,3.509133
O=c1[nH]c2c(O)ccc([C@@H](O)CNCCCSCCNCCc3ccccc3Cl)c2s1,0.960719
O=c1[nH]c2c(O)ccc([C@@H](O)CNCCCSCCNCCc3cccc(Cl)c3Cl)c2s1,1.6188843
O=c1[nH]c2c(O)ccc([C@@H](O)CNCCCSCCNCCc3cccc(Cl)c3)c2s1,0.8879169
Cc1cc(C)c(CNC(=O)c2cc(C3CC3)nc3c2cnn3C(C)C)c(O)n1,3.4460216
CN1CCN(S(=O)(=O)c2ccc(-c3cnc(N)c(C(=O)Nc4cccnc4)n3)c(C(F)(F)F)c2)CC1,3.1031804
CN1CCN(S(=O)(=O)c2ccc(-c3cnc(N)c(C(=O)Nc4cccnc4)n3)cc2F)CC1,2.8356607
Cc1cc(S(=O)(=O)N2CCN(C)CC2)ccc1-c1cnc(N)c(C(=O)Nc2cccnc2)n1,2.9759789
C[C@@]1(c2cc(-c3cncnc3)c(F)cc2F)CCSC(N)=N1,0.9912431
Cc1ccc(CN2C(=O)CCSc3ccc(Cl)cc32)cc1,3.6552858
N#Cc1ccc2ccc(=O)n(CCN3CC[C@H](NCc4cc5c(cn4)OCCO5)[C@H](O)C3)c2c1,0.78943205
N#Cc1ccc2ccc(=O)n(CCN3CC[C@@H](NCc4cc5c(cn4)OCCO5)[C@@H](O)C3)c2c1,0.6738304
CO[C@H]1CN(CCn2c(=O)ccc3ccc(C#N)cc32)CC[C@H]1NCc1cc2c(cn1)OCCO2,1.1620269
COc1ccc2c(C)cc(=O)n(CCN3CCC(NCc4cc5c(cn4)OCCO5)CC3)c2c1,1.7053252
COc1ccc2ccc(=O)n(CCN3CCC(NCc4cc5c(cn4)OCCO5)CC3)c2c1,1.2623208
CO[C@H]1CN(CCn2c(=O)ccc3ccc(C#N)cc32)CC[C@@H]1NCc1cc2c(cn1)OCCO2,1.1833608
CN1C(=O)CC(C)(CCc2cccc(-c3ccccc3)c2)N=C1N,2.396672
Clc1cccc(-n2nnnc2NCc2ccccc2Oc2ccccn2)c1Cl,3.5405006
NC(=O)Nc1cc(-c2ccccc2)sc1C(=O)N[C@H]1CCCNC1,1.1441603
N#Cc1ccc(-c2cc(NC(N)=O)c(C(=O)N[C@H]3CCCNC3)s2)cc1,0.8316914
NC(=O)Nc1cc(-c2cccc(F)c2F)sc1C(=O)N[C@H]1CCCNC1,1.4352751
COc1nc(Cl)cnc1NS(=O)(=O)c1cccc2c(N(C)C)cccc12,2.0013857
CN(C)c1cccc2c(S(=O)(=O)Nc3cnccn3)cccc12,0.89588845
COc1nc(Br)cnc1NS(=O)(=O)c1cccc2c(N(C)C)cccc12,2.0253253
Cc1nn(-c2ccc(F)cc2)c(NS(=O)(=O)c2cccnc2)c1C(=O)N[C@@H](C)C(C)(C)C,-0.06681299
O=C(Nc1cccc(O)c1)c1ccc(OCCCN2CCCC2)cc1OCc1cccnc1,1.807838
Cc1nc(CSc2nc(N[C@H](C)CO)c3sc(=O)[nH]c3n2)cs1,1.6377866
Nc1ccccc1NC(=O)c1ccc(-c2ncc(CN3CCCCC3)s2)cc1,2.0800614
Cc1ccc(-c2nc3ccccc3[nH]2)cc1NC(=O)c1ccc(OCc2ccccn2)cc1,3.7665443
COc1cc(C(=O)O)ccc1Cn1ccc2ccc(NC(=O)OC3CCCC3)cc21,1.896683
CCN(CC)C(=O)c1ccc(C(=C2CCN(Cc3ccc(F)cc3)CC2)c2ccccn2)cc1,3.361597
COc1ccc(Cn2c(=O)[nH]c3c(=O)n(CC(=O)NC(C(=O)C(F)(F)F)C(C)C)c(-c4ccccc4)cc3c2=O)cc1,2.9832702
CC(C)[C@@H](CO)NS(=O)(=O)c1ccc(Cl)s1,2.2524016
CC(C)C[C@@H](CO)NS(=O)(=O)c1ccc(Cl)s1,2.5231204
CC[C@H](C)[C@@H](CO)NS(=O)(=O)c1ccc(Cl)s1,2.6933317
O=[N+]([O-])c1ccc2[nH]c(-c3ccccn3)nc2c1,2.728137
Cc1cccc(-c2nc3cc(Cl)ccc3[nH]2)n1,3.3202128
c1ccc(-c2nc3ccccc3[nH]2)nc1,2.54086
O=C(CSc1ccccc1)N1CCN(C(=O)c2ccco2)CC1,2.0780258
c1ccc2c(c1)nnn2-c1ccncc1,1.909123
O=c1[nH]c2c(O)ccc([C@@H](O)CNCCCOCCOCCc3ccccc3)c2s1,1.2335386
CCN(CC)CCOc1ccc(N(C)C(=O)c2ccc(-c3ccc(C(F)(F)F)cc3)cc2)cc1OC,3.6364274
Cc1cc(NC(=O)c2ccc(Cl)cc2)n(-c2ccccc2)n1,3.3189101
N#Cc1cnn(-c2ccccc2)c1NC(=O)c1ccccc1F,2.132848
COc1ccc2c(c1)C(c1ccccc1)=NC(NC(=O)c1ccccc1OC)C(=O)N2,3.3935895
CC(CNS(=O)(=O)C(C)C)c1ccc(-c2ccc(C#N)cc2)cc1,3.1085873
CCS(=O)(=O)c1ccc(-c2cc(C(F)(F)F)ccc2OCC(=O)O)c(C)c1,-0.23173928
O=C(O)COc1ccc(Br)cc1-c1ccccc1,0.32725275
CS(=O)(=O)c1ccc(-c2cc(Cl)ccc2OCC(=O)O)c(Cl)c1,-0.21905589
O=C(O)COc1ccc(C(F)(F)F)cc1-c1ccc(Cl)cc1,0.96731746
CS(=O)(=O)c1ccc(-c2cc(C(F)(F)F)ccc2OCC(=O)O)cc1,-0.48406577
CCS(=O)(=O)c1ccc(-c2cc(Cl)ccc2OCC(=O)O)c(C)c1,-0.19443107
N#Cc1ccc(OCC(=O)O)c(-c2ccccc2)c1,-0.5508628
CCS(=O)(=O)c1ccc(-c2cc(Cl)ccc2OCC(=O)O)c(C(F)(F)F)c1,0.0926075
CCS(=O)(=O)c1ccc(-c2cc(C(F)(F)F)ccc2O[C@H](C)C(=O)O)c(C)c1,-0.15888596
N#Cc1ccc(F)c(-c2cc(C(F)(F)F)ccc2OCC(=O)O)c1,0.015213728
CC(C(=O)O)c1ccc(-c2ccccc2)c(F)c1,0.6024177
O=C(O)CCC(=O)c1ccc(-c2ccccc2)cc1,0.4414158
CCS(=O)(=O)c1ccc(-c2cc(C(F)(F)F)ccc2OCC(N)=O)c(C)c1,2.4720902
CC[C@H](N)C(=O)N[C@H](C#N)Cc1ccc(-c2ccccc2)cc1,2.2102075
COc1ccc(-c2cc(C(F)(F)F)ccc2OCC(=O)O)cc1,0.2839043
CCC(Oc1ccc(C(F)(F)F)cc1-c1ccc(S(=O)(=O)CC)cc1C)C(=O)O,0.43635368
C[C@@](CCc1ccc(-c2ccc(Cl)cc2)cc1)(C(=O)NO)S(C)(=O)=O,3.3179615
CCS(=O)(=O)c1ccc(-c2cc(C(F)(F)F)ccc2CCC(=O)O)c(C)c1,1.1174512
N#Cc1cccc(-c2cc(Cl)ccc2OCC(=O)O)c1,-0.025587082
Cc1cc(N(C)S(C)(=O)=O)ccc1-c1cc(C(F)(F)F)ccc1OCC(=O)O,-0.50185466
CCS(=O)(=O)c1cccc(-c2cc(C(F)(F)F)ccc2OCC(=O)O)c1,-0.40591812
CCSc1ccc(-c2cc(C(F)(F)F)ccc2OCC(=O)O)cc1,1.4367464
CS(=O)(=O)c1ccc(-c2cc(C(F)(F)F)ccc2OCC(=O)O)c(Cl)c1,-0.21440744
CCN(CC)S(=O)(=O)c1ccc(-c2cc(C(F)(F)F)ccc2OCC(=O)O)cc1,0.48918474
CC(C)C[C@H](N[C@@H](c1ccc(-c2ccc(S(C)(=O)=O)cc2)cc1)C(F)(F)F)C(=O)NCC#N,3.4955883
CCS(=O)(=O)c1ccc(-c2cc(Cl)ccc2OCC(=O)O)cc1,-0.40587378
CCS(=O)(=O)c1ccc(-c2cc(Cl)ccc2OCC(=O)O)c(F)c1,-0.3314829
N#Cc1cccc(-c2cc(C(F)(F)F)ccc2OCC(=O)O)c1,-0.038510084
O=C(O)COc1ccc([N+](=O)[O-])cc1-c1ccccc1,-0.26687837
CCS(=O)(=O)c1ccc(-c2cc(Cl)ccc2OCC(=O)O)c(Cl)c1,-0.13854957
O=C(O)c1cc(-c2ccc(F)cc2F)ccc1O,0.41755366
CN(c1ccc(-c2cc(C(F)(F)F)ccc2OCC(=O)O)cc1)S(C)(=O)=O,-0.67187285
CN(c1ccc(-c2cc(F)ccc2OCC(=O)O)c(Cl)c1)S(C)(=O)=O,-0.6819191
Cc1ccc(C#N)cc1-c1cc(C(F)(F)F)ccc1OCC(=O)O,0.24761474
N#Cc1cccc(-c2cccc(C(=O)O)c2)c1,0.34863544
Nc1cc(C(F)(F)F)c(-c2cc(N3CCOCC3)nc(N3CCOCC3)n2)cn1,2.5531085
c1cnc2cccnc2c1,1.0879514
O=[N+]([O-])c1ccc2c(c1)N(c1cccc[n+]1[O-])CC(C(F)F)(C(F)F)O2,2.977288
C[C@H](CO)Nc1nc(SCc2cccc(F)c2F)nc2[nH]c(=O)cnc12,2.9338236
COC(=O)c1nc2c(N[C@H](C)CO)nc(SCc3cccc(F)c3F)nc2[nH]c1=O,3.001479
COc1cc2c(c(OC)c1OC)-c1ccc(O)cc1[C@@H](NC(C)=O)CC2,1.7585547
O=C(O)c1cc(N=Nc2ccc(S(=O)(=O)Nc3ccccn3)cc2)ccc1O,-0.25878882
COc1ccc(CNC(=O)c2ccc(Oc3ccc(C#C[C@]4(O)CN5CCC4CC5)cc3)cc2)nc1,2.6921954
NS(=O)(=O)c1cccc(Nc2nccc(Nc3c(Cl)ccc4c3OCO4)n2)c1,2.7450507
Clc1ccc2c(c1Nc1ccnc(Nc3ccccc3)n1)OCO2,3.479518
CS(=O)(=O)c1cccc(Nc2nccc(Nc3cccc4c3OCO4)n2)c1,2.8900776
CS(=O)(=O)c1cccc(Nc2nccc(Nc3c(Cl)ccc4c3OCO4)n2)c1,3.0608058
CS(=O)(=O)Nc1cc(Nc2nccc(Nc3c(Cl)ccc4c3OCO4)n2)cc(C(N)=O)c1,2.3002605
CS(=O)(=O)c1cccc(Nc2nccc(N(CC#N)c3c(Cl)ccc4c3OCO4)n2)c1,2.7830274
NS(=O)(=O)c1ccc(Nc2nccc(Nc3c(Cl)ccc4c3OCO4)n2)cc1,2.7703106
CS(=O)(=O)Cc1cc(N2CCOCC2)nc(-c2cccc3cc[nH]c23)n1,2.2928603
CSc1ccc(C(=O)C(C)(C)N2CCOCC2)cc1,2.8140612
COc1ccc(CN2C(=O)CCC2(C)C(=O)NC2CCCCC2)c(OC)c1,2.3825202
CC(=O)Nc1ccc2c(c1)c(-c1cc(NC3CC3)n3ncc(C#N)c3n1)cn2CCO,2.2045712
COC(=O)CCn1cc(-c2cc(NC3CC3)n3ncc(C#N)c3n2)c2cc(NC(C)=O)ccc21,3.0589387
CC(=O)Nc1ccc2[nH]cc(-c3cc(NC4CC4)n4ncc(C#N)c4n3)c2c1,2.8633728
CC(=O)Nc1ccc2c(c1)c(-c1cc(NC3CC3)n3ncc(C#N)c3n1)cn2CCCO,2.2390063
CC(=O)Nc1ccc2c(c1)c(-c1cc(NC3CC3)n3ncc(C#N)c3n1)cn2CCC(=O)O,0.20661473
CC(=O)Nc1ccc2c(c1)c(-c1cc(NC3CC3)n3ncc(C#N)c3n1)cn2C,3.1122167
CSc1ccc(-c2nc(-c3ccc(F)cc3)c(-c3ccncc3)[nH]2)cc1,3.9586563
C[S+]([O-])c1ccc(-c2nc(-c3ccc(F)cc3)c(-c3ccncc3)[nH]2)cc1,3.1150196
CCn1cc(NC(=O)Cc2ccc(Oc3ccnc4ccc(F)cc34)cc2OC)cn1,3.5022216
COc1ccc2c(Oc3ccc(CC(=O)Nc4cn(C)nc4C)c(OC)c3)ccnc2c1,3.1663942
CCn1cc(NC(=O)Cc2ccc(Oc3ccnc4cc(F)ccc34)cc2OC)cn1,3.4910965
CCn1cc(NC(=O)Cc2ccc(Oc3ccnc4cc(OC)c(OC)cc34)cc2OC)cn1,3.4176192
N#CN=C(N)c1sc(Nc2ccccc2)nc1N,2.6883228
COc1ccc2c(c1)N(CCN1CCC(NCc3cc4c(cn3)OCCO4)CC1)C(=O)CO2,1.0880896
O=C1COc2ccccc2N1CCN1CCC(NCc2cc3c(cn2)OCCO3)CC1,0.99737847
N#C/C(=C(/N)Sc1ccc(N)cc1)c1ccccc1C(F)(F)F,3.1394048
N#C/C(=C(\N)Sc1ccc(N)cc1)c1ccccc1C(F)(F)F,3.1035457
CCC(CC)NC(=O)c1cnn(-c2ccccc2)c1NS(=O)(=O)c1ccc(-c2cnco2)cc1,0.98022413
C1CCC(NC2CCCCC2)CC1,-0.11605477
Nc1cc2n[nH]c(=O)n2c2cc(-c3ccsc3)ccc12,2.7902904
COc1cc(C(=O)NS(=O)(=O)c2ccccc2C)ccc1Cc1c[nH]c2ccc(NC(=O)CC3CCCC3)cc12,2.4811623
Cc1cc2n[nH]c(=O)n2c2cc(-c3ccc(C(=O)N4CCOCC4)cc3)ccc12,3.2215567
COc1cc(F)ccc1-c1cncc(C2CCCN2)c1,1.3523583
Cc1cn([C@H]2CCCN([C@H](CC3CCOCC3)c3ccc(C(=O)O)c(Oc4cccc(Cl)c4)c3)C2)c(=O)[nH]c1=O,0.25927293
Cc1cnc(Nc2cncc(N[C@@H](C)c3ncc(F)cn3)n2)s1,2.4033337
N#Cc1nc(NC2CC3CCC2C3)c(N)c(N2CCOCC2)n1,3.212062
CC(C)(N)C(=O)N[C@H](COCc1ccccc1)C(=O)N1CCC2(CC1)CN(S(C)(=O)=O)c1ccccc12,1.1770234
CCN(CC)CCCC(C)Nc1c2ccc(Cl)cc2nc2ccc(OC)cc12,2.9448519
COc1ccc2nc3ccccc3c(N)c2c1,2.4629576
N#C[C@@H]1CCCN1C(=O)CNCCNc1ccc(Cl)cn1,0.8016983
Cc1ccc(S(=O)(=O)N2N=Cc3oc(C)cc3B2O)cc1,0.06268048
O=C1Nc2ccccc2B(O)N1c1ccccc1,1.4322536
CN(CCc1ccc(O)c2nc(O)sc12)CCN(C)C(=O)CCOCCc1ccccc1,2.6506839
CN1C2CCC1CC(OC(=O)C(CO)c1ccccc1)C2,-0.30376434
CN1[C@H]2CC[C@@H]1C[C@H](OC(=O)C(CO)c1ccccc1)C2,-0.61728716
CN1[C@H]2CC[C@@H]1C[C@H](OC(=O)C(O)c1ccccc1)C2,-0.79447913
O=C(COc1ccccc1)N1CCOCC1,1.2454326
COc1ccc2nc(C)cc(N3CC(CNC(=O)C4CC4)OC3=O)c2c1,1.5399475
Cc1ccc(NC(=O)c2cccc(N3CCOCC3)c2)cc1-n1cnc2ccc(N3CCN(C)CC3)cc2c1=O,2.4782987
C[C@H](CO)Nc1nc(SCc2ccco2)nc2[nH]c(=O)sc12,2.419578
CC1CC(=O)Nc2ccccc2N1,0.8196931
[O-]c1c2c(nn1-c1ccc(Cl)cc1)c1ccccc1c[n+]2Cc1ccccc1,3.5834503
Cn1c(=O)n(Cc2ccc(C(=O)O)cc2)c(=O)c2cc(C#CCc3ccccc3)ccc21,2.3444033
NC(=O)Cc1nc(-c2ccccc2)cs1,1.5240855
Nc1nc(-c2ccc(Cl)cc2)cs1,3.1565719
Cc1sc(N)nc1-c1ccccc1,2.736637
Nc1nc(-c2ccccc2)cs1,2.4851403
O=C(O)CSCC(=O)Nc1nc(-c2ccc(F)cc2)cs1,-0.077757835
CCC(c1nc2ccsc2c(=O)n1Cc1cscn1)N(CCCN)C(=O)c1ccc(C)cc1,0.33073413
Nc1cc2n[nH]c(=O)n2c2cc(-c3cccs3)ccc12,2.8702006
COc1cc2c(Nc3c(Cl)ccc4c3OCO4)ncnc2cc1OCCCN1CCCC1,2.1076078
CC(C)Oc1cc(OCCCN2CCCC2)cc2ncnc(Nc3c(Cl)ccc4c3OCO4)c12,2.9426446
NC(=O)c1ccc(O[C@@H]2C[C@@H]3CC[C@H](C2)N3Cc2ccccc2)cn1,1.5235479
CCN(c1ccnc(Nc2cc(N3CCOCC3)cc(N3CCOCC3)c2)n1)c1cc(CO)ccc1C,3.3454385
CN(c1cccc(CO)c1)c1ccnc(Nc2cc(N3CCOCC3)cc(N3CCOCC3)c2)n1,2.8859432
Cc1ccc(CO)cc1N(c1ccnc(Nc2cc(N3CCOCC3)cc(N3CCOCC3)c2)n1)C(C)C,3.5257363
CN(c1ccccc1)c1ccnc(Nc2cc(N3CCOCC3)cc(N3CCOCC3)c2)n1,3.455181
COc1ccc(C)c(N(C)c2ccnc(Nc3cc(N4CCOCC4)cc(N4CCOCC4)c3)n2)c1,3.666302
Cc1ccc(CO)cc1N(C)c1ccnc(Nc2cc(N3CCOCC3)cc(N3CCOCC3)c2)n1,3.2375507
COc1cc(CO)cc(N(C)c2ccnc(Nc3cc(N4CCOCC4)cc(N4CCOCC4)c3)n2)c1,2.9570115
COCCN(c1ccnc(Nc2cc(N3CCOCC3)cc(N3CCOCC3)c2)n1)c1cc(CO)ccc1C,3.0403132
O=C(Nc1ccc(Cl)c(S(=O)(=O)N2CCNCC2)c1O)Nc1cccc(F)c1Cl,2.2207668
CC1=C(C2=C(C)C(=O)c3c(cc(O)c(O)c3Cc3ccccc3)C2=O)C(=O)c2cc(O)c(O)c(Cc3ccccc3)c2C1=O,3.4987094
COc1ccc2ccc(=O)n(CCN3CCC(NCc4cc5c(cn4)OCCO5)CC3)c2n1,1.3361511
COc1cc(C(=O)NS(=O)(=O)c2ccccc2)ccc1Cn1ccc2ccc(C(=O)NCC3CCCC3)cc21,2.3189442
COc1ccnc(CSc2nc3ccccc3[nH]2)c1,2.8212166
Clc1cccc(-c2cnc3ccc(NC4CCOCC4)nn23)c1,3.3937774
Cc1cc(C)cc(-c2nnc(SCC(=O)N3CCN(C(=O)c4ccco4)CC3)o2)c1,2.933666
O=S(=O)(Nc1ncc(Cl)s1)c1cc(F)c(Oc2ccc(F)cc2-c2cn[nH]c2)cc1F,2.992849
CCNC(=O)Nc1nc2cc(-c3cccnc3)ccc2[nH]1,2.4408572
Cc1sc2c(c1C)C(c1ccc(Cl)cc1)=N[C@@H](CC(=O)OC(C)(C)C)c1nnc(C)n1-2,3.7549973
CCc1cc2c(s1)-n1c(C)nnc1CN=C2c1ccccc1Cl,2.7627594
Cn1c(Nc2ccc(C(F)(F)F)cc2)nc2cc(Oc3ccnc(-c4ncc(C(F)(F)F)[nH]4)c3)ccc21,4.15656
CCOc1cc(CC(=O)N[C@@H](CC(C)C)c2ccccc2N2CCCCC2)ccc1C(=O)O,2.1129608
COc1ncc(-c2ccc3nccc(-c4ccnnc4)c3c2)cc1NS(=O)(=O)c1ccc(F)cc1F,2.8864613
O=C(c1ccc(F)cc1)C1CCN(C(=O)NCc2ccccc2)CC1,3.2567108
O=c1[nH]c2c(O)ccc([C@@H](O)CNCCc3ccc(CNCCc4c(Cl)cccc4Cl)cc3)c2s1,2.070021
O=c1[nH]c2c(O)ccc([C@@H](O)CNCCc3ccc(CNCCc4ccccc4)cc3)c2s1,0.71900344
COc1ccccc1CCNCc1ccc(CCNC[C@H](O)c2ccc(O)c3[nH]c(=O)sc23)cc1,0.7112323
O=c1[nH]c2c(O)ccc([C@@H](O)CNCCc3ccc(CNCCc4ccccc4F)cc3)c2s1,1.0705655
CN(CCOc1ccc(C[C@H](Nc2ccccc2C(=O)c2ccccc2)C(=O)O)cc1)c1nc2ccccc2o1,2.9251933
CCn1cc(C(=O)O)c(=O)c2cc(F)c(N3CCNCC3)cc21,-1.1154296
CCn1cc(C(=O)O)c(=O)c2cc(F)c(N3CCNC(C)C3)c(F)c21,-0.94237494
CCCCCOC(=O)Nc1nc(=O)n([C@@H]2O[C@H](C)[C@@H](O)[C@H]2O)cc1F,0.4270494
Nc1ccn([C@@H]2O[C@H](CO)[C@@H](O)C2(F)F)c(=O)n1,-0.81794906
CCCCNc1nc(N)c2[nH]c(=O)n(Cc3ccc(OCCN(C)C)nc3)c2n1,1.6369526
CN1CCOc2nc(C#Cc3ccccc3)ccc21,3.6249692
C[C@@H](Oc1cc(-c2cnn(C3CCNCC3)c2)cnc1N)c1c(Cl)ccc(F)c1Cl,2.3868349
CCc1[nH]c2nc(Sc3cnc4ccc[n+]([O-])c4c3)nc(N3CC[C@@H](N)C3)c2c1Cl,2.2175171
O=S(=O)(Nc1ccc2[nH]c(-c3ccc(Br)o3)nc2c1)c1ccccc1,3.6049094
O=C(Nc1nnn[nH]1)c1cc(Oc2ccccc2)c2ccccn2c1=O,0.7350446
COc1ccc2ncc(=O)n(CCN3CC[C@H](NCc4cc5c(cn4)OCCO5)[C@H](O)C3)c2c1,0.65244675
COc1ccc2ncc(=O)n(CCN3CC[C@@H](NCc4cc5c(cn4)OCCO5)[C@@H](O)C3)c2c1,0.5372027
COc1ccc2ncc(=O)n(CCN3CC[C@@H](NCc4cc5c(cn4)OCCO5)[C@H](O)C3)c2c1,0.699075
COc1ccc2ncc(=O)n(CCN3CCC(NCc4cc5c(cn4)OCCO5)CC3)c2c1,0.7552614
COc1ccc2ncc(=O)n(CCN3CC[C@H](NCc4cc5c(cn4)OCCO5)[C@@H](OC)C3)c2c1,1.0255445
O=C(NCC12CC3CC(CC(C3)C1)C2)c1cc(N2CCNCC2)ccc1Cl,2.2961857
CC[C@H](C)C(=O)O[C@H]1C[C@H](O)C=C2C=C[C@H](C)[C@H](CC[C@@H](O)C[C@@H](O)CC(=O)O)[C@H]21,-0.7706754
CC[C@H](C)C(=O)O[C@H]1C[C@@H](C)C=C2C=C[C@H](C)[C@H](CC[C@@H](O)C[C@@H](O)CC(=O)O)[C@H]21,0.8462212
CCC(C)(C)C(=O)O[C@H]1C[C@@H](C)C=C2C=C[C@H](C)[C@H](CC[C@@H](O)C[C@@H](O)CC(=O)O)[C@H]21,1.3440849
N#CC1=C2C(=NC1=O)c1cccc3c(N4CCSCC4)ccc2c13,3.0326128
C[C@@H]1C2CCCC1(c1cccc(O)c1)CCN2C,1.0196271
O=C(COc1ccc(SCCCCCc2ccccc2)cc1)COc1ccc(C(=O)O)cc1,3.3499632
Cc1ccc(-c2cc(C(=O)N3CCOCC3)c3cc(C)ccc3n2)cc1,3.480553
Cc1cc(OCCCS(C)(=O)=O)cc(C)c1-c1cccc(COc2ccc3c(c2)OC[C@H]3CC(=O)O)c1,2.7788544
COc1cc2ncnc(Nc3cc(NC(=O)c4ccnc(N5CCOCC5)c4)ccc3C)c2cc1OCCN1CCCC1,2.6331782
CCC(c1nc2nccnc2c(=O)n1Cc1ccccc1)N(CCCN)C(=O)c1ccc(C)cc1,0.08982301
O=S(=O)(CCCNCCc1ccc(O)c2nc(O)sc12)NCCOCCSc1ccccc1,2.1847847
[O-][S+](c1ccccc1)c1ccc2nnnn2n1,0.264758
CC(Oc1c(Cl)cccc1Cl)C1=NCCN1,0.88800395
CC(C)C(NC(=O)Cn1c(-c2ccccc2)ccc(NC(=O)Cc2cccc(C(=O)O)c2)c1=O)C(=O)C(F)(F)F,0.73126304
CC(C)C(NC(=O)Cn1c(-c2ccccc2)ccc(NC(=O)Cc2ccccc2C(=O)O)c1=O)C(=O)C(F)(F)F,1.036521
CC(C)C(NC(=O)Cn1c(-c2ccccc2)ccc(NC(=O)Cc2ccc(C(=O)O)cc2)c1=O)C(=O)C(F)(F)F,0.88053274
O=C(O)C(c1ccccc1)N1CCO[C@@H](CN2CCC(Oc3ccc(Cl)c(Cl)c3)CC2)C1,2.2533524
Cn1cncc1-c1c2c(=O)n(CC3CC3)c(=O)n(CC3CC3)c2nn1Cc1ccnc2ccc(Cl)cc12,4.1111336
O=C(/C=C/Sc1nc[nH]n1)c1ccc(Cl)cc1,2.7668066
O=C(NCC12CC3CC(CC(C3)C1)C2)c1cc(-n2ncc(=O)[nH]c2=O)ccc1Cl,2.2054384
CN(C)CCC[C@@]1(c2ccc(F)cc2)OCc2cc(C#N)ccc21,1.5392408
CN(C)CCCC1(c2ccc(F)cc2)OCc2cc(C#N)ccc21,1.6046641
c1ccc(CC2NCCc3ccccc32)cc1,2.0201993
CC(C)Cn1c(=O)n(C)c(=O)c2c(C(=O)N3CC=CC3)c(Cc3ccccc3C(F)(F)F)sc21,3.4603891
NC1(c2ccc(-c3nn4cccc4cc3-c3ccccc3)cc2)CCC1,2.7063332
Fc1ccc([C@@H]2CCNC[C@H]2COc2ccc3c(c2)OCO3)cc1,1.9341232
C[C@@H](NC(=O)c1cccnc1Oc1ccccc1)c1ccccc1,3.2671957
C[C@H](NC(=O)c1cccnc1Oc1ccccc1)c1ccccc1,3.3155346
COc1ccc(OC)c(CNC(=O)c2cccnc2Oc2ccccc2)c1,3.4415114
COc1ccc(Oc2ncccc2C(=O)NCc2ccccc2Cl)cc1,3.5966835
O=C(NCc1ccccc1Cl)c1cccnc1Oc1ccccc1,3.561564
O=C(NCc1ccccc1)c1cccnc1Oc1ccccc1,3.342337
CC(=O)Nc1ccc2ccn(-c3cc(Nc4ccn(C)n4)n4ncc(C#N)c4n3)c2c1,3.1583028
