smiles,y
CCC(c1nc2ccn(C)c2c(=O)n1Cc1ccccc1)N(CCCN)C(=O)c1ccc(C)cc1,1.2184405
Cc1ccc(F)cc1S(=O)(=O)N[C@@H]1CCN(Cc2ccc(-c3ccccc3)cc2)C1,3.5261183
CCSc1c(Cc2ccccc2C(F)(F)F)sc2c1c(=O)n(C)c(=O)n2CC(C)C,4.121279
CC(C)Cn1c(=O)n(C)c(=O)c2c(SC(C)C)c(Cc3ccccc3C(F)(F)F)sc21,4.2279854
CC(C)Cn1c(=O)n(C)c(=O)c2c(C(=O)N(C)C)c(Cc3ccccc3C(F)(F)F)sc21,3.3744266
CC(C)Cn1c(=O)n(C)c(=O)c2c(SCCCO)c(Cc3ccccc3C(F)(F)F)sc21,3.7909513
CC1(C)NC(=O)N(c2ccc([N+](=O)[O-])c(C(F)(F)F)c2)C1=O,2.0561066
O=C(Nc1ccccc1-c1ccccc1)OC1CCN(CCCCCCCCCNC[C@H](O)c2ccc(O)c3[nH]c(=O)ccc23)CC1,1.6616809
O=c1[nH]cnc2[nH]ncc12,-0.6005969
Cc1occc(=O)c1OCc1ccccc1,1.9228077
Cc1occc(=O)c1OCc1ccc(F)cc1,2.1894424
O=c1ccnc2ccccn12,0.63483167
N#Cc1nc(N2CCOCC2)nc(N2CCOCC2)n1,1.3917606
c1cc2c(cc1-c1cnc3n1CCC3)OCCO2,2.3742888
CC(C)Nc1ccc2cnn(-c3cncc(-n4ccc(CC(=O)O)c4)n3)c2c1,0.6611937
Nc1ncnc2oc(-c3ccoc3)c(-c3ccco3)c12,2.6521492
COc1ccc(Cl)c(Nc2ncnc3cc(OCC4CCN(C)CC4)c(OC)cc23)c1,2.5323613
COc1cc2c(Nc3ccc(Cl)cc3F)ncnc2cc1OCC1CCNCC1,1.3823293
CC(=O)Nc1ccccn1,0.6734222
CCc1cc(C(N)=S)ccn1,0.84870243
Cc1ncc(CO)c(CO)c1O,-0.5774863
Cc1cc(C)nc(N)c1,1.1889541
CC(C)NNC(=O)c1ccncc1,-0.2578752
NNC(=O)c1ccncc1,-0.5461974
COc1ccc(-c2cccc3c(N)c4c(nc23)CN(C2CCC2)C4=O)c(C)n1,3.272643
COc1ncccc1-c1cccc2c(N)c3c(nc12)CN(C1CCC1)C3=O,2.9191427
CN(C)CCC[C@@]1(c2ccc(F)cc2)OCc2cc(C#N)ccc21,1.2998366
CN(C)CCCC1(c2ccc(F)cc2)OCc2cc(C#N)ccc21,1.3515944
O=[N+]([O-])c1ccc(C=NO)o1,0.5868218
CNC(=C[N+](=O)[O-])NCCSCc1ccc(CN(C)C)o1,-0.80494
COc1cc(-n2nnc3cc(-c4ccc(Cl)cc4)sc3c2=O)ccc1N1CC[C@@H](O)C1,2.9518268
CCOC(=O)c1ccc(OCCC2CN(c3ccc(C)nn3)C2)cc1,3.2674453
CN(C(=O)c1ccncc1)C1CCN(CCC(c2ccccc2)c2ccccc2)CC1,2.768456
COc1ccc2c(c1)C(c1ccccc1)=NC(NC(=O)c1ccccc1OC)C(=O)N2,3.3681612
Cc1ccc(S(=O)(=O)Nc2c(C(=O)N[C@@H](C)C(C)(C)C)c(C)nn2C2CCCCC2)cc1,2.373587
NC(=O)c1sc(-c2ccsc2)cc1NS(=O)(=O)c1ccc(C(F)(F)F)cc1,3.194825
Cc1ccc(NC(=O)c2ccc(C#N)cc2)cc1-n1cnc2ccc(N3CCN(C)CC3)cc2c1=O,2.256215
COc1cccc(C(=O)Nc2ccc(C)c(-n3cnc4ccc(N5CCN(C)CC5)cc4c3=O)c2)c1,2.6152754
Cc1ccc(NC(=O)c2ccccc2F)cc1-n1cnc2ccc(N3CCN(C)CC3)cc2c1=O,2.7710567
COc1ccccc1C(=O)Nc1ccc(C)c(-n2cnc3ccc(N4CCN(C)CC4)cc3c2=O)c1,2.6993299
Cc1nn(-c2ccc(F)cc2)c(NS(=O)(=O)c2cccnc2)c1C(=O)N[C@@H](C)C(C)(C)C,0.2082628
COc1cc(F)ccc1-c1cncc(CNCC2CC2)n1,1.5909698
Fc1cccc(-c2cncc(CNCC3CC3)n2)c1F,1.6922135
COc1ccc(Cc2c(N)n[nH]c2N)cc1,0.6528679
COc1ccc(N(C(=O)c2ccoc2Cl)C(C(=O)NC[C@@H](C)O)c2ccccc2F)c(OC)c1,2.7701943
COc1ncc(C)cc1-c1cccc2c(N)c(C(=O)NC3CC3)nnc12,3.0670776
COc1ccc(-c2c(F)ccc3c(N)c(C(=O)NC4CC4)nnc23)c(OC)n1,3.1641698
N=C(N)c1cc2c(-c3ccccc3)cccc2s1,1.5232315
CN1CCN(CC(=O)Nc2c(C#N)cnn2-c2ccccc2)CC1,-0.14127326
CS(=O)(=O)c1cccc(Nc2nccc(Nc3c(Cl)ccc4ccoc34)n2)c1,3.4372222
CS(=O)(=O)c1cccc(Nc2nccc(Nc3cccc4ccoc34)n2)c1,3.262401
CNc1c(Br)cnc2[nH]c(-c3ccnc(N)c3)nc12,2.2379494
C[C@H](CO)Nc1nc(SCc2cccc(F)c2F)nc2[nH]c(=O)cnc12,2.7362473
COC(=O)c1nc2c(N[C@H](C)CO)nc(SCc3cccc(F)c3F)nc2[nH]c1=O,2.775938
O=C(CSc1nc2c(c(=O)n1-c1ccccc1)SCC2)Nc1ncc(-c2ccccc2)s1,3.4925528
O=C(Oc1ccccc1O)c1cccc2ccccc12,3.4543786
c1ccc(CCNCc2ccccc2)cc1,1.618159
O=C(c1ccccc1)C(O)(CN1CCCCC1)c1ccccc1,2.8136144
COC[C@H](O)Cn1c(=O)cnn(-c2ccc(Cl)c(C(=O)NCC3(O)CCCCCC3)c2)c1=O,1.0431095
O=C(NCC1(O)CCCCCC1)c1cc(-n2ncc(=O)[nH]c2=O)ccc1Cl,0.24811232
COC[C@@H](O)Cn1c(=O)cnn(-c2ccc(Cl)c(C(=O)NCC3(O)CCCCCC3)c2)c1=O,1.3635142
C[C@@]1(c2cc(-c3cncnc3)c(F)cc2F)CCSC(N)=N1,1.0295032
c1cnc2cccnc2c1,0.8298383
COc1ccc2nc(C)cc(-n3cc(CN4CCN(C(C)=O)CC4)nn3)c2c1,1.5208993
COc1cc(Nc2cc(Nc3c(Cl)ccc4c3OCO4)ncn2)cc(OC)c1OC,3.1829023
Nc1cc2n[nH]c(=O)n2c2cc(-c3cccs3)ccc12,2.8299642
CC(C)(C)NC(=O)Nc1ccc(-c2c(N)nc(N)nc2COCc2ccccc2)cc1,2.9342458
O=C(O)CN1C(=O)C(NC(=O)c2cc3sc(Cl)c(Cl)c3[nH]2)Cc2ccccc21,0.95491683
COCCC(Oc1ncnc2c1cnn2-c1ccccc1C(F)(F)F)C(=O)Nc1ccc(C)cn1,3.5940228
COCC[C@H](Oc1ncnc2c1cnn2-c1ccccc1Cl)C(=O)Nc1ccc(C)cn1,3.2377138
O=C(CO)N1CCC[C@@H]1COc1cccc2ncnc(Nc3ccc(OCc4ccccn4)c(Cl)c3)c12,3.3124986
O=C(CO)N1CCC[C@H]1COc1cccc2ncnc(Nc3ccc(OCc4ccccn4)c(Cl)c3)c12,3.2142906
Cc1c(Sc2ccc(Cl)cc2)c2c(-c3cnccn3)cccc2n1CC(=O)O,1.3213518
Cc1ncc(-c2nc(Nc3ccc(C(=O)N4CC[C@@H](N(C)C)C4)cc3)ncc2F)n1C(C)C,2.0712168
CN[C@H]1CCN(C(=O)c2ccc(Nc3nccc(-c4cnc(C)n4C(C)C)n3)cc2)C1,1.285258
Cc1ncc(-c2nc(Nc3ccc(C(=O)N4CC[C@H](N(C)C)C4)cc3)ncc2F)n1C(C)C,2.142554
O=C(NCC12CC3CC(CC(C3)C1)C2)c1cc(CN2CCNCC2)ccc1Cl,1.647794
COc1cc2ncnc(N3CC[C@@H](Oc4cnc5ccccc5n4)C3)c2cc1OC,3.396575
COc1cc2c(Nc3ccc(Cl)cc3F)ncnc2cc1OCCn1cncn1,3.1593962
c1ccc([C@H]2CN3CCSC3=N2)cc1,0.72946787
O=C(NCCCCc1ccccc1)c1ccccc1,3.014137
CCN(C(=O)Cc1ccc(S(C)(=O)=O)cc1)C1CCN(CC[C@@H](c2cc(F)cc(F)c2)N2CCN(S(C)(=O)=O)CC2)CC1,1.8767657
CCN(C(=O)Cc1ccc(S(C)(=O)=O)cc1)C1CCN(CC[C@@H](c2ccccc2)N2CCN(S(=O)(=O)CC(F)(F)F)CC2)CC1,2.2569032
CCN(C(=O)Cc1ccc(S(C)(=O)=O)cc1)C1CCN(CC[C@@H](c2ccccc2)N2CCN(S(=O)(=O)C(F)(F)F)CC2)CC1,2.4840667
CC(C)(C)NS(=O)(=O)c1cncc(-c2ccc3nc(NC(=O)NCC(=O)N4CCCC4)nn3c2)c1,1.2157747
CN(C)C(=O)C(CCN1CCC(O)(c2ccc(Cl)cc2)CC1)(c1ccccc1)c1ccccc1,3.139782
O=C(CCc1ccccc1O)Nc1ccccc1,2.675476
O=C(CO)N1CCC(c2n[nH]c(-c3ccc(Cl)cc3)c2-c2ccncn2)CC1,1.9340883
CC(=O)Nc1ccc(O)cc1OC[C@@H](O)CN1CCC2(CC1)Cc1cc(Cl)ccc1O2,2.581071
CC(=O)Nc1ccc(O)cc1OC[C@@H](O)CN1CCC2(CC1)Cc1cc(F)ccc1O2,2.1423254
C[C@H](CO)Nc1nc(SCc2ccccc2)nc2[nH]c(=O)[nH]c12,3.1576552
CC(NCC(O)c1ccc([N+](=O)[O-])cc1)C12CC3CC(CC(C3)C1)C2,2.5994577
CC(C)C1NCCc2c1sc1ccccc21,2.5480907
Nc1nc(OC2CCCC2)nc2c1ncn2[C@@H]1O[C@H](CO)[C@H](Cl)[C@H]1O,2.032728
Nc1nc(OC2CCCC2)nc2c1ncn2[C@@H]1O[C@H](CF)[C@@H](O)[C@H]1O,1.4526095
Nc1nc(OC2CCCC2)nc2c1ncn2[C@@H]1O[C@H](CO)[C@@H](O)[C@H]1O,0.9519106
C[C@H]1O[C@@H](n2cnc3c(N)nc(OC4CCCC4)nc32)[C@H](O)[C@H]1Cl,3.0021296
CC(CCc1cccc(OCc2ccc3ccccc3n2)c1)CC(=O)O,2.383861
CCn1cc(C(=O)O)c(=O)c2cc(F)c(N3CCNCC3)nc21,-1.0089898
COc1ccc(Cc2nccc3cc(OC)c(OC)cc23)cc1OC,3.2009218
CC(C)C(NC(=O)Cn1c(-c2ccccc2)cc2c(O)nc(O)nc2c1=O)C(=O)C(F)(F)F,1.5311761
Cc1cc2n[nH]c(=O)n2c2cc(-c3ccco3)ccc12,3.3116975
Nc1cc2n[nH]c(=O)n2c2cc(-c3ccco3)ccc12,2.3752604
CN1CCC[C@H]1c1ccccn1,0.30152595
O=C(CC12CC3CC(CC(C3)C1)C2)Nc1cccc2nc(NCCNCCO)ccc12,2.1188812
O=C(CC12CC3CC(CC(C3)C1)C2)Nc1cccc2ncccc12,3.7222517
Cc1ccc2nc(CCNCCCO)ccc2c1NC(=O)CC12CC3CC(CC(C3)C1)C2,2.0538197
CC(N)Cc1c[nH]c2ccc(OCc3cccs3)cc12,0.8918934
C[C@H]1CN(Cc2nnc(-c3cc(-c4cccc5[nH]ccc45)cc4[nH]ncc34)o2)C[C@@H](C)O1,3.4716802
CC(=O)Nc1cccc(Nc2nc(NC3CC3)n3ncc(C#N)c3n2)c1,2.393393
O=C(NC1Cc2ccccc2N(CC(=O)N2CCC(O)CC2)C1=O)c1cc2cc(Cl)sc2[nH]1,2.962301
COc1nc(Br)cnc1NS(=O)(=O)c1ccc(Cl)s1,1.4877441
Cc1ccc(NC(=O)c2cccc(N3CCOCC3)c2)cc1NC(=O)c1ccc(OCc2ccccn2)cc1,3.3094144
CC(=O)Nc1ccc(CNc2[nH]nc3ccnc(Oc4ccccc4)c23)cc1,3.1856012
CCCN1CCN(c2ccc(C(=O)NC3(C(=O)NCC#N)CCCCC3)cc2)CC1,1.3401282
Cc1cc(Oc2ccnc(Nc3cccc(N4CCOCC4)c3)c2)c(-c2ccccn2)nc1C,3.4726439
N#CCNC(=O)[C@@H]1CCCC[C@H]1C(=O)N1CCN(c2ccccc2)CC1,1.739908
COc1ccc(N2CCN(C(=O)[C@@H]3CCCC[C@H]3C(=O)NCC#N)CC2)cc1,1.7483375
N#CCNC(=O)[C@@H]1CCCC[C@H]1C(=O)N1CCN(c2ccc(C#N)cc2)CC1,1.4204106
CS(=O)(=O)c1ccc(N2CCN(C(=O)[C@@H]3CCCC[C@H]3C(=O)NCC#N)CC2)cc1,0.7135992
N#CCNC(=O)[C@@H]1CCCC[C@H]1C(=O)N1CCN(c2ccc(F)cc2)CC1,1.9975294
Cc1c(-c2ccc3c(c2)OCO3)c(=O)n(C[C@H](N)c2ccccc2)c(=O)n1Cc1c(F)cccc1F,2.6850896
Cc1nc2ccccc2n1Cc1sc2c(c1C(=O)N1CC[C@@H](O)C1)c(=O)n(C)c(=O)n2CC(C)C,1.3601359
CNc1nc2ccccc2n1Cc1sc2c(c1C(=O)N1CC[C@@H](O)C1)c(=O)n(C)c(=O)n2CC(C)C,1.2402399
COc1ccccc1CN[C@H]1CCCN[C@H]1c1ccccc1,1.1988149
COc1ccc(OC(F)(F)F)cc1CN[C@H]1CCCN[C@H]1c1ccccc1,2.7640908
O=C1CCOc2nc(COc3ccccc3)ccc21,2.5132911
c1ccc(CSc2nc3cccnc3[nH]2)cc1,2.8290813
COc1cc2c(ccc(=O)n2CCN2CCC(NCc3cc4c(cn3)OCCO4)CC2)cn1,0.4285444
COc1ncc(-c2ccc3nccc(-c4ccnnc4)c3c2)cc1NS(=O)(=O)c1ccc(F)cc1F,2.6650996
CN(C)C(=O)N[C@H]1CC[C@H](CCN2[C@H]3CC[C@@H]2C[C@H](Oc2cccc(C(N)=O)c2)C3)CC1,0.462183
CN(C)C(=O)N[C@H]1CC[C@@H](CCN2[C@H]3CC[C@@H]2C[C@H](Oc2cccc(C(N)=O)c2)C3)CC1,0.32255638
c1ccc(-c2cc(NCCCCCCCCNc3cc(-c4ccccc4)nc4ccccc34)c3ccccc3n2)cc1,4.52606
Cc1c(Oc2ccc(S(C)(=O)=O)cc2F)ncnc1OC1CCN(C(=O)OC(C)C)CC1,3.4552495
c1ccc2[nH]c(-c3cscn3)nc2c1,2.1741602
C[C@H](NC(=O)Cc1cc(F)cc(F)c1)C(=O)NC1C(=O)N(C)c2ccccc2-c2ccccc21,3.6488276
COc1cc(CNc2nc3ccccc3[nH]2)cc(OC)c1OC,2.8536637
c1ccc(CNc2nc3ccccc3[nH]2)cc1,3.0670176
O=C1COC2(CCN(S(=O)(=O)c3ccc(-c4ccc5cccnc5c4)cc3)CC2)CN1C1CC1,3.2082276
Cc1nc2n(c(=O)c1CCN1CCC(c3noc4cc(F)ccc34)CC1)CCCC2,2.3900943
CC(C)C(NC(=O)Cn1c(-c2ccc(F)cc2)ncc(NC(=O)OCc2ccncc2)c1=O)C(=O)C(F)(F)F,1.9050376
Cc1ccc(S(=O)(=O)Nc2c(C(=O)NCc3ccccc3)cnn2-c2ccccc2)cc1,1.9183261
CC(C)(CCCCCOCCc1ccccc1)NCCc1ccc(O)c2nc(O)sc12,2.4065485
Oc1nc2c(O)ccc(CCNCCCCCCOCCc3ccccc3)c2s1,2.0252686
CNCCCC12CCC(c3ccccc31)c1ccccc12,1.4662074
CCOc1ccc(-c2cnc3n2CCCCC3)cc1,3.2331572
COc1cc(N2CCN(C)CC2)c2[nH]c(C(=O)Nc3ccc(N4CCOCC4)cc3)cc(=O)c2c1,2.155375
CN1CCN(c2cc(F)cc3c(=O)cc(C(=O)Nc4ccc(N5CCOCC5)cc4)[nH]c23)CC1,2.379891
NC1(c2ccc(-c3nn4ccc(=O)nc4cc3-c3ccccc3)cc2)CCC1,0.8073901
COc1cc2c(Nc3ncc(NC(=O)c4ccccc4)cn3)ncnc2cc1OCCCN1CCOCC1,2.6003194
Cn1sc(NC(=O)c2cccc(Cl)c2)nc1=O,1.2781518
Cn1sc(NC(=O)c2ccccc2)nc1=O,0.46157157
CN[C@@H](C)C(=O)N[C@H](C(=O)N1CC[C@H]2CC[C@H](NC(=O)c3cccc4ccccc34)[C@H]21)C(C)(C)C,2.4212286
CC(=O)Nc1cccc(Nc2ncnc(N3CCC(OCc4ccc(OC(F)(F)F)cc4)CC3)n2)c1C,4.0795317
C[C@H]1CN(C(=O)c2cc3c(C(=O)C(=O)N(C)C)cn(C)c3cc2Cl)[C@H](C)CN1Cc1ccc(F)cc1,3.2236438
NC(=O)c1nnn(-c2ccccc2)c1N,0.84324837
FC(F)(F)c1nnc2ccc(N3CCCC3)nn12,2.425228
CC(C)[C@H]1C(=O)N[C@H](CO)Cc2ccccc2N1C,2.2833865
Nc1nc2ccc(Cl)cc2c2nc(-c3ccco3)nn12,3.161406
COc1ccc(C(=O)C2CCN(C(=O)c3ccco3)CC2)cc1,2.2265575
Cc1ccn2c(-c3ccnc(N)n3)c(C)nc2c1,1.9636238
Cc1nc2ccc(Cl)cn2c1-c1ccnc(N)n1,2.3236318
O=C(N[C@@H](Cc1ccc(OCCNc2nc3ccccc3[nH]2)cc1)C(=O)O)c1c(Cl)cccc1Cl,0.14377594
O=C(Nc1nccs1)c1ccccc1,2.029666
CCN(CC)C(=O)c1ccc(C(c2cccc3cccnc23)N2CCNCC2)cc1,0.7222022
Nc1ccc(S(=O)(=O)N2CCCC2)cc1,0.8296323
C[C@@H]1CN(C(=O)OC(C)(C)C)CCN1c1ncc(OCc2ccc(S(C)(=O)=O)cn2)cn1,2.9164386
Nc1n[nH]c2ncc3c(c12)CCCCCC3,2.4185696
Cc1nc(Cl)c(Cl)n1Cc1sc2c(c1C(=O)N1CC[C@@H](O)C1)c(=O)n(C)c(=O)n2CC(C)C,1.4200742
O=S(=O)(NCC(c1ccccc1)N1CCCCCC1)c1cccnc1,1.9219515
CCc1cc(OCc2ccc(-c3ccccc3-c3nn[nH]n3)cc2)c2c(n1)CCCC2,2.9338214
N#Cc1ccc2[nH]c(-c3ccc(F)cc3)c(CCCC(=O)NS(N)(=O)=O)c2c1,1.9146824
CS(=O)(=O)NC(=O)CCCc1c(-c2ccc(F)cc2)[nH]c2ccc(C#N)cc12,1.5491705
Cc1c(-c2ccc(O)cc2)n(C)c2ccc(O)cc12,3.4046633
NC(=O)c1ccc(O[C@@H]2C[C@@H]3CC[C@H](C2)N3Cc2ccccc2)cn1,1.4136653
CN(CCCc1ccccc1)S(=O)(=O)c1cc(C(=O)N2CCc3ccc(S(=O)(=O)NCCc4ccccc4)cc3C2)c(O)c(O)c1O,1.1365969
O=C(NS(=O)(=O)c1ccc(NCCSc2ccccc2)c([N+](=O)[O-])c1)c1ccc(N2CCNCC2)cc1,0.10240722
CCO[C@@H]1OC(=O)C[C@@H]1NC(=O)[C@@H]1CCCN2C(=O)CC[C@H](NC(=O)c3nccc4ccccc34)C(=O)N12,1.150487
COc1cccc2c1c(NS(=O)(=O)c1ccc(Cl)s1)nn2Cc1cccc(CNC(=O)C(C)(C)O)c1,2.5098295
O=C(O)C(c1ccccc1)N1CCO[C@@H](CN2CCC(Oc3ccc(Cl)c(Cl)c3)CC2)C1,2.156144
CC[C@H](NC(=O)c1c([S+](C)[O-])c(-c2cccs2)nc2ccccc12)c1ccccc1,3.3318784
CC1=C(C(=O)O)N2C(=O)[C@@H](NC(=O)[C@H](N)c3ccc(O)cc3)[C@H]2SC1,-1.1143205
CC(=O)O[C@H]1CC[C@]2(C=O)[C@H]3CC[C@]4(C)[C@@H](C5=CC(=O)OC5)CC[C@]4(O)[C@@H]3CC[C@]2(O)C1,0.59716463
CN(c1ccnc(Nc2cccc(S(C)(=O)=O)c2)n1)c1cccc2[nH]ncc12,2.9700131
NS(=O)(=O)c1cccc(Nc2nccc(Nc3cccc4[nH]ncc34)n2)c1,2.4735687
CS(=O)(=O)c1cccc(Nc2nccc(Nc3cccc4[nH]ncc34)n2)c1,2.7172108
COc1ccc(NC(=O)CSc2nnc(C)n2-c2ccc(C)cc2)cc1,2.7098603
Cc1ccc(NC(=O)C2CC2)cc1-n1cnc2ccc(N3CCN(C)CC3)cc2c1=O,2.0006726
COC(=O)c1cccc(Cn2[nH]c(=O)c3[nH]c4cc(Cl)ccc4c(=O)c3c2=O)c1,1.5047017
CN(C)C(=O)Nc1ccc(Cn2[nH]c(=O)c3[nH]c4cc(Cl)ccc4c(=O)c3c2=O)cc1,1.181151
COC(=O)c1ccc(Cn2[nH]c(=O)c3[nH]c4cc(Cl)ccc4c(=O)c3c2=O)cc1,1.5247926
COC(=O)c1ccc(C(C)n2[nH]c(=O)c3[nH]c4cc(Cl)ccc4c(=O)c3c2=O)cc1,1.4412938
COCCNC(=O)c1cccc(Cn2[nH]c(=O)c3[nH]c4cc(Cl)ccc4c(=O)c3c2=O)c1,0.66165376
CC(C)(C)NC(=O)Nc1cccc(Cn2[nH]c(=O)c3[nH]c4cc(Cl)ccc4c(=O)c3c2=O)c1,2.0172935
C[C@H]1O[C@@H](n2cnc3c(N)nc(OC4CC5CC5C4)nc32)[C@H](O)[C@@H]1O,1.8781266
Cc1cnc(-c2cc(NC(=O)c3ccc(C(F)(F)F)nc3C)ccc2Cl)[nH]1,3.380683
NC(=O)c1cc(C(N)=O)n(-c2cccc(-c3cc(C(F)(F)F)ccc3C(F)(F)F)c2)n1,3.6383486
O=C(O)c1cccnc1N1CCC(CN2CCC(Oc3ccc(Cl)c(Cl)c3)CC2)CC1,2.0262642
Cc1ccc(S(=O)(=O)Nc2c(C(=O)N[C@@H](C)C(C)(C)C)c(C)nn2C2CCOC2)cc1,0.8778055
CN[C@@H](C)C(=O)N[C@H](C(=O)N[C@H]1C[C@@H]2CC[C@H]1N(CCc1ccccc1)C2)C1CCCCC1,1.8962857
CC(C)c1ncc(NC(=O)OCc2ccccc2)c(=O)n1CC(=O)NC(C(=O)C(F)(F)F)C(C)C,2.2508247
CC1(c2c(C(=O)NC3C4CC5CC(C4)CC3C5)cnn2-c2ccc(C(=O)O)cc2)CC1,1.3974192
CCCSc1c(C(=O)NC2CCCCC2)cnn1[C@H]1CC[C@H](C(=O)O)CC1,1.5104189
CCCSc1c(C(=O)NC2CCCCC2)cnn1[C@H]1CC[C@@H](C(=O)O)CC1,1.4119947
CCCSc1ncccc1C(=O)N(C)[C@H]1[C@H]2CC3C[C@@H]1C[C@](O)(C3)C2,2.570024
CCCSc1ncccc1C(=O)N(C)[C@@H]1[C@H]2CC3C[C@@H]1C[C@](O)(C3)C2,2.6620905
CCCSc1nc(NC)ccc1C(=O)N[C@H]1C2CC3CC1C[C@](O)(C3)C2,2.8570752
CCCSc1ncccc1C(=O)N[C@H]1[C@H]2CC3C[C@@H]1C[C@](O)(C3)C2,2.3912838
CCN(C(=O)Cc1ccc(S(C)(=O)=O)cc1)C1CCN(CCC(c2ccccc2)N2CCC(C(C)=O)CC2)CC1,1.1977799
O=C1C2CCC(N2)C(=O)N1Cc1ccccc1,1.513767
CN(CCOc1ccccc1-c1cc(C(N)=O)c(NC(N)=O)s1)Cc1ccccc1,2.9524324
O=C(NC[C@@H](O)CN1CCC(Oc2ccc(Cl)c(Cl)c2)CC1)c1cnnc2ccccc12,3.4929
Clc1ccc2c(c1)C(N1CCNCC1)=Nc1ccccc1O2,1.9611143
CN1CCN(C2=Nc3ccccc3Oc3ccc(Cl)cc32)CC1,3.247896
Cn1c(=O)c(Oc2ccc(F)cc2F)cc2cnc(NC3CCOCC3)nc21,2.7500913
Cc1ncc([N+](=O)[O-])n1CCO,-0.18365836
COc1cc(F)ccc1-c1cncc(CNC2CCC2)n1,2.070641
Cc1nccc(-c2ccc(-c3nc4ccncc4c(O)c3C#N)cc2)c1Cl,1.9719555
Cc1cc(-c2ccc(-c3nc4ccncc4c(O)c3C#N)cc2)ccn1,1.5512294
CC(C)(C)OC(=O)N1CCC(OCc2nc(-c3ccncc3)no2)CC1,2.892728
C1=CCC(c2cc3ccccc3o2)CNC1,1.2083166
CN1CC=CCC(c2cc3ccccc3o2)C1,2.2290049
Cc1cc(COc2ccc(NC(=O)[C@@H]3[C@@H](C(=O)NO)CCCN3C)cc2)c2ccccc2n1,1.9985778
Cc1cc(OCCCS(C)(=O)=O)cc(C)c1-c1cccc(COc2ccc3c(c2)OC[C@H]3CC(=O)O)c1,2.6851294
CCCCCSc1nc(O)c2sc(N)nc2n1,2.0276003
CC(C)[C@@H](CN1CCCCC1)N(C)C(=O)Cc1ccc(Cl)c(Cl)c1,3.0054598
O=C(Nc1cccc(Cl)c1)c1ccccn1,3.0274782
Nc1ccccc1NC(=O)c1ccccn1,1.3022645
CN[C@@H](C)C(=O)N[C@H](C(=O)N[C@H]1CCCN(CCc2ccccc2)C1)C1CCCCC1,1.9073703
CN[C@@H](C)C(=O)N[C@H](C(=O)N(C)[C@H]1CCCN(CCc2ccccc2)C1)C1CCCCC1,2.0416944
CN[C@@H](C)C(=O)N[C@H](C(=O)N[C@H]1CCCN(CCc2ccccc2F)C1)C1CCCCC1,2.107489
CN[C@@H](C)C(=O)N[C@H](C(=O)N[C@H]1CCCN(CCc2ccc(F)cc2)C1)C1CCCCC1,2.13537
CN[C@@H](C)C(=O)N[C@H](C(=O)N[C@H]1CCCN(CCc2cccc(F)c2)C1)C1CCCCC1,2.135373
N#CC1(NC(=O)[C@@H]2CCCC[C@H]2C(=O)N2CCN(c3nc4ncccc4s3)CC2)CC1,1.6496899
CO[C@H]1/C=C/O[C@@]2(C)Oc3c(C)c(O)c4c(O)c(cc(O)c4c3C2=O)NC(=O)/C(C)=C\C=C\[C@H](C)[C@H](O)[C@@H](C)[C@@H](O)[C@@H](C)[C@H](OC(C)=O)[C@@H]1C,1.149399
Nc1nc(Cl)nc(NCc2ccccc2)n1,2.2238734
COc1ccccc1N1CCN(CCN(C(=O)C2CCCCC2)c2ccccn2)CC1,3.3496873
CC(C)c1nnc2ccc(-c3ocnc3-c3cc(F)ccc3F)cn12,3.4602263
Cc1nc(-c2ccccn2)nc(N2CCCC2)c1Cl,2.9043393
O=C(c1cc(Cc2n[nH]c(=O)c3ccccc23)ccc1F)N1CCN(C(=O)C2CCOC2)CC1,1.0674922
Cc1nsc(C)c1CCC1CCN(S(=O)(=O)CC2(N(O)C=O)CCOCC2)CC1,1.5829526
CC(C)(C(N)=O)C(=O)NCCCNc1nc(Nc2cccc(NC(=O)N3CCCC3)c2)ncc1Br,2.1561422
O=C1Nc2ccc(S(=O)(=O)N3CCC[C@H]3CNc3ccccc3)cc2C1=O,2.6568735
CCOc1ccc(-n2c([C@@H](C)N(CC3CCN(C)CC3)C(=O)Cc3ccc(F)c(C(F)(F)F)c3)nc3ncccc3c2=O)cc1,2.2201238
O=CNc1cc([C@@H](O)CNCCc2ccc(NC[C@H](O)c3ccccc3)cc2)ccc1O,0.30130005
O=C1CN(N=Cc2ccc(-c3ccc([N+](=O)[O-])cc3)o2)C(O)=N1,1.3524628
O=C(Nc1ccc(Cl)c(Cl)c1)N1CCN(C[C@@H]2CCCN(Cc3ccccc3)C2)CC1,3.4636722
Cc1ccc(C(=O)Nc2ccon2)cc1-n1cnc2ccc(N3CCN(C)CC3)cc2c1=O,1.9145216
Cc1nnc(C)c2cc(N3CCN(C(=O)[C@@H]4CCCC[C@H]4C(=O)NC4(C#N)CC4)[C@H](C)C3)ccc12,2.1252537
COc1ccc(CN2CCc3c([nH]c4ccccc34)C2)cc1OC,3.1319783
Cc1ccc(CO)cc1N(C)c1ccnc(Nc2cc(N3CCOCC3)nc(N3CCOCC3)n2)n1,3.246861
COc1cc(C)c(S(=O)(=O)N(C)CCOCC(=O)N2CCN(C3CCN(C)CC3)CC2)c(C)c1,-0.22929382
COc1cc2ncnc(Nc3cc(NC(=O)c4ccnc(N5CCOCC5)c4)ccc3C)c2cc1OCCN1CCCC1,2.645054
CCCc1c(C(=O)Nc2cc(C)on2)cnn1-c1ccccc1,3.36926
Cc1[nH]c(/C=C2\C(=O)Nc3ccc(F)cc32)c(C)c1C(=O)NC[C@H](O)CN1CCOCC1,2.3953326
COc1ccc(NC(=O)c2ccnc(N)n2)cc1,1.7942082
Oc1ncc(NCc2ccccc2)c(O)n1,0.9252671
NC1(C(=O)NC(c2ccccc2)c2ccc(Cl)cc2)CCN(c2ncnc3[nH]ccc23)CC1,3.4687316
CN(C(=O)C1CCC1)C1CCN(CCC(c2ccccc2)c2ccccc2)CC1,3.2895777
CO[C@@H](C(=O)N1Cc2n[nH]c(NC(=O)c3ccc(N4CCN(C)CC4)cc3)c2C1)c1ccccc1,1.7990301
O=c1nc(NCc2ccccc2)sn1Cc1ccccc1,3.0560784
CNC(=O)c1ccccc1Sc1ccc2c(/C=C/c3ccccn3)n[nH]c2c1,3.4525976
CN[C@@H](C)C(=O)N[C@H](C(=O)N[C@H]1CCCN(CCc2ccccc2)C1)C(C)(C)C,1.3510942
CN[C@@H](C)C(=O)N[C@H](C(=O)N[C@H]1CCCN(CCc2ccc(OC)cc2)C1)C(C)(C)C,1.3668865
CN[C@@H](C)C(=O)N[C@H](C(=O)N[C@H]1CCCN(CCc2cccc(OC)c2)C1)C(C)(C)C,1.3696198
CN[C@@H](C)C(=O)N[C@H](C(=O)N[C@H]1CCCN(CCc2ccc(O)cc2)C1)C(C)(C)C,1.1265777
CN[C@@H](C)C(=O)N[C@H](C(=O)N[C@H]1CCCN(CCc2ccc(C)cc2)C1)C(C)(C)C,1.7613757
CN[C@@H](C)C(=O)N[C@H](C(=O)N[C@H]1CCCN(CCc2ccc(Br)cc2)C1)C(C)(C)C,2.237223
CN[C@@H](C)C(=O)N[C@H](C(=O)N[C@H]1CCCN(CCc2ccc(F)cc2)C1)C(C)(C)C,1.6067919
CN[C@@H](C)C(=O)N[C@H](C(=O)N[C@H]1CCCN(CCc2ccccc2OC)C1)C(C)(C)C,1.3446314
CN[C@@H](C)C(=O)N[C@H](C(=O)N[C@H]1CCCN(CCc2ccc([N+](=O)[O-])cc2)C1)C(C)(C)C,1.4257724
CN[C@@H](C)C(=O)N[C@H](C(=O)N[C@H]1CCCN(CCc2ccc(C(F)(F)F)cc2)C1)C(C)(C)C,2.4393637
Cc1ccc(-c2cccc([S@]3(=O)=NC(=O)[C@H](C)N3)c2)cc1,1.309406
C[C@@H]1N[S@](=O)(c2cccc(-c3cccc(C#N)c3)c2)=NC1=O,0.58298147
CC1(C)Oc2ncnc(N)c2N=C1c1ccc([C@H]2CC[C@H](CC(=O)O)CC2)cc1,1.4611492
COC(=O)c1c(O)cccc1OC/C=C/c1ccc(F)c(-c2cc(C(=O)O)no2)c1,0.86231077
Cn1c(N)nc(CCc2cccc(-c3ccccc3)c2)cc1=O,3.2109165
CCOC(=O)c1ccc(OCCC2CN(c3ccc(C)nn3)CCO2)cc1,3.1105924
c1ccc2c(OCC3=NCCN3)cccc2c1,0.8875408
COc1cc(CCc2cc(Nc3ccnc(NCc4cc(C)no4)n3)n[nH]2)cc(OC)c1,3.4913564
Cc1cc(CNc2nccc(Nc3cc(CCc4ccccc4)[nH]n3)n2)on1,3.4567027
CCN1C(=O)N(C)c2cnc(Nc3ccc(C(=O)NC4CCN(C)CC4)cc3OC)nc2N1C1CCCC1,2.3870003
Cc1ccc(COC(=O)N2CCC(CNc3ncccn3)CC2)cc1,3.405126
Cc1ccc(COC(=O)N2CC[C@H](CNc3ncccn3)[C@H](F)C2)cc1,3.5035148
COc1ccc(COC(=O)N2CCC(CNc3ncccn3)CC2)cc1,3.111006
Cc1cc(CCCOc2c(C)cc(-c3noc(C(F)(F)F)n3)cc2C)on1,3.74703
Cc1ccc(NC(=O)c2ccnc(N3CCOCC3)c2)cc1NC(=O)c1ccc(OCc2ccccn2)cc1,3.14719
O=C(NCc1ccncn1)c1ccc(Oc2ccc(C#C[C@@]3(O)CN4CCC3CC4)cc2)cc1,1.8098264
O=C(NCc1ccncn1)c1ccc(Oc2ccc(C#C[C@]3(O)CN4CCC3CC4)cc2)cc1,1.7745743
COc1ccccc1CNC(=O)c1ccc2cnccc2n1,2.4991872
O=c1cc(N2CCOCC2)oc2c(-c3cccc4c5c(sc34)CCCC5)cccc12,4.131253
C[C@]12CC[C@H]3[C@@H](C=CC4=CC(=O)CC[C@@]43C)[C@@H]1CC[C@@]21CCC(=O)O1,3.560565
COc1cc(N2CCN(CCO)CC2)ccc1Nc1ncc(Cl)c(-c2cnc3ccccn23)n1,3.170311
COc1cc(N2CCN(C(C)=O)CC2)ccc1Nc1ncc(Cl)c(-c2cnc3c(C)cccn23)n1,3.4643095
COc1cc(N2CCN(CCS(C)(=O)=O)CC2)ccc1Nc1ncc(Cl)c(-c2cnc3ccccn23)n1,3.374496
COc1cc(N2CCN(C(C)=O)CC2)ccc1Nc1ncc(Cl)c(-c2cnc3ccc(N(C)C)cn23)n1,3.4048731
COc1cc(N2CCN(C(C)=O)CC2)ccc1Nc1nccc(-c2cnc3ccccn23)n1,3.007175
COc1cc(N2CCN(C(N)=O)CC2)ccc1Nc1ncc(Cl)c(-c2cnc3ccccn23)n1,3.2055807
COc1cc(N2CCN(C(C)=O)CC2)ccc1Nc1ncc(Cl)c(-c2cnc3c(F)cccn23)n1,3.4337564
COc1cc(N2CCN(C(C)=O)CC2)ccc1Nc1ncc(Cl)c(-c2cnc3cc(Cl)ccn23)n1,3.6351843
COc1cc(N2CCN(C(C)=O)CC2)ccc1Nc1ncc(C(F)(F)F)c(-c2cnc3ccccn23)n1,3.6337562
COc1cc(N2CCN(C(C)=O)CC2)ccc1Nc1ncc(Cl)c(-c2cnc3c(OC)cccn23)n1,3.3432367
COc1cc(N2CCN(C(C)=O)CC2)ccc1Nc1ncc(Cl)c(-c2cnc3c(F)cc(F)cn23)n1,3.5357084
COc1cc(N2CCN(C(C)=O)CC2)ccc1Nc1ncc(C)c(-c2cnc3ccccn23)n1,3.154512
CC(=O)N1CCN(c2ccc(Nc3nccc(-c4cnc5ccccn45)n3)cc2)CC1,3.068781
COc1cc(N2CCN(C(C)=O)CC2)ccc1Nc1ncc(Cl)c(-c2cnc3cc(CO)ccn23)n1,2.948439
COc1cc(N2CCN(C(C)=O)CC2)ccc1Nc1ncc(C#N)c(-c2cnc3ccccn23)n1,2.8020902
COc1cc(N2CCN(C(C)=O)CC2)ccc1Nc1ncc(OC)c(-c2cnc3ccccn23)n1,3.1337276
COc1cc(N2CCN(C(C)=O)CC2)ccc1Nc1ncc(Cl)c(-c2cnc3cc(C)ccn23)n1,3.5300815
COc1cc(N2CCN(C(C)=O)CC2)ccc1Nc1ncc(Cl)c(-c2cnc3cc(F)ccn23)n1,3.469264
COc1cc(N2CCN(C(C)=O)CC2)ccc1Nc1ncc(Cl)c(-c2cnc3cc(C#N)ccn23)n1,3.1633646
COc1cc(N2CCN(C(C)=O)CC2)ccc1Nc1ncc(Cl)c(-c2cnc3c(N)cccn23)n1,3.0919805
COc1cc(N2CCN(C(C)=O)CC2)ccc1Nc1ncc(Cl)c(-c2cnc3c(CO)cccn23)n1,2.9521666
COc1cc(N2CCN(C(C)=O)CC2)ccc1Nc1ncc(Br)c(-c2cnc3ccccn23)n1,3.3530092
COc1cc(N2CCN(C(C)=O)CC2)ccc1Nc1ncc(Cl)c(-c2cnc3ccccn23)n1,3.3701634
COc1cc(N2CCNCC2)ccc1Nc1ncc(Cl)c(-c2cnc3ccccn23)n1,2.0599174
Nc1nnc(-c2cccc(Cl)c2Cl)c(N)n1,1.5565743
COc1cc(C(=O)NS(=O)(=O)c2ccccc2)ccc1Cn1ncc2ccc(NC(=O)CC3CCCC3)cc21,1.8326132
Cn1cc(-c2ccc(O)cc2)c(=O)c2c(O)cc(O)cc21,2.366602
CC(C)C[C@H](NC(=O)N1CCOCC1)C(=O)NCC#N,0.57032144
O=C(O)c1ccc(CN2CCC(CN3CCC(Oc4ccc(Cl)c(Cl)c4)CC3)CC2)cc1,1.3243139
O=C(O)c1cccc(CN2CCC(CN3CCC(Oc4ccc(Cl)c(Cl)c4)CC3)CC2)c1,1.3215915
O=C(O)[C@@H](c1ccccc1)N1CCC(CN2CCC(Oc3ccc(Cl)c(Cl)c3)CC2)CC1,2.2887878
O=C(O)c1ccccc1CN1CCC(CN2CCC(Oc3ccc(Cl)c(Cl)c3)CC2)CC1,1.7208678
O=C(O)C(c1ccccc1)N1CCC(CN2CCC(Oc3ccc(Cl)c(Cl)c3)CC2)CC1,2.0504098
C[C@H]1C[C@@H](NS(=O)(=O)c2cc(Br)ccc2Br)CN1C#N,2.5950193
CN1CCC(=C2c3ccccc3C=Cc3ccccc32)CC1,2.8741302
Cc1cc2n[nH]c(=O)n2c2cc(-c3cccnc3)ccc12,2.879274
O=C(NCCN1CCCC1)c1ccc(Nc2ncc3cc(-c4ccncc4)ccc3n2)cc1,2.1717832
COc1cccc(/C=C2\SC(=O)NC2=O)c1N1CCC[C@@H](N)C1,1.0709076
CCOc1cccc(/C=C2\SC(=O)NC2=O)c1N1CCC[C@@H](N)C1,1.5418023
N[C@@H]1CCCN(c2c(Cl)cccc2/C=C2\SC(=O)NC2=O)C1,1.8586837
O=C(O)c1ccc(-n2ncc(C(=O)NC3C4CC5CC(C4)CC3C5)c2C2CCC2)cc1,1.7089742
CC(c1ccsc1)n1[nH]c(=O)c2[nH]c3cc(Cl)ccc3c(=O)c2c1=O,0.9806143
O=c1[nH]n(Cc2ccsc2)c(=O)c2c(=O)c3ccc(Cl)cc3[nH]c12,1.0609344
O=C(O)c1[nH]c2ccccc2c1CCCOc1cccc2ccccc12,2.8163245
Cn1c(C(=O)O)c(CCCOc2cccc3ccccc23)c2ccccc21,2.7315326
C[C@@H](C(=O)NCCN1CCCC1)c1ccc(OS(=O)(=O)C(F)(F)F)cc1,1.1956089
CCC[C@@H](CN1CCCC1)N(C)C(=O)Cc1ccc(Cl)c(Cl)c1,2.6257062
Cc1c(Sc2ccc(Cl)cc2)c2cc(-c3ccccc3)ccc2n1CC(=O)O,2.7901793
N#Cc1cnn2c(NC3CC3)cc(-n3ccc4ccc(CO)cc43)nc12,2.8391204
CS(=O)(=O)Cc1ccc2ccn(-c3cc(NC4CC4)n4ncc(C#N)c4n3)c2c1,2.9280934
CC(=O)Nc1cc2c(ccn2-c2cc(NC3CC3)n3ncc(C#N)c3n2)cc1C,3.1381066
CC(=O)Nc1ccc2ccn(-c3cc(NC4CC4)n4ncc(C#N)c4n3)c2c1,2.8970385
CC(=O)N(C)c1ccc2ccn(-c3cc(NC4CC4)n4ncc(C#N)c4n3)c2c1,2.9398823
CNCc1ccc(-c2[nH]c3cc(F)cc4c3c2CCNC4=O)cc1,0.7897618
Cc1nc(C(=O)N2CCOC3(CCN(Cc4ccc(Cl)cc4)CC3)C2)cs1,1.5118498
N#CC1(NC(=O)[C@@H]2CCCC[C@H]2C(=O)N2CCc3[nH]c4ncccc4c3C2)CC1,1.5953462
Cc1nc(C)c(-c2ccc(C34CCC(CC(=O)O)(CC3)CC4)cc2)nc1C(N)=O,1.3157713
Cc1nc(C)c(-c2ccc(C34CCC(C(=O)O)(CC3)CC4)cc2)nc1C(N)=O,1.4677234
Cc1oc(-c2ccccc2)cc1C(=O)Nc1cccc(C(=O)O)c1,1.5592095
O=C(N[C@@H](Cc1ccccc1)[C@@H](O)C(=O)N1C[C@H](O)[C@H](O)C1)c1cc2cc(Cl)ccc2[nH]1,2.7154884
CN[C@@H](C)C(=O)N[C@H](C(=O)N[C@H]1CCN(CCc2ccccc2)C1)C1CCCCC1,1.598653
CCC(c1nc2ccsc2c(=O)n1Cc1ccccc1)N(CCCN)C(=O)c1ccc(C)nc1,0.683988
N#Cc1c(-c2ccc(-c3ccccc3C(F)(F)F)cc2)nc2ccncc2c1O,3.2797024
CCOc1ccccc1-c1ccc(-c2nc3ccncc3c(O)c2C#N)cc1,2.7657967
CCc1ccccc1-c1ccc(-c2nc3ccncc3c(O)c2C#N)cc1,2.9777408
N#Cc1c(-c2ccc(-c3ccccc3OC(F)(F)F)cc2)nc2ccncc2c1O,3.4309335
O=C(NCC12CC3CC(CC(C3)C1)C2)c1cc(OCCCNCCCO)ccc1Cl,1.7382231
COc1ccc(Cl)c(C(=O)NCC23CC4CC(CC(C4)C2)C3)c1,3.9089088
O=C(NCC12CC3CC(CC(C3)C1)C2)c1cccc(Cl)c1Cl,4.0780697
Cc1ccccc1C(=O)NCC12CC3CC(CC(C3)C1)C2,3.893442
O=C(NCC12CC3CC(CC(C3)C1)C2)c1ccccc1,3.6411161
COc1ccccc1C(=O)NCC12CC3CC(CC(C3)C1)C2,3.710434
CN(C)C[C@H](O)Cc1ccc(Cl)c(C(=O)NCC23CC4CC(CC(C4)C2)C3)c1,2.1417294
CNC[C@H](O)c1ccc(Cl)c(C(=O)NCC23CC4CC(CC(C4)C2)C3)c1,1.1518064
O=C(O)CNCCNc1ccc(Cl)c(C(=O)NCC23CC4CC(CC(C4)C2)C3)c1,1.4969249
Nc1cccc(C(=O)NCC23CC4CC(CC(C4)C2)C3)c1Cl,3.149571
O=C(NCC12CC3CC(CC(C3)C1)C2)c1ccccc1Br,3.9259644
O=C(NCC12CC3CC(CC(C3)C1)C2)c1ccccc1Cl,3.8901875
Nc1ccc(Cl)c(C(=O)NCC23CC4CC(CC(C4)C2)C3)c1,3.283732
Cc1cc2c(s1)Nc1ccccc1N=C2N1CCN(C)CC1,3.1466465
CC1=C(C2=C(C)C(=O)c3c(cc(O)c(O)c3Cc3ccccc3)C2=O)C(=O)c2cc(O)c(O)c(Cc3ccccc3)c2C1=O,3.078009
CCCC1CCCCC(N)=N1,0.64418125
CCC(CC)NC(=O)c1cn(-c2ccccc2)nc1NS(=O)(=O)c1ccc(C)cc1,2.0438328
N=C(N)NC(=O)c1nc(Cl)c(NCc2ccncc2)nc1N,-0.34080434
O=C(CCS(=O)(=O)c1ccc(Br)cc1)NCc1ccc(F)cc1,2.8855104
Clc1ccc2c(c1Nc1ncnc3cc(OCCN4CCCC4)cc(OC4CCOCC4)c13)OCO2,2.5697725
O=C(O)C[C@H](O)C[C@H](O)/C=C/c1c(C2CC2)nc2ccccc2c1-c1ccc(F)cc1,0.669407
Nc1nc(-c2ccccc2)nc2c1nc(O)n2Cc1ccccc1,3.3242102
CCOC(=O)c1c(C)n(Cc2ccco2)c2ccc(O)cc12,3.2882671
CCOC(=O)Nc1cccc([C@@H](c2ccc(C(=O)N3CCC3)cc2)N2CCN(Cc3cccnc3)CC2)c1,2.3980258
Nc1ncnc2c1ncn2[C@@H]1O[C@H](CSCCCNC(=O)Nc2ccc(Cl)cc2)[C@@H](O)[C@H]1O,2.0985148
CC(C)c1ccc(NC(=O)NCCCSC[C@H]2O[C@@H](n3cnc4c(N)ncnc43)[C@H](O)[C@@H]2O)cc1,2.4885204
Nc1ncnc2c1ncn2[C@@H]1O[C@H](CSCCCNC(=O)Nc2ccccc2)[C@@H](O)[C@H]1O,1.3086128
Cc1cnc(NC(=O)Cc2ccccc2)s1,2.7375093
O=C(Cc1ccccc1)Nc1nccs1,2.2767818
CCN(CC)CCOCCOC(=O)C1(c2ccccc2)CCCC1,1.8410608
CCN(CC)CCOC(=O)C1(c2ccccc2)CCCC1,2.1909163
CN1CCN(c2cc3c(Nc4ccc(F)cc4F)c(C(N)=O)cnc3cc2F)CC1,2.562885
COc1cc2ncc(C(N)=O)c(Nc3ccc(F)cc3F)c2cc1N1CCN(C)CC1,2.4048088
COCCOc1cc2ncc(C(N)=O)c(Nc3ccc(C)cc3F)c2cc1N1CCN(C)CC1,2.640737
CN1CCN(c2ccc3ncc(C(N)=O)c(Nc4ccc(F)cc4F)c3c2)CC1,2.3762934
CN1CCN(c2ccc3ncc(C(N)=O)c(Nc4ccc(Cl)cc4Cl)c3c2)CC1,3.0469315
Nc1nc(N)c2nc(-c3ccccc3)c(N)nc2n1,1.2146418
O=C(CSc1ccccc1)N1CCN(c2ccccc2)CC1,3.0958457
C[C@@H](Oc1cccc2ncnc(Nc3ccc4c(cnn4Cc4ccccn4)c3)c12)C(=O)N(C)C,2.9530098
COc1ccccc1N1CCN(Cc2c(Br)c(=O)n(-c3ccccc3)n2C)CC1,2.3050442
N#Cc1cccc(COc2ccc3c(c2)OCCC3=O)c1,2.965064
O=C1CCOc2cc(OCc3cccc(F)c3)ccc21,3.2891011
COc1cc(OC)c(S(=O)(=O)N2c3ccccc3CCC2C)cc1NC(=O)CSc1ccncc1,2.7411993
CCN(CC)C(=O)c1ccc(C(=C2CCNCC2)c2ccccc2)cc1,0.7888112
CCN(CC)C(=O)c1ccc(C(=C2CCNCC2)c2ccc(Cl)c(Cl)c2)cc1,2.0972064
CCN(CC)C(=O)c1ccc(C(=C2CCNCC2)c2ccccc2OC)cc1,0.7212374
CCN(CC)C(=O)c1ccc(C(=C2CCNCC2)c2cccc(C(F)(F)F)c2)cc1,1.7326111
Clc1ccc2[nH]ccc2c1,2.960737
CCc1cccc2c(C#N)cn(CC(=O)NCCOC)c12,1.7268552
CC(C)NCC(O)COc1cccc2[nH]ccc12,0.004954338
NC(Cc1c[nH]c2ccccc12)C(=O)O,-0.9288237
O=C(O)CSc1c[nH]c2ccccc12,-0.912586
NCCCCCc1c[nH]c2ccc(F)cc12,0.80530965
N[C@H](Cc1c[nH]c2ccccc12)C(=O)O,-0.6914706
CNS(=O)(=O)Cc1ccc2[nH]cc(CCN(C)C)c2c1,0.0022845268
N[C@@H](Cc1c[nH]c2ccccc12)C(=O)O,-0.92119193
CN(C)CCCNS(=O)(=O)c1ccc(Nc2nccc(-c3cnc4ccccn34)n2)cc1,1.5447993
CN(C)CCCN(C)S(=O)(=O)c1ccc(Nc2nccc(-c3cnc4ccccn34)n2)cc1,1.4846034
CN(C)CCNS(=O)(=O)c1ccc(Nc2nccc(-c3cnc4ccccn34)n2)cc1,1.7801858
Cc1nc2ccccn2c1-c1ccnc(Nc2cccc(Cl)c2)n1,3.6135392
COCCCNS(=O)(=O)c1ccc(Nc2nccc(-c3cnc4ccccn34)n2)cc1,2.978835
COc1cc(C(CO)CO)ccc1Nc1ncc(Cl)c(-c2cnc3ccccn23)n1,2.8786163
NS(=O)(=O)c1ccc(Nc2nccc(-c3cnc4ccccn34)n2)cc1,2.4317288
COc1ccc(N(C(=O)c2ccccc2)C(C)C(=O)NC2CCCC2)c(OC)c1,2.9992256
COCCNCc1cccc(CCNC[C@H](O)c2ccc(O)c3[nH]c(=O)sc23)c1,-0.5069959
COCCNCc1ccc(CCNC[C@H](O)c2ccc(O)c3[nH]c(=O)sc23)cc1,-0.49988794
CC(C)C(NC(=O)Cn1c(-c2ccccc2)ccc(NC(=O)CN2C(=O)CCC2=O)c1=O)C(=O)C(F)(F)F,1.3594563
O=c1cc(O)oc2c1c(=O)n(Cc1ccccc1)c1ccccc21,1.8135116
CC(C)CNCc1ccc(-c2ccccc2S(=O)(=O)N2CCCC2)cc1,2.0805676
COc1ccc(Cn2c(=O)[nH]c3c(=O)n(CC(=O)NC(C(=O)C(F)(F)F)C(C)C)c(-c4ccccc4)cc3c2=O)cc1,2.8251858
CN1CCN(C(=O)OC2c3nccnc3C(=O)N2c2ccc(Cl)cn2)CC1,0.90321684
Cc1cnc(Nc2cc(N3CCN(C)CC3)nc(N[C@@H](C)c3ccc(F)cn3)n2)s1,3.026494
Cc1ccc(NC(=O)c2cccc(N(C)C)c2)cc1C(=O)Nc1cccnc1,2.687945
COc1cncc(NC(=O)c2cc(NC(=O)c3cccc(C(C)(C)C#N)c3)ccc2C)c1,3.1613774
Cc1ccc(NC(=O)c2cccc(OCC(C)C)c2)cc1C(=O)Nc1cccnc1,3.4936924
Nc1ncc(NC(=O)c2cc(NC(=O)c3cccc(C(F)(F)F)c3)ccc2Cl)cc1Cl,3.5162785
Cc1ccc(NC(=O)c2ccc(Cl)c(C(F)(F)F)c2)cc1C(=O)Nc1cccnc1,3.545978
CCc1nn(C2CCCC2)c2c1CCn1c(-c3cccs3)nnc1-2,3.646328
Cc1ccnc2nc(C(=O)Nc3nccs3)nn12,0.8878914
N#C[C@]1(NC(=O)[C@@H](N)Cc2cccs2)C[C@H]1c1ccccc1,1.4433453
N#C[C@@]1(NC(=O)[C@@H](N)Cc2cccs2)C[C@@H]1c1ccccc1,1.5192376
CS(=O)(=O)C1(c2cc(N3CC4CCC(C3)O4)nc(-c3cccc4[nH]ccc34)n2)CC1,2.919602
O=C(C1CCN(c2nnc(-n3cccc3)s2)CC1)N1CCc2ccccc2C1,3.3807068
COc1ccc2c3c1OC1C(O)C=CC4C(C2)N(C)CCC341,0.8984556
CC(C)N(C(=O)C(c1cccnc1)C(CNC(=O)NCc1ccccc1F)c1ccccc1)C(C)C,3.6704617
O=C(O)C[C@H]1CC[C@H](c2ccc(-c3ccc(Nc4ccc(C(F)(F)F)nc4)cn3)cc2)CC1,3.497913
CCOC(=O)c1coc2ccccc2c1=O,1.9119103
O=c1ccoc2ccccc12,1.5198612
O=S(=O)(Cc1ccccc1)NCC(c1ccccc1)N1CCCCCC1,2.6024632
O=S(=O)(Cc1cc(Cl)cc(Cl)c1)NCC(c1ccccc1)N1CCCCCC1,3.588203
O=C1Nc2ccccc2C1(O)c1ccccc1,2.1403508
CCN(CC)CCN1C(=O)[C@@](O)(c2ccccc2Cl)c2c1cc(C(N)=O)cc2C(F)(F)F,2.2845383
C[C@@H](O)[C@H]1C(=O)N2C(C(=O)OCOC(=O)C(C)(C)C)=C(SC3CN(C4=NCCS4)C3)[C@H](C)[C@H]12,2.042793
N#Cc1ccc2ccc(=O)n(CCN3CC[C@H](NCc4cc5c(cn4)OCCO5)[C@H](O)C3)c2c1,0.57537687
N#Cc1ccc2ccc(=O)n(CCN3CC[C@@H](NCc4cc5c(cn4)OCCO5)[C@@H](O)C3)c2c1,0.7645234
CO[C@H]1CN(CCn2c(=O)ccc3ccc(C#N)cc32)CC[C@H]1NCc1cc2c(cn1)OCCO2,1.2226675
COc1ccc2c(C)cc(=O)n(CCN3CCC(NCc4cc5c(cn4)OCCO5)CC3)c2c1,1.5280637
COc1ccc2ccc(=O)n(CCN3CCC(NCc4cc5c(cn4)OCCO5)CC3)c2c1,1.0696495
CO[C@H]1CN(CCn2c(=O)ccc3ccc(C#N)cc32)CC[C@@H]1NCc1cc2c(cn1)OCCO2,0.9482099
CC1=C2C[C@H]3[C@@H](CC=C4C[C@@H](O)CC[C@@]43C)[C@@H]2CC[C@]12O[C@@H]1C[C@H](C)CN[C@H]1[C@H]2C,2.545875
CC(C)Cn1c(=O)n(C)c(=O)c2c(C(=O)N3C[C@H](O)CO3)c(Cc3ccccc3C(F)(F)F)sc21,3.069859
CC(C)Cn1c(=O)n(C)c(=O)c2c(C(=O)N3C[C@H](O)CO3)c(Cc3ccnc4ccccc34)sc21,2.2073827
COc1ccc(NC(=O)c2ccc(-c3ccncc3)c(C)c2)cc1N1CCN(C)CC1,2.5901237
Cn1c(=O)c2[nH]cnc2n(C)c1=O,-0.47628188
Cn1c(=O)c2c(ncn2C)n(C)c1=O,-0.38584423
Cn1c(=O)c2c(ncn2CC(O)CO)n(C)c1=O,-0.9237585
CC(=O)CCCCn1c(=O)c2c(ncn2C)n(C)c1=O,0.42861223
CCOc1ccc(-c2cnc3n2CCC3)cc1,2.6280775
Cc1cc(=O)oc2cc3c(cc12)CCCN3,2.1869888
Cc1ccc(NC(=O)c2ccnc(N3CCOCC3)c2)cc1Nc1ccnc(OCC(C)(C)CN(C)C)n1,2.0333526
Cc1ccc(NC(=O)c2ccnc(N3CCOCC3)c2)cc1Nc1ccnc(OCCCN(C)C)n1,1.2058591
Cc1ccc(NC(=O)c2ccnc(N3CCOCC3)c2)cc1Nc1ccnc(Cl)n1,3.0169022
CC(O)C(C)OC(=O)[C@@H]1CC2c3cccc4c3c(cn4C(C)C)CC2N(C)C1,2.5519857
CCN(CC)C(=O)N[C@H]1C[C@@H]2c3cccc4[nH]cc(c34)C[C@H]2N(C)C1,2.427705
NC(=O)Nc1sc(-c2ccc(OCCN3CCCCC3)cc2)cc1C(N)=O,2.0493083
CCOc1ccccc1-c1ccc(-c2nc3ccc(F)cc3c(C(=O)O)c2C)cc1,2.5729923
CCOc1ccccc1-c1ccc(-c2nc3ccc(F)cc3c(C(=O)NCCOCCN)c2C)cc1,2.7801511
CCOc1ccccc1-c1ccc(-c2nc3ccc(F)cc3c(N[C@H](C)C(=O)O)c2C#N)cc1,2.1231263
CCCCc1ncc(/C=C(\Cc2cccs2)C(=O)O)n1Cc1ccc(C(=O)O)cc1,-0.7742324
Cc1sc(CN2CCNCC2)cc1C(=O)NCC12CC3CC(CC(C3)C1)C2,1.7131561
CCNC(=O)Nc1nc2cc(-c3cccnc3)ccc2[nH]1,2.3105178
COc1ccccc1CCNCc1cccc(CCNC[C@H](O)c2ccc(O)c3[nH]c(=O)sc23)c1,0.5513519
O=c1[nH]c2c(O)ccc([C@@H](O)CNCCc3cccc(CNCCc4ccccc4F)c3)c2s1,0.9980893
O=c1[nH]c2c(O)ccc([C@@H](O)CNCCc3cccc(CNCCc4c(Cl)cccc4Cl)c3)c2s1,2.1147246
O=c1[nH]c2c(O)ccc([C@@H](O)CNCCc3cccc(CNCCc4ccccc4Cl)c3)c2s1,1.5236228
CC(Cc1cccc(CNCCc2c(Cl)cccc2Cl)c1)NC[C@H](O)c1ccc(O)c2[nH]c(=O)sc12,2.174683
Cc1[nH]c(C(=O)NC2CCN(c3nc(C(=O)O)cs3)CC2)c(Cl)c1Cl,0.79488766
Cc1[nH]c(C(=O)NC2CCN(c3ncc(C(=O)O)s3)CC2)c(Cl)c1Cl,0.005616665
CONC(=O)c1cnc(N2CCC(NC(=O)c3[nH]c(C)c(Cl)c3Cl)CC2)s1,2.9256892
COC(=O)N1CCN(C(=O)Cc2ccc(Cl)c(Cl)c2)[C@@H](CN2CCCC2)C1,1.9825914
COC(=O)N1CCN(C(=O)Cc2ccc(Cl)c(Cl)c2)[C@H](CN2CCCC2)C1,2.0167472
N#Cc1c(-c2ccccc2)nc(SCCc2ccccc2)[nH]c1=O,2.5866497
CN1CC(=O)N2[C@H](Cc3c([nH]c4ccccc34)[C@H]2c2ccc3c(c2)OCO3)C1=O,2.5164273
N#Cc1ccc(C(c2ccc(C#N)cc2)n2cncn2)cc1,1.738403
Nc1nc2ccccc2n1C(=O)c1ccccc1,2.1748579
CCC1=C(C)CN(C(=O)NCCc2ccc(S(=O)(=O)NC(=O)N[C@H]3CC[C@H](C)CC3)cc2)C1=O,1.6001878
O=C(O)c1[nH]c2cc(Cl)cc(Cl)c2c1/C=C1\CCN(c2ccccc2)C1=O,1.9824177
CCOC(=O)c1cc(O)c(-c2ccccc2)nn1,0.3339777
CC(C)NC(=O)c1ccc2c(Nc3ccc(Cl)cc3)nc(N3CCOCC3)nc2c1,3.442301
Cc1ccc(-n2[nH]c(=O)c3cccnc32)cc1,1.9174098
Nc1nccc(-c2cccs2)n1,1.553642
CC(=O)NC[C@H]1CN(c2ccc(-n3ccc(C#N)c3)c(F)c2)C(=O)O1,1.4271678
CC(C)C(NC(=O)Cn1c(-c2ccccc2)ccc(NC(=O)CN2CCOCC2)c1=O)C(=O)C(F)(F)F,1.9299961
Cc1ccc(C(=O)C(C)CN2CCCCC2)cc1,2.0399146
CN(C)c1cccc2c(S(=O)(=O)N(C)CC(=O)O)cccc12,-1.0866201
Oc1cccc2ccccc12,2.6106503
COc1ccc2cc(C(C)C(=O)O)ccc2c1,0.14050245
COc1ccc2cc([C@H](C)C(=O)O)ccc2c1,0.09279871
CN(C/C=C/C#CC(C)(C)C)Cc1cccc2ccccc12,3.6664546
CC(C)NC[C@H](O)COc1cccc2ccccc12,1.0174372
CC(C)NC[C@@H](O)COc1cccc2ccccc12,1.1723926
CN(C)c1cccc2c(S(N)(=O)=O)cccc12,1.6256639
COc1ccc2cc(CCC(C)=O)ccc2c1,3.131411
Oc1ccc(Br)c2ccccc12,3.1807947
c1ccc2ccccc2c1,2.919271
CC(NC(=O)C1(N)CCN(c2ncnc3[nH]ccc23)CC1)c1cccnc1,0.94129634
COc1ccc2nc(C)cc(N3CC(CNC(=O)C4CC4)OC3=O)c2c1,1.7758932
O=S(=O)(Cc1c(F)cccc1F)N1CCN(c2ncccc2C(F)(F)F)CC1,3.457066
CS(=O)(=O)c1ccc(CC(=O)N(C2CC2)C2CCN(CCC(c3ccccc3)c3ccccc3)CC2)cc1,3.242495
NC(=O)c1cnc(N[C@H]2CCCNC2)c2cc(Br)sc12,0.9153819
CCc1c2c(nc3ccc(O)cc13)-c1cc3c(c(=O)n1C2)COC(=O)[C@]3(O)CC,1.7063782
CC[C@@]1(O)C(=O)OCc2c1cc1n(c2=O)Cc2cc3c(CN(C)C)c(O)ccc3nc2-1,0.31735814
CC(C)OC(=O)N1CCC(Oc2ncnc3c2cnn3-c2ccc(S(C)(=O)=O)cc2F)CC1,2.8562973
COc1cc(Nc2ncnc(Nc3c(Cl)ccc4c3OCO4)n2)cc(OC)c1OC,3.1085699
Nc1nc(NCc2ccccc2)nc2c1nc(O)n2Cc1ccccc1,3.3607545
C1CCC(NC2CCCCC2)CC1,0.17021394
Cc1cc2[nH]c(=O)c(O)cc(=O)c2cc1C,0.821525
O=c1ccc(=O)c2ccccc2[nH]1,0.77502453
CCC(CC)NC(=O)c1cnn(Cc2ccccc2)c1NS(=O)(=O)c1ccc(C)cc1,1.5231724
CCC(C)(C)C(=O)O[C@H]1C[C@@H](C)C=C2C=C[C@H](C)[C@H](CC[C@@H]3C[C@@H](O)CC(=O)O3)[C@H]21,3.5535033
O=C1CCOc2nc(OCc3ccccc3)ccc21,2.977343
O=C(O)C1Cc2c([nH]c3ccccc23)C(c2ccccc2)N1,0.7407305
Cc1ccnc(NCc2ccccc2)c1,2.9696143
COc1ccc(CN(CCN(C)C)c2ccccn2)cc1,1.7120855
COc1ccccc1CNc1cc(C)ccn1,3.0342054
Cc1ccnc(NCc2ccc(Cl)cc2)c1,3.3668442
Cc1ccnc(NCc2ccccc2O)c1,2.8172507
CCOC(=O)Nc1ccc(NCc2ccc(F)cc2)nc1N,2.908804
CN(C)CCN(Cc1ccccc1)c1ccccn1,1.6966817
CC(C)c1nc(N2CCN(c3ncc(OCc4ccncc4C#N)cn3)[C@H](C)C2)no1,3.2775416
C[C@@H]1CN(c2noc(C(F)(F)F)n2)CCN1c1ncc(OCc2ccncc2C#N)cn1,3.3569965
Cc1nc(N2CCN(c3ncc(OCc4ccncc4C#N)cn3)[C@H](C)C2)no1,2.2223933
C[C@@H]1CN(c2noc(C(F)F)n2)CCN1c1ncc(OCc2ccncc2C#N)cn1,3.041214
Nc1nc(-c2ccccn2)nc(N)c1Cc1ccccc1F,2.2534058
COc1ccc(N(C(=O)c2ccccc2)C(C(=O)NC2CCCC2)c2ccccc2F)c(OC)c1,3.55701
CCN(C(=O)Cc1ccc(S(C)(=O)=O)cc1)C1CCN(CCC(c2ccccc2)c2ccc(NC(=O)Cc3ccccc3)cc2)CC1,3.459893
Cc1nocc1C(=O)Nc1ccc(-c2ccccc2OC(F)(F)F)c(N)n1,3.5195563
COc1cc(F)ccc1-c1cncc(CNC2CCCC2)c1,2.0025926
Cc1oc(-c2ccc(Cl)cc2)cc1C(=O)O,1.4347044
Cc1ccc(C(=O)N2CC3CNCC(C2)O3)cc1NC(=O)CC12CC3CC(CC(C3)C1)C2,1.8073521
O=C(CN1CCOCC1)Nc1ccc(-c2cccc3c(=O)cc(N4CCOCC4)oc23)cc1-c1ccccc1,3.4995253
CCN1CCN(C(=O)c2cc3ccccc3[nH]2)CC1,1.8550017
CCN1CCN(C(=O)c2cc3cc(Cl)ccc3[nH]2)CC1,2.6578827
COc1ccc2[nH]c(C(=O)N3CCN(C)CC3)cc2c1,1.6916908
CC1CN(C(=O)c2cc3ccccc3[nH]2)CCN1,0.471061
O=C(c1cc2ccccc2[nH]1)N1CCNCC1,0.33880508
CN1CCN(C(=O)c2cc3ccccc3[nH]2)CC1,1.6494414
CN1CCN(C(=O)c2cc3ccccc3n2C)CC1,1.5854366
O=C(c1cc2cc(Cl)ccc2[nH]1)N1CCNCC1,1.0767272
CN1CCN(C(=O)c2cc3cc(Cl)ccc3[nH]2)CC1,2.4536624
CN1CCN(C(=O)c2cc3cc(F)ccc3[nH]2)CC1,1.9258529
CCN1CCN(C(=O)c2cc3cc(F)ccc3[nH]2)CC1,2.1312723
CN1CCN(C(=O)c2cc3cc(Br)ccc3[nH]2)CC1,2.5911422
Cc1ccc2[nH]c(C(=O)N3CCN(C)CC3)cc2c1,2.1086245
Clc1ccc2c(c1Nc1ncnc3cc(OCCCN4CCCC4)cc(OC4CCOCC4)c13)OCO2,2.4720554
Cc1cc(Nc2nc(O[C@H](C)c3ccc(F)cn3)c(C#N)nc2C)n[nH]1,2.6569147
Cc1cc(Nc2nc(O[C@@H](C)c3ccc(F)cn3)c(C#N)nc2C)n[nH]1,2.564878
COC(=O)c1ccc(C)c(NS(=O)(=O)c2ccc3c(c2)c(=O)sn3C)c1,2.5795062
CC1(COc2cc(-c3cccc4c(=O)cc(N5CCOCC5)oc34)ccc2NC(=O)CN2CCOCC2)COC1,2.369108
CN[C@H]1CC[C@@H](c2ccc(Cl)c(Cl)c2)c2ccccc21,3.3114543
C=C(C)[C@H]1Cc2c(ccc3c2O[C@@H]2COc4cc(OC)c(OC)cc4[C@@H]2C3=O)O1,3.5324123
Cc1noc(C)c1CCC1CCN(S(=O)(=O)CC2(N(O)C=O)CCOCC2)CC1,1.2150625
CN(C)C(=O)[C@H](Cc1ccccc1)NC(=O)c1cc2cc(F)ccc2[nH]1,3.42798
CN(C)C(=O)[C@H](Cc1ccccc1)NC(=O)c1cc2ccccc2[nH]1,3.345416
CN(C)C(=O)[C@H](O)[C@H](Cc1ccccc1)NC(=O)c1cc2cc(Cl)ccc2[nH]1,3.4503202
CN(C(=O)NCc1ccccc1)C1CCN(CCC(c2ccccc2)c2ccccc2)CC1,3.691328
C=CCN(C(=O)NCc1ccc(OC)cc1)C1CCN(CCC(c2ccccc2)c2ccccc2)CC1,3.703969
CCN(C(=O)NCc1ccc(F)cc1)C1CCN(CCC(c2ccccc2)c2ccccc2)CC1,3.8040307
CCN(C(=O)NCc1ccccc1)C1CCN(CCC(c2ccccc2)c2ccccc2)CC1,3.735439
CCN(C(=O)NCc1c(F)cccc1F)C1CCN(CCC(c2ccccc2)c2ccccc2)CC1,3.8606262
CCN(C(=O)NCc1ccc(S(C)(=O)=O)cc1)C1CCN(CCC(c2ccccc2)c2ccccc2)CC1,3.1365864
Cc1oc(-c2ccccc2)nc1CCOc1ccc(C[C@H](Nc2ccccc2C(=O)c2ccccc2)C(=O)O)cc1,3.2803469
Clc1ccc2nsnc2c1NC1=NCCN1,0.030103207
O=C(NC[C@@H](O)CN1CCC(Oc2ccc(Cl)c(Cl)c2)CC1)c1cn2cc(F)ccc2n1,3.673584
O=C(Nc1ccc(N2CCOCC2)cc1)c1nnc(NC(=O)C2(c3ccc(Cl)cc3)CCCC2)o1,3.0612085
Cc1ccc(S(=O)(=O)Nc2c(C(=O)N[C@@H](C)C(C)(C)C)c(C)nn2C2CCC2)cc1,1.8057464
C[C@@H](NC1=CC(=O)NCC1)c1ccc(Nc2ncc3cc(-c4ccncc4)ccc3n2)cc1,2.5616622
CN1CCCC1CCNC(=O)c1ccc(Nc2ncc3cc(-c4ccncc4)ccc3n2)cc1,1.6192524
O=C(Cc1ccc(Cl)c(C(F)(F)F)c1)Nc1cccc2c(=O)n(CCO)ccc12,3.0287619
C[C@H](CO)n1ccc2c(NC(=O)Cc3ccc(Cl)c(C(F)(F)F)c3)cccc2c1=O,3.2635975
CC(C)Cn1c(=O)n(C)c(=O)c2c(C(=O)N3CC=CC3)c(Cc3ccccc3C(F)(F)F)sc21,3.451657
O=c1[nH]c2c(O)ccc([C@@H](O)CNCCOc3cccc(CNCCc4ccccc4F)c3)c2s1,1.226283
CC(C(=O)O)c1ccc2oc(-c3ccc(Cl)cc3)nc2c1,1.6247108
Oc1ccc(-c2nc3cc(O)ccc3o2)cc1,3.2322998
NC(=O)c1cc(O)cc2nc(-c3ccc(O)cc3)oc12,2.1589072
N#Cc1cc(O)cc2nc(-c3ccc(O)cc3)oc12,2.8654718
Oc1ccc(-c2nc3ccc(O)cc3o2)cc1,3.2484076
CN(C)C(=O)[C@H](Cc1ccccc1)NC(=O)c1cc2sccc2[nH]1,3.2957184
N#CCNC(=O)[C@@H]1CCCC[C@H]1C(=O)N1CCCCC1,0.9748517
CC(C)[C@@H](CN1CC[C@@](C)(c2cccc(O)c2)[C@@H](C)C1)NC(=O)[C@H]1Cc2ccc(O)cc2CN1,2.548587
CCN(C(=O)Cc1ccc(S(C)(=O)=O)cc1)C1CCN(CCC(c2ccccc2)N2CCN(c3cccc(F)c3)CC2)CC1,2.8198607
CCN(C(=O)Cc1ccc(S(C)(=O)=O)cc1)C1CCN(CCC(c2ccccc2)N2CCN(c3ccccc3)CC2)CC1,2.6260436
C[C@@H]1CN(C(=O)OC(C)(C)C)CCN1c1ncc(OCc2ccc(C#N)cc2)cn1,3.7617488
C[C@H]1CN(C(=O)OC(C)(C)C)CCN1c1ncc(OCc2ccc(S(C)(=O)=O)cc2)cn1,3.3326182
CC(C)(C)OC(=O)N1CCN(c2ncc(OCc3ccc(S(C)(=O)=O)cc3)cn2)CC1,3.130452
C[C@@H]1CN(C(=O)OC(C)(C)C)CCN1c1ncc(OCc2ccc(S(C)(=O)=O)cc2F)cn1,3.5754442
C[C@@H]1CN(C(=O)OC(C)(C)C)CCN1c1ncc(OCc2ccc(S(C)(=O)=O)cc2)cn1,3.465776
C[C@@H]1CN(C(=O)OC(C)(C)C)CCN1c1ncc(OCc2ccc(S(C)(=O)=O)cc2C#N)cn1,3.2676125
CS(=O)(=O)c1ccc(Oc2ccc(C#C[C@]3(O)CN4CCC3CC4)cc2)cc1,1.792349
CNC(=O)c1ccc(Oc2ccc(C#C[C@]3(O)CN4CCC3CC4)cc2)cc1,1.9271781
CNS(=O)(=O)c1ccc(Oc2ccc(C#C[C@]3(O)CN4CCC3CC4)cc2)cc1,2.011515
CCN(C(=O)Cc1ccc(S(C)(=O)=O)cc1)C1CCN(CCC(c2ccccc2)C2CCN(Cc3ccccc3)CC2)CC1,2.6194823
COc1ccc(CCN2CN=C(SCc3ccc(Cl)cc3)NC2)cc1OC,2.151332
O=C1CN(C(=O)c2ccco2)c2ccccc2N1,1.3442137
COc1ccc(-c2nc(N3CCOCC3)nc(O)c2C#N)cc1,0.712396
CNC(=O)c1cc(C(=O)c2ccc(Cl)cc2)c(Br)[nH]1,3.1624165
COC(=O)c1c(C)[nH]c(C)c1C(=O)c1ccccc1Cl,2.5183032
COc1ccc(-c2cncc(CNC3CCCC3)n2)c(OC)c1,1.7459818
O=c1[nH]c2c(O)ccc([C@@H](O)CNCCc3cccc(CN4CCC(c5ccccc5)CC4)c3)c2s1,2.019313
Cc1ccc2c(c1)C1(CCN(CCc3nc(-c4ccccc4)oc3C)CC1)OC(=O)N2,3.5878549
COCCOc1ccc(C(=O)Nc2cc(NC(=O)c3cccc(N(C)C)c3)ccc2C)cc1,3.269985
Cc1ccc(NC(=O)c2cccc(N(C)C)c2)cc1NC(=O)c1ccc(OC(C)C)cc1,3.5917788
COc1cc(C(=O)Nc2cc(NC(=O)c3cccc(N(C)C)c3)ccc2C)cc(OC)c1OC,3.0770354
COc1ccc(C(=O)Nc2cccc(NC(=O)c3cccc(N(C)C)c3)c2)cc1OC,3.0067654
COc1ccc(C(=O)Nc2cc(NC(=O)c3cccc(N(C)C)c3)ccc2Br)cc1OC,3.344778
COc1ccc(C(=O)Nc2cc(NC(=O)c3cccc(N(C)C)c3)ccc2C)cc1,3.2175112
Cc1ccc(NC(=O)c2cccc(N(C)C)c2)cc1NC(=O)c1ccc(O)cc1,3.0484433
COc1ccc(C(=O)Nc2cc(NC(=O)c3cccc(N(C)C)c3)ccc2C)cc1OC,3.1613932
Cc1ccccc1C(=O)N1CCN(c2ccccn2)CC1,2.1042323
O=C(c1cccc(Cl)c1Cl)N1CCN(c2ccccn2)CC1,3.0434666
C[C@@H](Oc1ccc(S(C)(=O)=O)cc1C(=O)N1CCN(c2ncc(C(F)(F)F)cc2F)CC1)C(F)(F)F,3.15523
COCC1=C(C(=O)OC(C)OC(=O)OC(C)C)N2C(=O)[C@@H](NC(=O)/C(=N\OC)c3csc(N)n3)[C@H]2SC1,1.7929461
CN1CCc2c1nc1ccccc1c2NC(=O)Cc1ccccc1,3.284247
COc1ccc(-c2c(-c3ccc(O)cc3O)n[nH]c2C)cc1,2.872031
O=S(=O)(CCCOCCNc1ccccc1)CCNCCc1ccc(O)c2nc(O)sc12,1.8444207
O=C(/C=C/Sc1nc[nH]n1)c1ccc(Cl)cc1,2.7192183
CC1Cc2ccccc2N1NC(=O)c1ccc(Cl)c(S(N)(=O)=O)c1,1.8559072
CCO/N=C(\c1ccc(Br)cc1)C1CCN(C2(C)CCN(C(=O)c3c(Cl)cncc3Cl)CC2)CC1,3.666759
O=C1CN(C(=O)c2ccco2)C(c2ccccc2)c2cc(Cl)ccc2N1,3.0701838
CC(C)(C)OC(=O)N1C[C@@H]2CC[C@H]1CN2c1ncc(OCc2ccc(S(C)(=O)=O)cc2)cn1,3.4005418
O=c1cc(N2CCOCC2)nc2ccccn12,1.0049434
O=C(Cc1cc(Nc2ncnc3cc(OCCCN4CCC[C@@H]4CO)ccc23)n[nH]1)Nc1cccc(F)c1F,1.7913736
COc1cc2c(Nc3cc(CC(=O)Nc4cccc(F)c4F)[nH]n3)ncnc2cc1OCCCN1CCC[C@@H]1CO,1.7433972
CC#Cc1cncc(-c2cccc(C3(C4CC4)N=C(C)C(N)=N3)c2)c1,3.3902314
O=c1c2ccccc2[se]n1-c1ccccc1,3.207047
COc1cc(F)ccc1-c1cncc(CNC(C)C)c1,1.7118971
CCCC(=O)NCc1cncc(-c2ccc(F)cc2OC)c1,2.6419706
CN(C)c1ncnc2nc[nH]c12,0.70345175
Nc1nnc(CCSCCc2nnc(N)s2)s1,-0.012197733
Nc1[nH]ncc1-c1cc(Cl)ccc1Oc1cc(F)c(S(=O)(=O)Nc2cscn2)cc1Cl,2.1488025
Nc1n[nH]cc1-c1cc(C(F)(F)F)ccc1Oc1cc(F)c(S(=O)(=O)Nc2cscn2)cc1Cl,2.299008
N#CC1=C2C(=NC1=O)c1cccc3c(N4CCSCC4)ccc2c13,3.048451
CSCCC(NC(=O)c1sccc1Cl)c1nc2ccccc2[nH]1,3.3530898
Nc1nc2nc(-c3cccs3)cc(C(F)(F)F)n2n1,2.1420035
CCCCC(CC)CNC(=O)c1ccc2c(c1)c(Cc1ccc(C(=O)NS(=O)(=O)c3ccccc3C)cc1OC)cn2C,3.051863
CCC(CC)CNC(=O)c1ccc2c(c1)c(Cc1ccc(C(=O)NS(=O)(=O)c3ccccc3C)cc1OC)cn2C,2.817431
COc1ccc(OC)c(-c2c(F)ccc3c(N)c(C(=O)NC4CC4)nnc23)c1,3.1251094
C[C@H](Nc1nc(Nc2ncc(C#N)s2)cc(N2CCOCC2)n1)c1ccc(F)cn1,3.2370071
N#Cc1ccc2c(c1)NC(=O)C2c1ncnc2cc(OCCCN3CCOCC3)ccc12,1.8647549
CC(=O)NC[C@H]1CN(c2ccc(-n3cnc(C#N)c3)c(F)c2)C(=O)O1,1.2532175
CC(=O)NC[C@H]1CN(c2ccc(-n3ccnc3)c(F)c2)C(=O)O1,0.99178314
COc1cc2ncnc(Nc3ccc(F)c(Cl)c3)c2cc1OCCCN1CCCCC1,3.2794578
C[C@]12CC[C@@H]3c4ccc(O)cc4CC[C@H]3[C@@H]1CC[C@@H]2O,3.345457
Nc1cccc(NC(=O)c2ccc(CNC(=O)OCc3cccnc3)cc2)c1,1.3307812
Nc1ccccc1NC(=O)c1ccc(CNC(=O)OCc2cccnc2)cc1,1.3751314
Nc1nc(-c2ccccc2)nn1Cc1ccccc1,2.7064128
CSc1nc(-c2ccccc2)nn1Cc1ccccc1,3.3993182
COc1ccc(-c2nc3c(NCCCNC(=O)C4(CN)CC4)c(Br)cnc3[nH]2)cc1,1.3203082
COc1ccc(-c2nc3c(NCCCNC(=O)C4CC4)c(Br)cnc3[nH]2)cc1,2.7761145
CC(C)(C(=O)O)c1ccc(C(O)CCCN2CCC(C(O)(c3ccccc3)c3ccccc3)CC2)cc1,0.4071617
CC(C)(C)c1ccc(C(O)CCCN2CCC(C(O)(c3ccccc3)c3ccccc3)CC2)cc1,3.9445314
CCCc1c(OCCCSc2ccc(CC(=O)O)cc2Cl)ccc2c(CC)noc12,3.323008
NC1(Cc2ccc(Cl)cc2)CCN(c2ncnc3[nH]ccc23)CC1,2.0080962
Nc1cccc2c1C(=O)C(=O)c1ccccc1-2,2.5658221
O=C1C(=O)c2cccc([N+](=O)[O-])c2-c2ccccc21,2.986858
Nc1ccc2c(c1)C(=O)C(=O)c1ccccc1-2,2.3206313
O=C1C(=O)c2cc([N+](=O)[O-])ccc2-c2ccccc21,3.159947
CC(C)(C)C(=O)Nc1ccc2c(c1)C(=O)C(=O)c1ccccc1-2,3.3449767
COC(=O)CCCC(=O)Nc1ccc2c(c1)-c1ccccc1C(=O)C2=O,2.9697468
O=C1C(=O)c2ccc([N+](=O)[O-])cc2-c2ccccc21,3.1562185
Nc1ccc2c(c1)-c1ccccc1C(=O)C2=O,2.2920291
COC(=O)CCCCCCC(=O)Nc1ccc2c(c1)C(=O)C(=O)c1ccccc1-2,3.32171
COC(=O)CCC(=O)Nc1ccc2c(c1)C(=O)C(=O)c1cc(NC(=O)CCC(=O)OC)ccc1-2,2.1840806
Nc1ccc2c(c1)C(=O)C(=O)c1cc(N)ccc1-2,1.414401
O=C1C(=O)c2ccccc2-c2ccccc21,3.1446486
Nc1cccc2c1-c1ccccc1C(=O)C2=O,2.2423723
COC(=O)CCC(=O)Nc1ccc2c(c1)-c1ccccc1C(=O)C2=O,2.7085245
COC(=O)CCCCCCC(=O)Nc1ccc2c(c1)-c1ccccc1C(=O)C2=O,3.3266678
CCCC(=O)Nc1ccc2c(c1)C(=O)C(=O)c1ccccc1-2,3.1598625
CC(=O)NC[C@H]1CN(c2ccc(N3Cc4cccnc4C3)c(F)c2)C(=O)O1,1.6233478
CCn1c(=O)c2c(=O)cc(O)oc2c2ccccc21,0.8126972
CCN(C(=O)Nc1ccccc1)c1ccccc1,3.1331928
O=C(Nc1ccc([N+](=O)[O-])cc1O)Nc1ccccc1Br,3.2231565
O=C(Nc1ccccc1)Nc1ccccc1C(=O)O,0.9607407
COc1cc(-c2c(F)ccc3c(N)c(C(=O)NC4CC4)nnc23)c(OC)nn1,2.5916665
CSc1ncccc1C(=O)NCC1CCCCC1,2.6765418
Oc1ccc(C2=Cc3ccc(O)cc3OC2)cc1,3.2343383
O=C(CC12CC3CC(CC(C3)C1)C2)Nc1c(Cl)ccc2nc(CN3CCN(CCO)CC3)ccc12,3.0690079
O=c1[nH]n(C(c2ccccc2)c2ccncc2)c(=O)c2c(O)c3ccc(Cl)cc3nc12,1.0478597
Cc1oc(S(C)(=O)=O)cc1-c1c2c(=O)n(C)c(=O)n(CC3CC3)c2nn1Cc1cn(C)c2ccc(Cl)cc12,3.6299534
CC(C)c1ccccc1Cc1cc(C(=O)Nc2ccc(S(=O)(=O)c3ccccc3C(C)(C)C)cc2)c(O)c(O)c1O,3.9242947
CCCN(c1cccnc1)P(=O)(c1ccccc1)c1ccccc1,2.9619105
Cc1cc(N)c2cc(NC(=O)CC(=O)Nc3ccc4nc(C)cc(N)c4c3)ccc2n1,1.1721299
CC1(C)CCC(c2ccc(Cl)cc2)=C(CN2CCN(c3ccc(C(=O)NS(=O)(=O)c4ccc(N[C@H](CCN5CCOCC5)CSc5ccccc5)c(S(=O)(=O)C(F)(F)F)c4)cc3)CC2)C1,2.2483788
CC(C)(C)NC[C@H](O)COc1nsnc1N1CCOCC1,-0.1808629
CC(C)(C)NCC(O)COc1nsnc1N1CCOCC1,-0.4344864
CC(C#Cc1ccccc1)n1[nH]c(=O)c2[nH]c3cc(Cl)ccc3c(=O)c2c1=O,1.5832047
O=c1[nH]n(CC#Cc2ccccc2)c(=O)c2c(=O)c3ccc(Cl)cc3[nH]c12,1.9902728
O=c1[nH]c2c(O)ccc([C@@H](O)CNCCc3cccc(CN4CCCC4)c3)c2s1,0.32644868
CC(C)C(C#N)(CCCN(C)CCc1ccccc1)c1ccccc1,3.1623225
COc1ccc(CCN(C)CCCC(C#N)(c2ccc(OC)c(OC)c2)C(C)C)cc1OC,2.9422684
CC(C)Cn1c(=O)n(C)c(=O)c2c(C(=O)N3C[C@H](O)[C@H](O)C3)c(Cc3ccnc4ccccc34)sc21,1.5791974
CC(C)Cn1c(=O)n(C)c(=O)c2c(C(=O)N3CC[C@@H](O)C3)c(Cc3ccnc4ccc(F)cc34)sc21,2.1100776
CC(C)Cn1c(=O)n(C)c(=O)c2c(C(=O)N3CC[C@@H](O)C3)c(Cc3ccnc4ccccc34)sc21,1.8456342
O=c1cc(O)oc2c1c(=O)n(-c1ccccc1)c1ccccc21,1.42484
COc1cc(-c2nn[nH]n2)ccc1Cn1ccc2ccc(NC(=O)OC3CCCC3)cc21,2.5133545
[O-]c1c2c(nn1-c1ccc(Cl)cc1)c1ccccc1c[n+]2Cc1ccccc1,3.603063
Cc1ccc(-n2c(C)cc(C(=O)NS(=O)(=O)c3ccc(C)cc3)c2C)cc1,1.6251041
NC(=O)NC(=O)C(Nc1ccc2c(c1)CCC2)c1ccccc1,3.2357688
C[C@H]1O[C@@H](n2cnc3c(N)nc(OCC4CCC(F)(F)CC4)nc32)[C@H](O)[C@@H]1O,1.6432467
O=C(N[C@@H](Cc1ccc(C#CCCNc2ccccn2)cc1)C(=O)O)c1c(Cl)cccc1Cl,0.43687582
CCc1cccc(N(C)C(=N)Nc2cccc3ccccc23)c1,2.2513723
CC[C@@H](Nc1c(Nc2cccc(C(=O)N(C)C)c2O)c(=O)c1=O)c1ccccc1,2.3094335
CC(C)(C)c1ccc(-c2n[nH]c(NC(=O)c3ccccc3Cl)c2Br)cc1,3.8780117
O=C(NCCNC(=O)c1cn(-c2ccccc2)nc1C(F)(F)F)c1ccc(Cl)cn1,3.3888576
Oc1nc(-c2ccc(C(F)(F)F)cc2)nc2c1CSCC2,3.1548452
Cc1ccc(CO)cc1N(C)c1ccnc(Nc2cc(OC3CCOCC3)cc(N3CCOCC3)c2)n1,3.6112647
O=c1cc(OCc2ccccc2)ccn1-c1ccc2c(cnn2CCN2CCCC2)c1,2.2846313
CCc1[nH]c2nc(Sc3cnc4ccc[n+]([O-])c4c3)nc(N3CC[C@@H](N)C3)c2c1Cl,1.8160176
C1CCc2c(c3c(N4CCCC4)nc(N4CCCC4)nc3n2CCN2CCOCC2)C1,3.5944738
COc1ccc2nc(C)cc(OCC(=O)NCc3ccccc3)c2c1,3.011207
Nc1ncc(-c2cnn(C3CCOCC3)c2)cc1-c1nc2ccccc2o1,3.5538483
CC(C)(C)NC(=O)C(c1ccncc1)N(Cc1ccco1)C(=O)c1ccc(-c2ccccc2)[nH]1,3.4908252
CC(C)COCC(CN(Cc1ccccc1)c1ccccc1)N1CCCC1,3.1926851
COc1ccc(CNC(=O)Nc2ncc([N+](=O)[O-])s2)cc1,2.9700298
N#CCNC(=O)[C@@H]1CCCC[C@H]1C(=O)N1CC=CCC1,0.8322301
Cc1cc2n[nH]c(=O)n2c2cc(-c3cn[nH]c3)ccc12,2.495555
Nc1nc(N)c2cc(NCc3ccc(Cl)c(Cl)c3)ccc2n1,3.2823658
C[C@H]1NC(C)(C)CO[C@]1(O)c1cccc(Cl)c1,1.6769916
C[C@@H]1NC(C)(C)CO[C@@]1(O)c1cccc(Cl)c1,1.5774798
CNc1c(Cl)cnc2[nH]c(-c3ccc(OCCN4CCOCC4)cc3)nc12,2.871287
CNc1c(C(N)=O)cnc2[nH]c(-c3ccc(OCCN4CCOCC4)cc3)nc12,1.714463
CC(C)Cn1c(=O)n(C)c(=O)c2c(C(=O)N3CC[C@@H](O)C3)c(Cc3cccc4ncccc34)sc21,1.919108
Clc1cc(Nc2ncnc3[nH]nc(OCCN4CCCC4)c23)ccc1OCc1ccccn1,2.62773
Cn1cnc(-c2ccccc2)c1/C=C/c1ccnc(N)n1,2.2433872
Clc1ccccc1CNC[C@H]1CC[C@H](CNCc2ccccc2Cl)CC1,2.6803424
CNC(=O)c1ccc(C)c(-n2c(C)cc(OCc3ccc(F)cc3F)c(Br)c2=O)c1,3.0508847
COC(=O)COc1ccc(C(=O)Nc2ccc(F)cc2)cn1,2.2605262
Cc1sc(N2CCN(C)CC2)nc1CCOc1ccc(C[C@H](Nc2ccccc2C(=O)c2ccccc2)C(=O)O)cc1,2.378727
Cc1cc(NC(=O)c2ccccc2)n[nH]1,1.440383
Fc1ccc(-n2cc(C3CCNCC3)c3cc(Cl)ccc32)cc1,2.2467823
Cc1ccc(C(=O)NC2CC2)cc1-c1ccc(C(=O)NCC2CC2)nc1,3.0426624
COc1ccc(-c2ccc3nc(N)sc3c2)cn1,2.9841986
CC(C)(CS(=O)(=O)N1CCN(c2ccc(F)cc2)CC1)N(O)C=O,1.1487464
OCC(O)CN1CCN(c2ccccc2)CC1,0.5003046
CC(C)[C@H](NC(=O)C[C@H](NC(=O)/C=C/c1ccccc1)c1ccccc1)C(=O)[C@@H]1C(=O)NC(=O)[C@H]1C,1.9971737
COc1cc(F)ccc1-c1cncc(CNC(=O)c2ccccc2)c1,3.2552905
c1ccc2c(c1)nnn2-c1ccncc1,1.5867543
CN1CCN(CCCOc2ccc(-c3cc(-c4ccc(F)cc4)no3)cc2)CC1,2.955741
CN(C)CCCNC(=O)c1nc(Cl)c(N)nc1N,-0.5016866
O=C(NCC1CCCCC1)c1c(Cl)ccc2ncccc12,3.0943067
CN(C(=O)Cc1ccc(S(C)(=O)=O)cc1)[C@@H]1CCN(Cc2nc3ccccc3s2)C[C@@H]1F,2.1989703
CN(C(=O)Cc1ccc(S(C)(=O)=O)cc1)[C@@H]1CCN(Cc2nc3cc(F)ccc3s2)C[C@@H]1F,2.4738543
COc1cc2c(Nc3cnc(NC(=O)c4ccccc4)nc3)ncnc2cc1OCCCN1CCOCC1,2.6252992
O=C1C(=O)N(Cc2ccc(Cl)cc2)c2ccccc21,3.3554018
FC(F)(F)c1nnc2ccc(N3CCCCCC3)nn12,3.108416
CC(Cc1ccc(O)cc1)NCC(O)c1cc(O)cc(O)c1,0.7311671
COc1ccc(C[C@@H](C)NC[C@H](O)c2ccc(O)c(NC=O)c2)cc1,0.6917194
CCCc1c(OCc2ccc(C(=O)O)cc2)ccc(C(C)=O)c1O,1.7358311
CNCC[C@H](Oc1ccc(C(F)(F)F)cc1)c1ccccc1,1.6187297
CNCC[C@@H](Oc1cc(C(F)(F)F)ccc1C#N)c1ccccc1,1.1184452
N#Cc1cc(F)c(Cl)cc1O[C@H](CCN)c1ccccc1,0.95226157
N#Cc1ccc(Cl)cc1O[C@H](CCN)c1ccccc1,0.80000424
Nc1ccc(OCc2ccccc2)cc1,2.520116
CNCCC(Oc1ccc(C(F)(F)F)cc1)c1ccccc1,1.9250891
CNCC[C@@H](Oc1ccc(C(F)(F)F)cc1)c1ccccc1,1.8410466
CNCC[C@@H](Oc1cc(OC)ccc1C#N)c1ccccc1,0.39638174
CNCCC(Oc1ccccc1OC)c1ccccc1,0.7234862
NC(=O)c1ccccc1OCc1ccccc1,2.2973604
CCCc1c(OCc2ccc(C(=O)O)c(Br)c2)ccc(C(C)=O)c1O,2.2855778
O=C(Cc1ccc(OCc2ccccc2)cc1)NO,1.8991228
CNCC[C@@H](Oc1ccccc1C)c1ccccc1,1.1054373
OCCNCc1cc(Br)ccc1OCc1ccc(Cl)cc1,2.851426
O=C(O)CCc1ccc(OCc2cccc(Br)c2)cc1,1.596392
N#Cc1cc(Cl)ccc1O[C@H](CCN)c1ccccc1,0.8994689
CCOc1noc2cc(OCCC3CCN(c4ccc(C)nn4)CC3)ccc12,3.8570313
O=C(O)CCc1ccc(NCc2cccc(Oc3ccccc3)c2)cc1,1.9843848
CCN(CC)CCN1C(=O)CN=C(c2ccccc2F)c2cc(Cl)ccc21,2.4624658
O=C1Nc2ccc(Cl)cc2C(c2ccccc2Cl)=NC1O,3.1942008
CN1C(=O)CN=C(c2ccccc2)c2cc(Cl)ccc21,2.8002155
CC(C)[C@@H]1N=C(c2ccccc2)c2ccccc2NC1=O,3.3507557
CN1C(=O)CN=C(c2ccccc2F)c2cc([N+](=O)[O-])ccc21,2.2877448
O=C1CN=C(c2ccccc2Cl)c2cc([N+](=O)[O-])ccc2N1,2.8592858
Clc1ccc(C2(c3ccc(-c4cn[nH]c4)cc3)CCNCC2)cc1,1.6778483
CC(=O)Nc1nc(C)c(-c2cnc(F)c(NS(=O)(=O)c3sc(C)nc3C)c2)s1,0.14341307
CC(C)COc1cc(-c2cccc3c(=O)cc(N4CCOCC4)oc23)ccc1NC(=O)CN1CCOCC1,3.3999953
C=CCOc1cc(-c2cccc3c(=O)cc(N4CCOCC4)oc23)ccc1NC(=O)CN1CCOCC1,2.6195471
O=C(CN1CCOCC1)Nc1ccc(-c2cccc3c(=O)cc(N4CCOCC4)oc23)cc1O,1.9653943
COc1cc(-c2cccc3c(=O)cc(N4CCOCC4)oc23)ccc1NC(=O)CN1CCOCC1,2.384593
CCOc1cc(-c2cccc3c(=O)cc(N4CCOCC4)oc23)ccc1NC(=O)CN1CCOCC1,2.8001742
CC(C)Oc1cc(-c2cccc3c(=O)cc(N4CCOCC4)oc23)ccc1NC(=O)CN1CCOCC1,3.1477022
COc1c(N2CCO[C@@H](CN(C)C)C2)c(F)cc2c(=O)c(C(=O)O)cn(C3CC3)c12,-0.5755904
CC(C)Oc1cccc(CC(=O)N2CCC[C@](CC[N+]34CCC(c5ccccc5)(CC3)CC4)(c3ccc(Cl)c(Cl)c3)C2)c1,1.152317
Nc1ncnc2c1nc(Sc1nc3cccc(Cl)c3s1)n2CCO,2.551058
CC(=O)OCCn1c(Sc2nc3cccc(Cl)c3s2)nc2c(N)ncnc21,3.0185146
CN1CCC(NC(=O)c2ccc(Oc3ccc(C#C[C@]4(O)CN5CCC4CC5)cc3)cc2)CC1,0.99352884
Nc1ccccc1NC(=O)c1ccc(CNc2nccc(-c3cccnc3)n2)cc1,2.5056932
C1CCC(C(CC2CCCCN2)C2CCCCC2)CC1,2.13404
Fc1ccc(-c2ncn(C3CCNCC3)c2-c2ccncc2)cc1,0.1997565
COc1cnc(-c2ccccn2)nc1Oc1ccc(F)cc1F,3.2258618
C[C@@H]1C2CCCC1(c1cccc(O)c1)CCN2C,0.9361683
CCC(CO)NCCNC(CC)CO,-1.4783633
CC(N)(COP(=O)(O)O)C(=O)O,1.3782272
CCCCC(CC)COC(=O)CC(C(=O)OCC(CC)CCCC)S(=O)(=O)O,3.4844823
CCCC[C@@H](C=O)NC(=O)[C@H](CC(C)C)NC(=O)[C@H](CC(C)C)NC(C)=O,2.7624366
CCCC(C)(COC(N)=O)COC(=O)NC(C)C,2.2423933
Cc1onc(-c2ccccc2)c1-c1ccc(S(N)(=O)=O)cc1,2.597728
COc1ccc(C(=O)CS(=O)(=O)c2ccccc2)cc1,1.7511053
O=C(CS(=O)(=O)c1ccccc1)c1ccccc1,1.7181497
O=C(CC1CCCCC1)Nc1c(Cl)ccc2nc(NCCCO)ccc12,3.0366144
CC1CCC(CC(=O)Nc2cccc3ncccc23)CC1,3.1661134
O=c1c2ccccc2nc2n1CCO2,0.8880677
CCCCNc1nc(SCCC)nc2c1nnn2[C@@H]1C[C@H](CO)[C@@H](O)[C@H]1O,2.6705267
Nc1ccc(N=Nc2ccccc2)c(N)n1,2.3545861
OCCn1cc(-c2cnc3nnn(Cc4ccc5ncccc5c4)c3n2)cn1,1.3611516
Cc1cc(N)n(-c2ccccc2)n1,1.4271812
CCN(CC)CC(=O)Nc1c(C#N)cnn1-c1ccccc1,0.31090915
Cc1cc(C)n(-c2cccc(Cl)c2C#N)n1,2.3432183
c1cncc(-c2ccc(-c3nnc(C4CN5CCC4CC5)o3)o2)c1,1.45291
COC(=O)Nc1nc2ccc(C(=O)c3ccccc3)cc2[nH]1,2.8873436
Nc1nc2ccc(C(=O)c3ccccc3)cc2[nH]1,2.0583549
COc1cnc(-c2ccccn2)nc1N1CCOCC1,1.3531915
COc1cc(F)ccc1-c1cncc(CNC[C@@H]2CCCO2)n1,1.6810508
Cc1sc2ncnc(SCC(=O)N3CCN(C(=O)c4ccco4)CC3)c2c1C,2.708192
COc1cc(C(=O)N2CCOCC2)ccc1Nc1ncc(Cl)c(-c2cnc3ccccn23)n1,3.1522303
CCC(c1nc2ccsc2c(=O)n1Cc1cscn1)N(CCCN)C(=O)c1ccc(C)cc1,0.16857016
NC(=O)c1cc(F)cc(O[C@@H]2C[C@@H]3CC[C@H](C2)N3Cc2ccccc2)c1,1.856522
NC(=O)c1cccc(O[C@H]2C[C@@H]3CC[C@H](C2)N3Cc2ccccc2)c1,1.7334906
Cc1c(O[C@@H]2C[C@@H]3CC[C@H](C2)N3Cc2ccccc2)cccc1C(N)=O,1.9041111
NC(=O)c1ccc(O[C@@H]2C[C@@H]3CC[C@H](C2)N3Cc2ccccc2)c(F)c1,1.7707875
Cc1cc(C(N)=O)ccc1O[C@@H]1C[C@@H]2CC[C@H](C1)N2Cc1ccccc1,1.933764
NC(=O)c1cccc(O[C@@H]2C[C@@H]3CC[C@H](C2)N3Cc2ccccc2)c1,1.5806522
Oc1cccc(O[C@@H]2C[C@@H]3CC[C@H](C2)N3Cc2ccccc2)c1,2.5377207
Cc1cc(O[C@@H]2C[C@@H]3CC[C@H](C2)N3Cc2ccccc2)cc(C(N)=O)c1,2.018684
CNC(=O)c1cccc(O[C@@H]2C[C@@H]3CC[C@H](C2)N3Cc2ccccc2)c1,1.8796612
COc1cc(C(=O)c2cc(Cl)ccc2N)cc(OC)c1OC,2.7978296
C[C@H](C(=O)O)c1cccc(C(=O)c2ccccc2)c1,-0.12649345
Cc1ccc(C(=O)c2cc(O)c(O)c([N+](=O)[O-])c2)cc1,1.4477491
CC(C(=O)O)c1cccc(C(=O)c2ccccc2)c1,-0.090461016
CCCCNc1cc(C(=O)O)cc(S(N)(=O)=O)c1Oc1ccccc1,-0.088398695
NC(Cc1cc(I)c(Oc2ccc(O)c(I)c2)c(I)c1)C(=O)O,0.8753085
CCc1cc(O)c(Oc2ccc(C(N)=O)cc2F)cc1F,2.7781289
CC(C(=O)O)c1cccc(Oc2ccccc2)c1,0.45547116
O=C(Cc1ccc(Oc2ccccc2)cc1)NO,1.7822361
CNC(=O)c1ccc(Oc2ccc3c(c2)CCN(C2CCC2)CC3)nc1,1.8078362
NC(=O)c1cccc(OC2CCN(Cc3ccccc3)CC2)c1,2.0757546
O=c1cc(-c2ccccc2)oc2cc(O)cc(O)c12,2.8007684
O=c1cc(-c2ccc(O)cc2)oc2ccc(O)cc12,2.9269538
O=c1cc(-c2ccccc2)oc2ccc(O)cc12,3.1023178
O=c1cc(-c2ccc(O)cc2)oc2cc(O)ccc12,2.9353883
CC(=O)Nc1ccc2c(c1)c(-c1cc(NC3CC3)n3ncc(C#N)c3n1)cn2CCO,2.057073
COC(=O)CCn1cc(-c2cc(NC3CC3)n3ncc(C#N)c3n2)c2cc(NC(C)=O)ccc21,2.807461
CC(=O)Nc1ccc2[nH]cc(-c3cc(NC4CC4)n4ncc(C#N)c4n3)c2c1,2.7705002
CC(=O)Nc1ccc2c(c1)c(-c1cc(NC3CC3)n3ncc(C#N)c3n1)cn2CCCO,2.217722
CC(=O)Nc1ccc2c(c1)c(-c1cc(NC3CC3)n3ncc(C#N)c3n1)cn2CCC(=O)O,-0.29710388
CC(=O)Nc1ccc2c(c1)c(-c1cc(NC3CC3)n3ncc(C#N)c3n1)cn2C,2.9781506
COc1ccccc1CN(C(C)=O)c1cnccc1Oc1ccccc1,3.263978
CCN(c1ccccc1)c1cc(NC)[n+](C)c(C)n1,-1.3169167
NNc1nc2ccccc2[nH]c1=O,0.3122425
CN[C@@H](C)C(=O)N[C@H](C(=O)N[C@H]1CCCN(CCc2ccccn2)C1)C(C)(C)C,0.35623837
Cn1cc(C(=O)CCCCOc2ccc(C(=O)O)cc2)cc1C=O,0.2063632
O=C(N[C@@H](Cc1ccc(OCCCNc2ccccn2)cc1)C(=O)O)c1c(Cl)cccc1Cl,-0.20767617
Cc1cc(C)c(C(=O)N[C@@H](Cc2ccc(OCCCNc3ccccn3)cc2)C(=O)O)c(C)c1,0.29366374
COc1ccc2ncc(=O)n(CCN3CCC(NCc4cc5c(cn4)OCCO5)CC3)c2n1,0.5017599
Cn1cc(C#N)cc1-c1c2c(=O)n(CC#CCn3cncn3)c(=O)n(CC3CC3)c2nn1Cc1ccnc2ccc(Cl)cc12,3.204541
CCN(C)C(=O)c1ccc(C(=C2CCN(Cc3ccc(F)cc3)CC2)c2ccccc2NC(C)=O)cc1,3.0952077
CCN(CC)C(=O)c1ccc(C(=C2CCN(Cc3ccc(F)cc3)CC2)c2ccc(NC(=O)OC)cc2)cc1,3.684143
Cc1cc(N)c2cc(NC(=O)CCCCC(=O)Nc3ccc4nc(C)cc(N)c4c3)ccc2n1,1.4139988
O=C1O[C@]2(CN3CCC2CC3)CN1c1ccc(Br)s1,1.739188
O=C1O[C@]2(CN3CCC2CC3)CN1c1cccs1,0.706414
CCCCC(O)c1[nH]c2cc(C)c(C(=O)O)cc2c1CCc1ccccc1,2.409756
COc1cc2c(cc1OC)C(=O)C(CC1CCN(Cc3ccccc3)CC1)C2,3.2261431
Cc1cnc(NS(=O)(=O)c2ccccc2)c(C)n1,0.05473113
COc1nccnc1NS(=O)(=O)c1ccc(N)cc1,-0.6811762
Clc1ccc(-c2nnc3cccc(Cl)n23)c(Cl)c1,3.615633
Clc1cccc(Cl)c1-c1nnc2cccc(Cl)n12,3.407527
O=C1C(CC[S+]([O-])c2ccccc2)C(=O)N(c2ccccc2)N1c1ccccc1,-0.6036844
COc1cc(Nc2cc(Oc3cccnc3)ccn2)cc(OC)c1OC,2.7309008
Cc1ccc(Oc2ccnc(Nc3ccc(S(N)(=O)=O)cc3)c2)c(C)n1,2.2545931
COc1cc(Nc2cc(Oc3cccnc3C)ccn2)cc(OC)c1OC,2.872487
COc1cc(Nc2cc(Oc3ccc(C)nc3)ccn2)cc(OC)c1OC,3.092683
CCO/N=C(\c1ccc(Br)cc1)C1CCN(C2(C)CCN(C(=O)c3c(C)cc[n+]([O-])c3C)CC2)CC1,2.4234805
O=[N+]([O-])c1ccc2[nH]c(-c3ccccn3)nc2c1,2.430925
Cc1cccc(-c2nc3cc(Cl)ccc3[nH]2)n1,3.2619324
c1ccc(-c2nc3ccccc3[nH]2)nc1,2.329769
C[C@]12CC[C@@H]3c4ccc(O)cc4CC[C@H]3[C@@H]1CCC2=O,3.6852877
Fc1ccc(CN2CCN(C3=Nn4c(nnc4C(F)(F)F)CC3)CC2)cc1,2.1713817
Cc1cc(CCCOc2c(Cl)cc(C3=NCCO3)cc2Cl)on1,3.2993114
C=CC(=O)Nc1cccc(Oc2nc(Nc3ccc(N4CCN(C)CC4)cc3OC)ncc2Cl)c1,3.5006638
Clc1ccc([C@]23CNC[C@H]2C3)cc1Cl,1.8646622
COc1ccc(COc2ccc(Cc3cnc(N)nc3N)cc2OC)cc1,2.804826
Fc1ncccc1OC[C@@H]1CCN1,-0.6507864
O=C(c1ccc(F)cc1)C1CCN(CCn2c(=O)[nH]c3ccccc3c2=O)CC1,2.9541554
COc1ccc(Cl)cc1C(=O)NCCc1ccc(S(=O)(=O)NC(=O)NC2CCCCC2)cc1,2.0878751
Oc1ccc(-c2nc3ccccc3nc2-c2ccc(O)cc2)cc1,3.3988385
CN1CC(n2nccc2-c2cc(Cl)ccc2Oc2cc(F)c(S(=O)(=O)Nc3ncns3)cc2F)C1,1.4090389
O=S(=O)(Nc1ncns1)c1cc(F)c(Oc2ccc(Cl)cc2-c2ccnn2C2CNC2)cc1F,0.452281
Cc1cc(C)c2c(N)c(C(=O)NC3CC3)sc2n1,2.6759562
CCC(CC)NC(=O)c1nnn(-c2ccccc2)c1NS(=O)(=O)c1ccc(C)cc1,0.6404972
CC(C)(N)C(=O)N[C@H](Cc1c[nH]c2ccccc12)C(=O)N[C@H](Cc1c[nH]c2ccccc12)NC=O,0.99423146
Cc1c[nH]c(-c2cnc(NCCNc3ccc(C#N)cn3)nc2-c2ccc(Cl)cc2Cl)n1,3.6919022
O=C(O)CCC(=O)N1CCC(c2nc(-c3cccs3)no2)CC1,-0.8136935
CC1Sc2c(C(=O)O)c(=O)c3cc(F)c(N4CCNCC4)cc3n21,-1.2811036
CS(=O)(=O)N1CCc2c(-c3cnc(N)nc3)nc(N3CCOCC3)nc21,0.5874969
COc1cc2c(N3CCN(C(=O)Nc4ccc(OC(C)C)cc4)CC3)ncnc2cc1OCCCN1CCCCC1,3.0662608
CCCCCOC(=O)Nc1nc(=O)n([C@@H]2O[C@H](C)[C@@H](O)[C@H]2O)cc1F,0.38564157
Nc1ccn([C@@H]2O[C@H](CO)[C@@H](O)C2(F)F)c(=O)n1,-1.0613961
CN1CCN(C(=O)[C@@H]2CCCC[C@H]2C(=O)NCC#N)CC1,-0.02137208
Cc1cc(C)nc(SCC(=O)Nc2cc(C)on2)n1,1.9131043
COC[C@@H](c1ccc(C(F)(F)F)cc1)N1CCN(C2(C)CCN(C(=O)c3c(C)ncnc3C)CC2)C[C@@H]1C,2.3522987
COc1cc(OC)c(S(=O)(=O)N2c3ccccc3Oc3ccccc32)cc1NC(=O)CCC(=O)O,-0.42861795
COc1cc(OC)c(S(=O)(=O)N2c3ccccc3Oc3ccccc32)cc1NC(=O)/C=C/C(=O)O,-0.26997256
O=c1oc2c(O)cccc2cc1-c1ccc(O)cc1,2.6932619
O=c1oc2ccccc2cc1-c1ccccc1,3.1965232
O=c1oc2ccc(O)cc2cc1-c1ccc(O)cc1,2.8707433
O=c1oc2ccccc2cc1-c1ccc(O)cc1,3.063021
Cc1c(-c2ccc(O)cc2)c(=O)oc2cc(O)ccc12,2.9889686
O=c1oc2ccc(O)cc2cc1-c1ccccc1,3.0724716
O=c1oc2cc(O)ccc2cc1-c1ccc(O)cc1,2.8772368
COc1ccc(-c2c(C)c3ccc(OC)cc3oc2=O)cc1,3.2908273
O=c1[nH]c2c(O)ccc([C@@H](O)CNCCc3ccc(CNCCc4c(Cl)cccc4Cl)cc3)c2s1,2.1292264
O=c1[nH]c2c(O)ccc([C@@H](O)CNCCc3ccc(CNCCc4ccccc4)cc3)c2s1,0.7500874
COc1ccccc1CCNCc1ccc(CCNC[C@H](O)c2ccc(O)c3[nH]c(=O)sc23)cc1,0.5671307
O=c1[nH]c2c(O)ccc([C@@H](O)CNCCc3ccc(CNCCc4ccccc4F)cc3)c2s1,1.0139296
Cc1ccc(-c2c[nH]nn2)cc1,1.4885721
Clc1ccc(-c2c[nH]nn2)cc1,1.8227189
c1ccc(-c2nnc3ccc(NC4CC4)nn23)cc1,2.960229
Cc1cc2n[nH]c(=O)n2c2cc(-c3ccc(C(=O)N4CCOCC4)cc3)ccc12,3.03183
NC1(C(=O)NC(Cc2ccccc2)c2ccc(Cl)cc2)CCN(c2ncnc3[nH]ccc23)CC1,3.6028814
CC(C)c1ccc2oc3nc(N)c(C(=O)O)cc3c(=O)c2c1,0.77094734
O=C(NCC12CC3CC(CC(C3)C1)C2)c1cc(CN2C[C@@H]3C[C@H]2CN3)ccc1Cl,2.10785
CN(C)C(=O)N1CCC(C(=O)NCc2cccs2)CC1,0.79714787
COc1ccc(C=NN=Cc2ccc(OC)c(OC)c2)cc1OC,3.3249688
CNc1c(Br)cnc2[nH]c(-c3cnn(C4CCN(C)CC4)c3)nc12,2.087691
CNC(=O)c1nc(-c2ccc(Cl)c(S(=O)(=O)Nc3cccc(F)c3F)c2)cnc1N,2.8707519
CNC(=O)c1snnc1-c1ccccc1,1.1161857
Cc1ccc(-c2cn(C)cn2)cc1NC(=O)c1ccc(OCc2ccccn2)cc1,3.1291072
Cc1nc(-c2ccc(C)c(NC(=O)c3ccc(OCc4ccccn4)cc3)c2)c[nH]1,2.8891525
Cc1ccc(-c2cn(C)c(C)n2)cc1NC(=O)c1ccc(OCc2ccccn2)cc1,3.221466
Cc1ccc(-c2c[nH]cn2)cc1NC(=O)c1ccc(OCc2ccccn2)cc1,2.9264605
CC1(c2ccc(Cl)c(Cl)c2)CC(=O)NC(N)=N1,1.6080115
CC1(c2ccccc2)CC(=O)NC(N)=N1,0.14682794
NC1=NC(c2ccc(Cl)c(Cl)c2)CC(=O)N1,1.5551412
Cc1c(-c2ccccc2)oc2c(C(=O)OCCN3CCCCC3)cccc2c1=O,3.2786028
Cc1nc(CSc2ccc(Cl)cc2)cc(N2CCOCC2)n1,3.3243897
O=C(Nc1ccc(N2CCOCC2)nc1)c1nnc(Nc2cccc(OCc3ccccn3)c2)o1,3.0428782
O=C(NCCSCc1ccccc1)c1ccccc1,3.166174
CO[C@H]1CC[C@]2(CC1)Cc1ccc(OCC(C)C)cc1C21N=C(C)C(N)=N1,3.5517907
C[C@H](CO)Nc1nc(SCc2cccc(F)c2F)nc2[nH]c(=O)c(C#N)cc12,2.659637
C[C@H](CO)Nc1nc(SCc2cccc(F)c2F)nc2[nH]c(=O)ccc12,3.1848931
Clc1ccc2c(c1Nc1ccnc(Nc3cc(N4CCOCC4)cc(N4CCOCC4)c3)n1)OCO2,3.2392366
COC(=O)c1ccc(NC(=O)c2cc(OC)c(OC)c(OC)c2)cc1,2.5478668
O=C(Nc1ccccc1O)c1cc([N+](=O)[O-])ccc1Cl,2.6841893
O=C(Nc1ccccc1)c1cc(Cl)ccc1O,3.1622705
O=C(Nc1ccc(O)cc1)c1ccc(O)cc1,2.0583754
Cc1cccc(C(N)=O)c1NC(=O)c1ccccc1,1.7862494
O=C(Nc1ccccc1)c1ccccc1,2.478123
O=C(Nc1ccc(F)cc1F)c1cc(Cl)ccc1O,3.2660534
CC(=O)Nc1ccc(C(=O)Nc2ccccc2N)cc1,0.8895333
Cc1ccc(OC(=O)N2CCN3CCC2CC3)cc1,1.4546854
O=C(Oc1ccc(Br)cc1)N1CCN2CCC1CC2,1.9576629
O=C(c1scc2c1CCCC2)N1CCCCC1,2.7296095
CN1CCN(CC(=O)Nc2ccc(-c3cccn4c(=O)cc(N5CCOCC5)nc34)c3sc4ccccc4c23)CC1,3.0070827
COCCN1CCN(CC(=O)Nc2ccc(-c3cccn4c(=O)cc(N5CCOCC5)nc34)c3sc4ccccc4c23)CC1,3.1391115
CC(C)(C)OC(=O)N1CCN(c2ccc(OCc3ccc(S(C)(=O)=O)cc3)cn2)CC1,3.40066
COc1ccc(-c2csc(N(CCCN3CCOCC3)C(=O)c3ccco3)n2)cc1,3.3430598
CS(=O)(=O)N1CCN(Cc2cc3nc(-c4cccc5[nH]ncc45)nc(N4CCOCC4)c3s2)CC1,3.075172
CC(C)C(NC(=O)Cn1c(-c2ccccc2)ccc(NS(N)(=O)=O)c1=O)C(=O)C(F)(F)F,1.4517004
CC(=O)Nc1ccc(-c2ccccc2)n(CC(=O)NC(C(=O)C(F)(F)F)C(C)C)c1=O,2.0774074
CNS(=O)(=O)Nc1ccc(-c2ccccc2)n(CC(=O)NC(C(=O)C(F)(F)F)C(C)C)c1=O,1.662693
CC(C)C(NC(=O)Cn1c(-c2ccccc2)ccc(NS(C)(=O)=O)c1=O)C(=O)C(F)(F)F,1.2721491
CC(C)C(NC(=O)Cn1c(-c2ccccc2)ccc(NS(=O)(=O)C(F)(F)F)c1=O)C(=O)C(F)(F)F,1.4977398
CCNc1ccc(-c2ccccc2)n(CC(=O)NC(C(=O)C(F)(F)F)C(C)C)c1=O,2.6810412
CC(C)C(NC(=O)Cn1c(-c2ccccc2)ccc(N)c1=O)C(=O)C(F)(F)F,1.9340272
CC(C)C(NC(=O)Cn1c(-c2ccccc2)ccc(NC=O)c1=O)C(=O)C(F)(F)F,1.9193113
COc1ccc2c(C)cc(N[C@H]3CCC[C@H](NCc4cccc(OC(F)(F)F)c4)C3)nc2c1,3.7764668
COc1ccc(Cl)cc1C(=O)Nc1nc2ccccc2[nH]1,3.2934132
COc1ccccc1C(=O)Nc1nc2ccccc2[nH]1,2.7931495
O=C(Nc1nc2ccccc2n1CCCO)c1cccc([N+](=O)[O-])c1,2.1636655
COc1cccc(C(=O)NCCCOc2cccc3ccc(N)nc23)c1,2.481437
CCc1nc2ccc(C(=O)NCc3ccc4c(c3)OCO4)cn2c1N(C)Cc1cccs1,3.6666138
NCc1ccc(NC(=O)c2cc(Nc3ncccn3)c3cc(/C(N)=N/O)ccc3c2)cc1,-0.5032582
O=c1ccoc2cc(OCc3ccccc3)ccc12,3.12982
Cc1nc2ncnn2c(O)c1CCOC(=O)c1c(F)cccc1F,0.5633689
Cc1nc2ncnn2c(O)c1CCOC(=O)c1ccccc1F,0.721257
CCN(CCN(C)C)S(=O)(=O)c1ccc(-c2cnc(N)c(C(=O)Nc3cccnc3)n2)cc1,2.249268
COCCNS(=O)(=O)c1ccc(-c2cnc(N)c(C(=O)Nc3cccnc3)n2)cc1,2.414656
CC(C)Oc1cc(OCCc2cccnc2)cc(C(=O)Nc2ccc(C(=O)O)cn2)c1,0.8153963
CN[C@@H](C)C(=O)N[C@H](C(=O)N[C@H]1CCN(C(=O)c2ccccc2)C1)C1CCCCC1,1.1242712
Cc1ccc(Oc2ccc(OCC(=O)Nc3ccncc3)cc2)cc1,3.4118495
CCOc1ccccc1N1CCN(Cc2c[nH]nc2-c2ccc(F)cc2)CC1,3.4389958
COc1cc(C(=O)NS(=O)(=O)c2ccccc2)ccc1Cn1ccc2ccc(C(=O)NCC3CCCC3)cc21,2.141328
N#Cc1cccc(NCC(=O)Nc2c(Cl)ccc3nc(N4CC[C@@H](O)C4)ccc23)c1,2.893292
Nc1nonc1/C(=N/O)Nc1ccc(F)c(Cl)c1,2.5872004
O=C1NC(=O)/C(=C/c2ccc3c(c2)OC(F)(F)O3)S1,3.0902205
O=C(COCc1ccncc1)N1CCN(c2ccc(F)cc2Cl)CC1,2.6551023
O=C(COCc1ccncc1)N1CCN(c2ccc(Cl)cc2F)CC1,2.681672
O=C(COCc1ccncc1)N1CCN(c2ccc(Cl)cc2Cl)CC1,3.1194375
Cc1cc(Cl)ccc1N1CCN(C(=O)COCc2ccncc2)CC1,2.8619092
Cc1ccc(-c2ncc[nH]2)cc1NC(=O)c1ccc(OCc2ccccn2)cc1,3.0966356
Cc1cnc(-c2ccc(C)c(NC(=O)c3ccc(OCc4ccccn4)cc3)c2)[nH]1,3.3040214
Cc1ccc(-c2nccn2C)cc1NC(=O)c1ccc(OCc2ccccn2)cc1,3.1897392
Cc1ccc(-c2ncc(C)n2C)cc1NC(=O)c1ccc(OCc2ccccn2)cc1,3.3118203
COc1cc(C)c(S(=O)(=O)N(C)CCOCC(=O)N2CCC(C3CCN(C)CC3)CC2)c(C)c1,0.20503688
Oc1cc(OCc2ccccc2)ccn1,1.9666471
NC(=O)c1cccc([S+]([O-])[C@@H]2C[C@@H]3CC[C@H](C2)N3Cc2ccccc2)c1,0.40276098
NC1=NN(c2cccc(C(F)(F)F)c2)CC1,2.252927
COc1ccc(CC(=O)Nc2nc3ccccc3[nH]2)cc1,2.8911505
CNC1=Nc2ncccc2C(c2cc[nH]c2)=NC1c1cccs1,1.7213337
Cc1cc(Nc2ccc(F)cc2)nc(N)n1,2.2129428
CCC(c1nc2nccnc2c(=O)n1Cc1ccccc1)N(CCCN)C(=O)c1ccc(C)cc1,0.10550165
CCN(CC)CCNc1ncnc2c1sc1nc(N3CCOCC3)c3c(c12)CCCC3,2.9305727
O=S(=O)(CCOCc1cccc2ccccc12)NCCCNCCc1ccc(O)c2nc(O)sc12,1.9068149
CSCCC(NC(=O)c1ccccc1)c1nc2ccccc2n1Cc1ccc(C#N)cc1,3.5703382
COc1ccc(-c2cc(NC(=O)Cc3ccc4ccccc4c3)[nH]n2)cc1OC,3.5902395
COc1ccc(C)c(NC(=O)CC23CC4CC(CC(C4)C2)C3)c1,3.890316
COc1cccc(NC(=O)CC23CC4CC(CC(C4)C2)C3)c1C,3.8875816
C[C@H](Nc1ncc(F)c(Nc2cc(C3CC3)[nH]n2)n1)c1ccc(F)cn1,3.1927114
N#Cc1cccc(C(=O)Nc2cc(-c3ccccc3)nn2-c2ccccc2)c1,3.4543586
O=C(c1ccc(-c2ccc(Cl)cc2)o1)N(Cc1ccccn1)c1ccc(N2CCNCC2)cc1,2.7562401
Nc1scc2c(C(=O)NC3CC3)nn(-c3ccc(F)cc3)c(=O)c12,2.2565234
O=C1CC(c2ccc(O)cc2)Oc2cc(O)ccc21,2.735939
O=C1CC(c2ccc(O)cc2)Oc2cc(O)cc(O)c21,2.3062987
COc1ccc2nc(C)cc(-n3cc(CNC(C)=O)nn3)c2c1,1.4984261
OC(CCN1CCCCC1)(c1ccccc1)C1CC2C=CC1C2,2.5821016
CC(CN(C)C)CN1c2ccccc2CCc2ccccc21,2.8442488
NC(=O)N1c2ccccc2C[C@H](O)c2ccccc21,0.6108136
CN(C)CCCN1c2ccccc2CCc2ccc(Cl)cc21,3.0532496
CNCCCN1c2ccccc2CCc2ccccc21,1.2864408
CN(C)CCCN1c2ccccc2CCc2ccccc21,2.3372312
OCCOCCN1CCN(C(c2ccccc2)c2ccc(Cl)cc2)CC1,2.9583511
O=C(O)COCCN1CCN(C(c2ccccc2)c2ccc(Cl)cc2)CC1,1.4947385
Clc1ccc(C(c2ccccc2)N2CCNCC2)cc1,1.5206063
CO[C@H]1CC[C@]2(CC1)Cc1ccc(-c3cc(Cl)cc(C#N)c3)cc1C21N=C(C)C(N)=N1,3.809403
O=c1[nH]nc2cc(CO)c3ccc(-c4ccc[nH]4)cc3n12,2.275158
Nc1cc2n[nH]c(=O)n2c2cc(-c3ccc[nH]3)ccc12,2.0749602
Cc1cc2n[nH]c(=O)n2c2cc(-c3ccc[nH]3)ccc12,3.1796951
O=C(CN1C2=NCCN2c2ccccc21)c1ccc(Cl)cc1,2.3167439
COc1ccc(/C=C2\SC(=S)NC2=O)cc1OC,1.9784019
Fc1cccc(COc2ccc(Nc3ncnc4ccc(-c5cccc(N6CCOCC6)c5)cc34)cc2Cl)c1,4.453612
CCN1CCO[C@@H](CN2CCN(C(=O)Nc3ccc(Cl)c(Cl)c3)CC2)C1,2.4153833
CC(C)N1CCO[C@@H](CN2CCN(C(=O)Nc3ccc(Cl)c(Cl)c3)CC2)C1,2.4870124
CC(C)[N+](C)(CCOC(=O)C1c2ccccc2Oc2ccccc21)C(C)C,-0.117763996
Cc1cnc(Nc2cncc(N[C@@H](C)c3ncc(F)cn3)n2)s1,1.963898
CCc1c(C(=O)NC2C3CC4CC(C3)CC2C4)cnn1-c1ccc(C(=O)O)cc1,0.94850075
CSc1c(C(=O)NC2C3CC4CC(C3)CC2C4)cnn1-c1ccc(C(=O)O)cc1,1.0215703
Cc1c(C(=O)NC2C3CC4CC(C3)CC2C4)cnn1-c1ccc(C(=O)O)cc1,0.5509573
O=C(O)c1ccc(-n2ncc(C(=O)NC3C4CC5CC(C4)CC3C5)c2C(F)(F)F)cc1,1.4286672
CC(C)c1c(C(=O)NC2C3CC4CC(C3)CC2C4)cnn1-c1ccc(C(=O)O)cc1,1.5727028
Cc1ncc(-c2ccnc(Nc3ccc(S(=O)(=O)CCCN4CCOCC4)cc3)n2)n1C(C)C,2.2579408
CN[C@@H](C)C(=O)N[C@H](C(=O)N[C@H]1CCCN(Cc2ccccc2)C1)C1CCCCC1,1.8733354
CCCCCCCCCC(=O)N[C@@H](Cc1c[nH]c2ccccc12)C(=O)N[C@@H](CC(N)=O)C(=O)N[C@@H](CC(=O)O)C(=O)N[C@@H]1C(=O)NCC(=O)N[C@@H](CCCN)C(=O)N[C@@H](CC(=O)O)C(=O)N[C@H](C)C(=O)N[C@@H](CC(=O)O)C(=O)NCC(=O)N[C@H](CO)C(=O)N[C@@H]([C@H](C)CC(=O)O)C(=O)N[C@@H](CC(=O)c2ccccc2N)C(=O)O[C@@H]1C,-1.0122368
COc1ccc(N(C(=O)c2ccco2)C(C(=O)NC2CCCC2)c2ccccc2F)c(OC)c1,3.436356
Nc1nccc(-n2ccc3ccccc32)n1,2.1585147
Cc1nnc(NS(=O)(=O)c2ccc(N)cc2)s1,-1.7847133
NS(=O)(=O)c1cc2c(cc1Cl)NCNS2(=O)=O,0.21992493
NS(=O)(=O)c1cc2c(cc1Cl)NC(C(Cl)Cl)NS2(=O)=O,0.9086561
COc1cc2ncnc(Nc3cccc(Cl)c3F)c2cc1CN(C)C1(C(N)=O)CCN(C)CC1,2.4264717
O=C(CSc1ccncc1)Nc1ccc(C(=O)c2ccccc2)cc1,3.0033183
O=c1cc(N2CCOCC2)nc2n(Cc3cccc4ccccc34)ccn12,3.0957985
CC1(C)[C@@H]2CC[C@@]1(CS(=O)(=O)NC1CCN(c3ccc(C(F)(F)F)cn3)CC1)C(=O)C2,3.1986704
Nc1n[nH]c(Nc2ccccc2)n1,0.94925785
CC(=O)NC[C@H]1CN(c2ccc(N3CCN(c4ccc(C#N)cn4)CC3)c(F)c2)C(=O)O1,2.0957062
C[C@H](CO)Nc1nc(SCc2ccco2)nc2[nH]c(=O)sc12,2.2982252
COc1cc(NS(=O)(=O)c2ccc(N)cc2)nc(OC)n1,0.064279556
COc1ncnc(NS(=O)(=O)c2ccc(N)cc2)c1OC,-0.76332307
O=C(CC1CCCCCC1)Nc1cccc2c(=O)n([C@H]3CCNC3)ccc12,0.9455837
CCCCCCCN(CCc1ccc(OC(C)(C)C(=O)O)cc1)C(=O)Nc1ccc(F)cc1F,2.088879
C[C@H]1O[C@@H](n2cnc3c(N)nc(Oc4ccccc4)nc32)[C@H](O)[C@@H]1O,1.3811803
COc1cc2c(Nc3c(Cl)ccc4c3OCO4)ncnc2cc1OCC1CCN(C)CC1,1.9596952
O=C(CSc1nccn(-c2ccc(F)c(F)c2)c1=O)NC1CCCC1,1.6442808
O=S(=O)(CCCNCCc1ccc(O)c2nc(O)sc12)NCCOCCc1ccc(F)cc1,1.8280733
O=S(=O)(CCCNCCc1ccc(O)c2nc(O)sc12)NCCOCCc1cccc(C(F)(F)F)c1,2.4430695
O=S(=O)(CCCNCCc1ccc(O)c2nc(O)sc12)NCCOCCc1cccc(Cl)c1,2.188635
Cc1ccc(CCOCCNS(=O)(=O)CCCNCCc2ccc(O)c3nc(O)sc23)cc1,1.9285123
c1ccc(Nc2cc(Nc3ccccc3)[nH]n2)cc1,3.3387594
N#Cc1ccc(-c2csc(Nc3ccc(O)cc3)n2)cc1,3.4622478
N=C(N)c1cc2c(I)cccc2s1,0.567451
CC(c1cc2ccccc2s1)N(O)C(N)=O,2.0002856
Nc1nc(N)c(C(=O)Nc2ccccn2)nc1Cl,1.8331683
NCCCCN(Cc1nc2ccccc2[nH]1)C1CCCc2cccnc21,0.47734308
O=C([C@H]1CCCCN1)N1CCN(c2nc(NCc3ccc(Cl)cc3Cl)c3cccnc3n2)CC1,2.954
O=C(NCC12CC3CC(CC(C3)C1)C2)c1cc(OC2CCNCC2)ccc1Cl,1.9466393
O=C(Oc1ccccc1)N1CCOCC1,1.53926
CC(C)(C)Cn1c(CN2C(=O)CC3(CCNCC3)C2=O)cc2cnc(C#N)nc21,0.47055602
Nc1nc(N)nc(-c2ccc(Cl)cc2)n1,1.8775136
CSc1nc(N)nc(-c2ccccc2)n1,2.2192512
Nc1nc(N)nc(-c2cccc(C(F)(F)F)c2)n1,2.0598733
CC1CC(CN)CC(CO)C1,-0.74605536
NC(=O)C1CCCCC1,1.0539017
CC1(C)CCC(NC(=O)[C@@H](N)CCC(=O)O)CC1,-0.5411265
Cc1ccc(CN2C(=O)CCSc3ccc(Cl)cc32)cc1,3.6763082
O=C1COc2ccc(CNC3CCN(CCN4C(=O)COc5ccc(-c6ccco6)cc54)CC3)nc2N1,1.8567334
Fc1ccc([C@@H]2CCNC[C@H]2COc2ccc3c(c2)OCO3)cc1,1.5557001
Oc1nc2ccccc2nc1NCc1ccccc1,2.677085
CCCN[C@H]1CCc2nc(N)sc2C1,0.9211923
CC(C)N(c1nnc(N)s1)C(C)C,1.6186898
Cc1nnc(N)s1,-0.6633928
CC(=O)Nc1nnc(S(N)(=O)=O)s1,-0.48977613
Cn1nnc2c(C(N)=O)ncn2c1=O,-1.0587299
CC(C)C(NC(=O)Cn1c(-c2ccccc2)ccc(NC(=O)NCc2cccnc2)c1=O)C(=O)C(F)(F)F,2.7101476
CSc1ccc(N2C(N)=NC(N)=NC2(C)C)cc1,-0.8257122
CC1N=C(N)N=C(N)N1c1ccc(Cl)cc1,-0.73000383
COc1ccc(CC(=O)NC(N/C(=N/C#N)Nc2ccccc2C)C(C)(C)C)cc1OC,2.286043
CCCSc1nc(NC[C@H]2CC[C@H](C(=O)O)CC2)ccc1C(=O)NC1CCCCC1,2.4491973
Cc1cccc(-c2nn3c(c2-c2ccnc4ccc(C(N)=O)cc24)CCC3)n1,1.9057896
COc1ccc2nc(C)cc(OCC(=O)Nc3ccccc3OC)c2c1,3.2252803
O=c1[nH]c2c(O)ccc([C@@H](O)CNCCc3cccc(CNCCCc4ccccc4)c3)c2s1,0.9507791
COc1cc(C(=O)Nc2ccc(Cl)c(-c3nc4ccccc4[nH]3)c2)cc(OC)c1OC,3.5543537
O=C(O)c1ccc(-c2ccc(Cl)c(C(=O)NCC34CC5CC(CC(C5)C3)C4)c2)cc1,2.786795
Cn1ncnc1-c1c2c(=O)n(C)c(=O)n(CC3CC3)c2nn1Cc1ccnc2ccc(Cl)cc12,2.8614006
Oc1ncnc2scc(-c3ccsc3)c12,1.8953574
Cc1nc2nc(NC(=O)c3ccc(F)cc3)nn2c(O)c1Cc1ccccc1,1.5450796
CC(C)(C)NS(=O)(=O)c1cncc(-c2ccc3nc(NC(=O)NCC(=O)N4CCOCC4)nn3c2)c1,1.0235988
CN(C)CCCOc1nn(Cc2ccccc2)c2ccccc12,2.0825684
CCC(c1nc2snc(C)c2c(=O)n1Cc1ccccc1)N(CCCN)C(=O)c1ccc(C)cc1,1.349718
Oc1ccc(-c2cnc3ccccc3n2)cc1,2.700046
FC(F)c1nc2ccccc2n1-c1nc(N2CCOCC2)nc(N2CCOCC2)n1,3.0351555
Oc1nc(-c2ccccc2)nc2ccccc12,2.7897077
Clc1cccc2cn[nH]c12,2.2314296
COc1cccc2[nH]ncc12,1.7517229
O=[N+]([O-])c1ccc2[nH]ncc2c1,1.8873875
c1ccc2[nH]ncc2c1,1.6813402
Clc1ccc2[nH]ncc2c1,2.4689813
Fc1ccc2cn[nH]c2c1,1.9546884
Nc1ccc2cn[nH]c2c1,0.76358676
Nc1n[nH]c2c(Cl)cccc12,1.5245464
Clc1cccc2[nH]ncc12,2.3294656
CCN1CCC[C@@H](C(=O)N2CCN(C(=O)Nc3ccc(Cl)c(Cl)c3)CC2)C1,2.0309951
O=C(NCC1CCCCN1)c1cc(OCC(F)(F)F)ccc1OCC(F)(F)F,1.7947195
CN(C)c1ccc2nc3ccc(=[N+](C)C)cc-3sc2c1,-0.62681746
O=S(=O)(Nc1ccc(S(=O)(=O)Nc2nccs2)cc1)c1ccc2c(c1)OCCO2,1.2524818
O=C(c1ccc(OCCCc2c[nH]cn2)cc1)C1CC1,2.4634774
CC(=O)Nc1ccc(S(=O)(=O)Nc2ccccn2)cc1,0.6244552
COc1ccc(S(=O)(=O)Nc2ccccn2)cc1,1.3054585
Nc1ccc(S(=O)(=O)Nc2ccccn2)cc1,0.3647524
CCN(CC)C(=O)c1ccc(C(=C2CCN(Cc3ccc(F)cc3)CC2)c2ccccn2)cc1,3.2943416
Clc1ccc(C2=CSC3=NCCN23)cc1Cl,1.4888964
Nc1ccc2[nH]c(Cc3ccc(Oc4ccccc4)cc3)nc2c1,3.3534088
O=C(O)COc1ccc(Cl)cc1C1CCCCC1,0.69475055
Cc1c(CC(=O)O)c2cc(F)ccc2n1S(=O)(=O)c1ccc(S(C)(=O)=O)cc1,-0.5263827
OCCN1CC=CC[C@H](c2ccc(Cl)c(Cl)c2)C1,2.6640258
CN1CC=CCC(c2ccc(Cl)c(Cl)c2)C1,2.9369206
Clc1ccc([C@H]2CC=CCNC2)cc1Cl,1.9373561
Fc1ccc(C2CC=CCNC2)cc1Cl,1.4429357
Clc1ccc(C2CC=CCNC2)cc1Cl,1.9385644
CC(C)C(=O)Nc1nc(-c2ccccn2)cc2ccccc12,3.011856
COc1cc(-n2cnc3cc(-c4ccc(Cl)cc4)sc3c2=O)ccc1OCCN1CCCC1,3.319382
N#Cc1ccc(C(=O)N2CCC3(CC2)N=C(N)c2c(F)ccc(F)c2N3)cn1,0.66507757
COc1ccc2c(c1)N(CCN1CCC(NCc3cc4c(cn3)OCCO4)CC1)C(=O)CO2,0.9387014
O=C1COc2ccccc2N1CCN1CCC(NCc2cc3c(cn2)OCCO3)CC1,0.89463043
Cc1ccc(CNC(=O)C2CCCN2S(=O)(=O)c2ccc(F)cc2)cc1,3.122808
CCOC(=O)c1ncn2c1CN(C)C(=O)c1cc(F)ccc1-2,1.4341657
CN(C)N(C)C(=O)[C@@]1(Cc2ccccc2)CCCN(C(=O)[C@@H](Cc2c[nH]c3ccccc23)NC(=O)C(C)(C)N)C1,1.7406917
COc1cc(F)ccc1-c1cncc(CNC(=O)C2CCC2)c1,2.860967
CCCc1cc(OCc2ccccc2)cc(=O)n1Cc1ccc(-c2ccccc2-c2nn[nH]n2)cc1,3.1062407
CCCCN1Cc2c(nc3cc(-c4ccco4)nn3c2O)C1=O,1.1312655
c1nc(N2CCCCC2)c2nc[nH]c2n1,1.62691
O=C(NCC12CC3CC(CC(C3)C1)C2)c1cc(O[C@H]2CCCNC2)ccc1Cl,2.455316
N#Cc1nc(NC2CCCCC2)c(N)c(N2CCOCC2)n1,3.0261006
O=c1ccc2ccccc2[nH]1,1.7478964
Cc1cc(=O)[nH]c2ccccc12,2.20583
O=C1CCC(=O)N1c1cc(Cc2n[nH]c(=O)c3ccccc23)ccc1F,0.8711456
CC(=O)Nc1cccc(OCc2cnc(Cl)s2)c1,2.5813236
COc1cc(F)ccc1-c1cncc(C2CCCN2)c1,0.9656409
O=C(c1ccc(Cl)cc1)C1CCN(C(=O)C2CC2)CC1,2.7458367
O=S(=O)(c1ccccc1)C1(c2cc(N3CCOCC3)nc(-c3cccc4[nH]ccc34)n2)CC1,3.334486
O=C(CC12CC3CC(CC(C3)C1)C2)Nc1ccc2[nH]ncc2c1,3.627714
Cc1ccc(NC(=O)c2ccnc(N3CCOCC3)c2)cc1Nc1ccnc(OC2CCN(C)CC2)n1,1.9218649
COc1cc(/C=C2/SC(=O)NC2=O)cc(OC)c1O,0.761816
COc1ccc(C=C2SC(=O)NC2=O)cc1OC,1.6887536
CCc1c(C)nc(SCC(=O)Nc2nc(-c3ccc(OC)cc3)cs2)nc1O,3.3583095
O=C(COCc1ccncc1)N1CCC(F)(c2ccc(Cl)cc2)CC1,2.7923982
O=C(COCc1ccncc1)N1CCC(c2ccc(F)cc2Cl)CC1,3.0691519
CC1(c2ccc(Cl)cc2)CCN(C(=O)COCc2ccncc2)CC1,3.0964215
O=C(COCc1ccncc1)N1CCC(c2ccc(Cl)cc2Cl)CC1,3.3772428
O=C(COCc1ccncc1)N1CCC(c2ccc(Cl)cc2)CC1,2.853408
COc1ccc2ncc(F)c(CCN3CCC(NCc4cc5c(cn4)OCCO5)CC3)c2n1,1.2075801
Cc1ccc(S(=O)(=O)Nc2c(C(=O)NC3CCOCC3)c(C)nn2-c2ccccc2)cc1,0.27402794
COc1ccc(COc2nc(Br)cnc2NS(=O)(=O)c2ccc(C)cc2)cc1OCCN(C)C,1.4415112
COc1ccccc1CNCCc1cccc(CCNC[C@H](O)c2ccc(O)c3[nH]c(=O)sc23)c1,0.5889374
O=C(O)c1cccnc1Nc1cccc(C(F)(F)F)c1,1.025267
CCN1CCC[C@@H](CN2CCN(C(=O)Nc3ccc(Cl)c(Cl)c3)CC2)C1,2.3049731
CN1CCCC(CN2CCN(C(=O)Nc3ccc(Cl)c(Cl)c3)CC2)C1,1.7418132
CC(C)N1CCC[C@@H](CN2CCN(C(=O)Nc3ccc(Cl)c(Cl)c3)CC2)C1,2.3627975
CCN1CCC[C@H](CN2CCN(C(=O)Nc3ccc(Cl)c(Cl)c3)CC2)C1,2.289154
Nc1ccccc1NC(=O)c1ccc(C2CCN(Cc3ccc(C(=O)NC4CC4)cc3)CC2)cc1,2.1476958
N#CC1(NC(=O)[C@@H]2CCCC[C@H]2C(=O)N2CCN(c3nc4cnccc4s3)CC2)CC1,1.7696955
O=c1[nH]c2c(O)ccc([C@@H](O)CNCCc3ccccc3CNCCc3ccccc3F)c2s1,1.3604875
O=C(N[C@H]1CN2CCC1CC2)c1ccc(Cl)cc1,1.1185607
COc1cc(N2CCN(C(=O)[C@@H]3CCCC[C@H]3C(=O)NC3(C#N)CC3)[C@H](C)C2)ccc1C1CC1,2.988394
COc1ccc(-n2cnc3cc(NS(=O)(=O)c4ccccc4)ccc32)cc1,3.2956648
O=C(c1ccc(F)cc1)C1CCN(C(=O)N2CCOCC2)CC1,1.5205561
CN(CCO)C(=O)c1ccc([C@H](c2cccc(NC(=O)C3CC3)c2)N2CCN(Cc3ccc(F)cc3)CC2)cc1,3.0616033
CCN(CC)C(=O)c1ccc([C@H](c2cccc(NC(=O)C3CC3)c2)N2CCN(Cc3ccc(F)cc3)CC2)cc1,3.7048082
Cc1ccc(C(=O)Nc2nccs2)cc1-n1cnc2ccc(N3CCN(C)CC3)cc2c1=O,2.13291
O=C(NNc1cccc(Cl)c1)c1cccnc1Cl,2.0258977
Nc1ccc2cccc(Nc3ncccn3)c2n1,2.127984
O=C([C@@H](O)CO)N1CC=C(c2ccc(N3C[C@H](COc4ccon4)OC3=O)cc2F)CC1,1.1898446
O=CN1CC=C(c2c(F)cc(N3C[C@H](COc4ccon4)OC3=O)cc2F)CC1,1.9136484
Cc1ccc(-c2nnc(O)c3ccccc23)c(C)c1,2.7383401
N=C(NCc1ccc(Cl)cc1)SCCCc1c[nH]cn1,1.1872678
C[C@@](O)(C(=O)Nc1ccc(C(=O)N2CCCCC2)cc1Cl)C(F)(F)F,2.9489255
Cc1ccc(C(=O)NC(C)C)cc1-n1cnc2ccc(N3CCN(C)CC3)cc2c1=O,1.3499722
CCNC(=O)c1ccc(C)c(-n2cnc3ccc(N4CCN(C)CC4)cc3c2=O)c1,1.3402424
O=C(NCc1ccc(OC(F)(F)F)cc1)C1c2ccccc2C(=O)N1CC1CC(F)(F)C1,3.8267674
C[C@H]1O[C@@H](n2cnc3c(N)nc(OCC4CC(F)(F)C4(F)F)nc32)[C@H](O)[C@@H]1O,1.4320389
O=c1cc(N2CCOCC2)oc2c(-c3ccccc3)cccc12,3.2094688
O=S1NC(Cc2ccc3ccccc3c2)=NO1,1.5432076
Cn1sc(=O)c2cc(S(N)(=O)=O)ccc21,0.5392952
O=C(Nc1c[nH]nc1-c1nc2cc(CN3CCOCC3)ccc2[nH]1)NC1CC1,1.8528442
CS(=O)(=O)c1ccccc1C(=O)NC[C@@H](O)CN1CCC(Oc2ccc(Cl)c(Cl)c2)CC1,2.6463645
N#Cc1cccc(C(=O)NC[C@@H](O)CN2CCC(Oc3ccc(Cl)c(Cl)c3)CC2)c1,3.2724419
COc1cc(C(=O)NC[C@@H](O)CN2CCC(Oc3ccc(Cl)c(Cl)c3)CC2)ccc1N,2.8817391
COc1ccc(-c2nc3c(NCCCNC(=O)c4ccccc4)c(Br)cnc3[nH]2)cc1,3.3121161
CCNCc1cncc(-c2ccc(F)cc2OC)n1,1.4881641
COCCNCc1cncc(-c2ccc(F)cc2OC)n1,1.3091884
O=C(c1ccc(-c2noc(=O)[nH]2)cc1)N1CCC(N2CCC(Oc3ccc(Cl)c(Cl)c3)CC2)CC1,2.8231187
O=C(N[C@@H](c1ccccc1)[C@@H]1CCCCN1)c1cccc(C(F)(F)F)c1Cl,2.4937458
CC(C)(F)C[C@H](N[C@@H](c1ccc(-c2ccc(S(C)(=O)=O)cc2)cc1)C(F)(F)F)C(=O)NC1(C#N)CC1,3.5206301
CC(=O)c1ccc(S(=O)(=O)NC(=O)NC2CCCCC2)cc1,0.2825756
O=c1[nH]c2cc(Cl)ccc2c(O)c1-c1cccc(Oc2ccccc2)c1,3.5952802
CC(C)(O)c1ccc(Nc2nc3ccc(C#N)cc3[nH]2)cc1,2.7274785
Cc1cccc([C@H](C)c2c[nH]c(=S)[nH]2)c1C,2.948851
O=c1[nH]c2c(O)ccc([C@@H](O)CNCCCOCCNCCc3cccc(Cl)c3)c2s1,0.5319425
Cc1nc(CS(=O)(=O)c2ccccc2)cc(N2CCOCC2)n1,0.76724756
Cc1nc(CS(=O)(=O)c2ccc(Cl)cc2)cc(N2CCOCC2)n1,1.5321977
C#CC(C)(C)NC(=O)c1sccc1Oc1ccc(F)cc1[N+](=O)[O-],3.4336727
CC(=O)Nc1ccc2cnn(-c3cc(NC4CC4)n4ncc(C#N)c4n3)c2c1,2.5890741
CC[C@H]1OC(=O)[C@H](C)[C@@H](O[C@H]2C[C@@](C)(OC)[C@@H](O)[C@H](C)O2)[C@H](C)[C@@H](O[C@@H]2O[C@H](C)C[C@H](N(C)C)[C@H]2O)[C@](C)(O)C[C@@H](C)/C(=N\OCOCCOC)[C@H](C)[C@@H](O)[C@]1(C)O,1.4825956
COc1cc(F)ccc1-c1cncc(CNC(=O)c2ccccn2)c1,2.8947952
c1ccc(CNCCNCc2ccccc2)cc1,0.11216378
CN(C)CC1CCn2c(c(C3=C(c4cn(C)c5ccccc45)C(=O)NC3=O)c3ccccc32)C1,2.5777478
O=S(=O)(Nc1nc(-c2ccccc2)nn1Cc1ccccc1)c1ccccc1,1.8302565
O=C(NCc1ccncc1)c1ccc(Oc2ccc(C#CC3(O)CN4CCC3CC4)cc2)cc1,2.5099626
O=C(NCc1ccncc1)c1ccc(Oc2ccc(C#C[C@@]3(O)CN4CCC3CC4)cc2)cc1,2.398234
O=C(NCc1ccncc1)c1ccc(Oc2ccc(C#C[C@]3(O)CN4CCC3CC4)cc2)cc1,2.3614478
O=C(NC1CCCCC1)C1CCCN(S(=O)(=O)c2cccs2)C1,2.7610734
CSc1ccc(C(=O)C(C)(C)N2CCOCC2)cc1,2.7705393
NC(=O)c1ccc(N(C(N)=O)c2c(F)cccc2F)nc1-c1ccc(F)cc1F,1.9641671
CC(O)(C(=O)Nc1ccc(S(=O)(=O)c2cccnc2)cc1)C(F)(F)F,2.1587784
CCNc1nc(N)c(C(=O)c2ccc(Cl)s2)s1,3.3262525
CNc1ncc(C(=O)c2ccccc2)s1,2.425681
CCC(CC)NC(=O)c1cnn(-c2ccccn2)c1NS(=O)(=O)c1ccc(C)cc1,0.3614614
N#Cc1cnn(-c2ccccc2)c1NC(=O)CN1CCOCC1,0.5552168
COc1ccc2ccc(=O)n(CCN3CCC(NCc4cc5c(cn4)OCCO5)CC3)c2n1,0.8747233
Cc1cccc([C@H](C)c2c[nH]cn2)c1C,2.7301495
CCOC(=O)N1CCN(C(=O)[C@H](Cc2cccc(C(=N)N)c2)NS(=O)(=O)c2c(C(C)C)cc(C(C)C)cc2C(C)C)CC1,1.8631995
O=C(c1ccc(C(=C2CCN(Cc3cscn3)CC2)c2cccc3cccnc23)cc1)N1CCC(O)CC1,1.7446702
CC(NC(=O)C1(N)CCN(c2ncnc3[nH]ccc23)CC1)c1ccccn1,1.1357896
C(=C/c1nn[nH]n1)\c1ccccc1,-0.016632318
COc1ccc(CNCc2ccc(-c3cc(C(N)=O)c(NC(N)=O)s3)cc2)cc1,2.091625
CN(C(=O)Cc1ccc(-n2cnnn2)cc1)[C@@H]1CCN(Cc2ccc(C(F)(F)F)cn2)C[C@@H]1F,2.0735807
CN(C(=O)Cc1ccc(-n2cnnn2)cc1)C1CCN(Cc2ccc(C(F)(F)F)cn2)CC1,1.9949287
Fc1cc(-c2cccc3ncc(-c4cnn(C5CCNCC5)c4)nc23)cc(F)c1CN1CCOCC1,1.6486936
CCC(COC(=O)c1cc(OC)c(OC)c(OC)c1)(c1ccccc1)N(C)C,3.4614387
Cc1cc(-c2ccc(N3C[C@H](Cn4ccnn4)OC3=O)cc2F)on1,1.9374311
Cc1cnc(Nc2ccc(N3CCN(C)CC3)cc2)nc1Nc1cccc(S(=O)(=O)NC(C)(C)C)c1,2.7521956
O=C(O)COc1ccc(Cl)cc1CN1CCCN(S(=O)(=O)Cc2ccccc2)CC1,0.12596178
COc1cc2nc(N3CCN(C(=O)c4ccco4)CC3)nc(N)c2cc1OC,1.6574936
NC12CCC(c3ccccc3)(CC1)CC2,0.32395256
Cc1cc(C)c(CNC(=O)c2cc(C3CC3)nc3c2cnn3C(C)C)c(O)n1,3.4145226
CNC1(C)C2CCC(C2)C1(C)C,-0.55010223
COc1cc(C(=O)NS(=O)(=O)c2ccccc2C)ccc1Cc1cn(C)c2ccc(C(=O)NCCc3ccccc3)cc12,2.7588391
O=C1O[C@@H](COc2ccon2)CN1c1ccc(C2=CCOCC2)c(F)c1,2.3609257
CCC(c1nc2ccoc2c(=O)n1Cc1ccccc1)N(CCCN)C(=O)c1ccc(C)cc1,1.1950167
COc1cc2c(Nc3ccc(NC(=O)c4ccccc4)cc3)ncnc2cc1OCCCN1CCOCC1,3.0312493
Cc1oncc1C(=O)Nc1ccc(C(F)(F)F)cc1,3.1234949
C[C@@H](Oc1cccc2ncnc(Nc3ccc4c(cnn4Cc4cscn4)c3)c12)C(=O)N1CCOCC1,2.524076
Clc1ccc(Nc2nnc(Cc3ccncc3)c3ccccc23)cc1,3.5317874
NC1(c2ccc(-c3nc4ccccc4c(=O)n3-c3ccccc3)cc2)CCC1,1.7042971
CC(C)(C)c1ccc(C2=NC(=O)C(CC(=O)O)S2)cc1,-0.20919275
CC(=O)CC(c1ccccc1)c1c(O)c2ccccc2oc1=O,2.1513565
CC(C)(Cc1cccc(CC(=O)NCc2cccc(-c3ccc(O)cc3)c2)c1)NC[C@H](O)c1ccc(O)c(NS(C)(=O)=O)c1,2.0345998
COc1ccc([C@]2(C#N)CC[C@@H](C(=O)O)CC2)cc1OC1CCCC1,0.69562566
Nc1cccc2c1C(=O)N(Cc1cccc(Cl)c1)C2=O,2.8239367
Cc1cc(N)nc(CCNC(=O)c2ccc(C#N)cc2)c1,1.458437
CC[C@H](NC(=O)c1c([S+](C)[O-])c(-c2ccsc2)nc2ccccc12)c1ccccc1,3.25207
O=C([C@@H]1CCCN1)N1CCN(c2nc(NCc3ccc(Cl)cc3Cl)c3cccnc3n2)CC1,2.6494076
Cn1ncnc1COc1nn2c(-c3cc(F)ccc3F)nnc2cc1C(C)(C)C,3.0109086
COc1cc(C(=O)O)ccc1Cn1ccc2ccc(NC(=O)OC3CCCC3)cc21,1.9111177
Nc1c(-c2ccccc2)c(CN2CCOCC2)nn1-c1ccc(F)cc1,2.4481099
O=C(NCc1ccco1)c1ccc2[nH]c(COc3ccc(C45CC6CC(CC(C6)C4)C5)cc3)nc2c1,4.486868
CC(C)C(NC(=O)Cn1c(-c2ccccc2)ccc(NC(=O)NCc2ccccn2)c1=O)C(=O)C(F)(F)F,2.693105
O=C(Nc1ccc(Cl)c(Cl)c1)N1CCN(C[C@H]2CN(C3CC3)CCO2)CC1,2.5514092
O=C(CC12CC3CC(CC(C3)C1)C2)Nc1cccc2c(=O)n(C(CO)CO)ccc12,2.5823946
CCCN1CCC(Oc2nccc(Nc3cc(NC(=O)c4cccc(N5CCOCC5)c4)ccc3C)n2)CC1,2.8360825
CCN(c1ccnc(Nc2cc(N3CCOCC3)cc(N3CCOCC3)c2)n1)c1cc(CO)ccc1C,3.2086935
CN(c1cccc(CO)c1)c1ccnc(Nc2cc(N3CCOCC3)cc(N3CCOCC3)c2)n1,2.7839484
Cc1ccc(CO)cc1N(c1ccnc(Nc2cc(N3CCOCC3)cc(N3CCOCC3)c2)n1)C(C)C,3.612234
CN(c1ccccc1)c1ccnc(Nc2cc(N3CCOCC3)cc(N3CCOCC3)c2)n1,3.3965483
COc1ccc(C)c(N(C)c2ccnc(Nc3cc(N4CCOCC4)cc(N4CCOCC4)c3)n2)c1,3.6281853
Cc1ccc(CO)cc1N(C)c1ccnc(Nc2cc(N3CCOCC3)cc(N3CCOCC3)c2)n1,3.1520915
COc1cc(CO)cc(N(C)c2ccnc(Nc3cc(N4CCOCC4)cc(N4CCOCC4)c3)n2)c1,2.8154676
COCCN(c1ccnc(Nc2cc(N3CCOCC3)cc(N3CCOCC3)c2)n1)c1cc(CO)ccc1C,3.0890765
COc1ccc(OC)c(-c2cccc3c(N)c(C(=O)NC4(C)CCC4)nnc23)c1,3.4141662
CN1C(=O)CC(c2ccccc2)C1=O,0.9037802
CCCc1c(OCc2cccc(NC(=O)c3ccccc3C(=O)O)c2)ccc(C(C)=O)c1O,2.3764749
CC(C)Cn1c(=O)n(C)c(=O)c2c(SC3CCCC3)c(Cc3ccccc3C(F)(F)F)sc21,4.514727
COCCNC(=O)c1ccc(Nc2ncc3cc(-c4cccnc4)ccc3n2)cc1,2.9895885
CCC(=O)NCC[C@@H]1CCc2ccc3c(c21)CCO3,2.3919175
CCCCCc1cc(=O)[nH]c(N)n1,0.899253
Cc1nc(C(=O)[C@H](C)Oc2ccc(SCCCCCc3ccccc3)cc2)sc1CCCC(=O)O,3.251839
Cc1nc(C(=O)[C@@H](C)Oc2ccc(SCCCCCc3ccccc3)cc2)sc1CCCC(=O)O,3.362656
Nc1ncnc2nc(-c3ccc(N4CCOCC4)nc3)cc(-c3cccc(Br)c3)c12,3.4194994
COc1ccccc1C(C#N)NC(=O)[C@@H]1CCCC[C@H]1C(=O)N1CCN(Cc2ccc(F)cc2)CC1,3.2858882
O=C(O)c1ccccc1Cn1nnc(-c2cccc(OCc3ccc4ccccc4n3)c2)n1,1.1934443
CS(=O)(=O)Nc1cccc(NC(=O)CN2CCN(C(=O)C[C@H](N)Cc3ccc(F)c(F)c3)[C@H](Cc3ccccc3)C2)c1,1.7108377
CC(C)c1nc2ccc(-c3ccc(F)cc3)cc2c(=O)n1C[C@H]1CCCN(C(C)C)C1,3.3718214
Cc1nc2ccc(-c3ccc(Cl)cc3)cc2c(=O)n1C[C@H]1CCCN(C(C)C)C1,3.1583657
Nc1ccnc(-c2cccnc2)n1,0.50379384
O=C(c1ccccc1)c1ccc2n1CCC2C(=O)O,-0.87891006
COc1cccc(S(=O)(=O)c2c(C)n(CC(=O)O)c3ccc(C)cc23)c1,-0.21826363
CC(=O)Nc1cccc2c1c(S(=O)(=O)c1ccc(Cl)cc1)c(C)n2CC(=O)O,-0.494699
Cc1ccc2c(c1)c(S(=O)(=O)c1ccc(Cl)cc1)c(C)n2CC(=O)O,0.47892952
Cc1c(S(=O)(=O)c2ccc(Cl)cc2)c2cc(F)ccc2n1CC(=O)O,0.30262828
Cc1c(S(=O)(=O)c2ccc(Cl)cc2)c2c(NS(C)(=O)=O)cccc2n1CC(=O)O,-0.57534957
O=C(O)c1cc(N=Nc2ccc(S(=O)(=O)Nc3ccccn3)cc2)ccc1O,-0.30893135
NC(=O)c1cccc(OC2CCN(CC3CC3)CC2)c1,0.8509613
Nc1n[nH]c2nnc(-c3ccccc3)c(-c3ccccc3)c12,2.5669403
CNC(=O)c1cccc(NC(=O)Nc2cccc(C#N)c2)c1CN1CCC(Cc2ccc(F)cc2)CC1,3.586392
Cc1ncc(-c2ccnc(Nc3ccc(C(=O)N(C)C)c(F)c3)n2)n1C(C)C,2.6808643
Cc1ncc(-c2nc(Nc3ccc(C(N)=O)cc3)ncc2F)n1C(C)C,2.4532375
Cc1ncc(-c2ccnc(Nc3ccc(F)cc3)n2)n1C(C)C,3.3884344
CCn1c(-c2ccnc(Nc3ccc(C(=O)NC)cc3)n2)cnc1C,2.093465
Cc1ncc(-c2ccnc(Nc3ccc(C(=O)NCCN(C)C)c(F)c3)n2)n1C(C)C,1.831883
CCn1c(-c2ccnc(Nc3ccc(S(=O)(=O)NCCOC)cc3)n2)cnc1C,2.3158987
Cc1ncc(-c2ccnc(Nc3ccc(C#N)cc3)n2)n1C(C)C,3.102327
Cc1ncc(-c2ccnc(Nc3ccc(C(N)=O)c(F)c3)n2)n1C(C)C,2.4957712
Cc1ncc(-c2ccnc(Nc3ccccc3)n2)n1C(C)C,3.3016927
CCCS(=O)(=O)c1ccc(Nc2nccc(-c3cnc(C)n3C(C)C)n2)cc1,3.0801046
Cc1ncc(-c2ccnc(Nc3ccc(S(=O)(=O)CCCN(C)C)cc3)n2)n1C(C)C,1.4843113
Cc1ncc(-c2nc(Nc3ccc(C(=O)N(C)C)c(F)c3)ncc2F)n1C(C)C,2.8611267
Cc1ncc(-c2nc(Nc3ccc(C(=O)NCCN(C)C)c(F)c3)ncc2F)n1C(C)C,2.014762
Cc1ncc(-c2nc(Nc3ccc(C(=O)N(C)C)cc3)ncc2F)n1C(C)C,2.6537452
Cc1ncc(-c2ccnc(Nc3ccc(C(=O)N(C)C)cc3)n2)n1C(C)C,2.4708662
Cc1ncc(-c2ccnc(Nc3ccc(S(N)(=O)=O)cc3)n2)n1C,1.3638349
CNC(=O)c1ccc(Nc2ncc(F)c(-c3cnc(C)n3C(C)C)n2)cc1F,3.0230846
COc1ccc(Nc2nccc(-c3cnc(C)n3C(C)C)n2)cc1,3.3144035
Cc1ncc(-c2ccnc(Nc3ccc(C(N)=O)cc3)n2)n1C(C)C,2.2745643
CNC(=O)c1ccc(Nc2ncc(F)c(-c3cnc(C)n3C(C)C)n2)cc1,2.741081
Cc1ncc(-c2nc(Nc3ccc(C(N)=O)c(F)c3)ncc2F)n1C(C)C,2.6708493
COCCS(=O)(=O)c1ccc(Nc2nccc(-c3cnc(C)n3C(C)C)n2)cc1,2.755166
Cc1ncc(-c2ccnc(Nc3ccc(N(C)C)cc3)n2)n1C(C)C,3.2916045
Cc1ncc(-c2ccnc(Nc3ccc(C(=O)NCCO)cc3)n2)n1C(C)C,1.9696912
CNC(=O)c1ccc(Nc2nccc(-c3cnc(C)n3C(C)C)n2)cc1F,2.8551373
Cc1cc(Nc2ncc(F)c(-c3cnc(C)n3C(C)C)n2)ccc1C(=O)N(C)C,3.04111
CNC(=O)c1ccc(Nc2nccc(-c3cnc(C)n3C(C)C)n2)cc1,2.558366
C[C@H](CN(C)C(=O)CO)Oc1cccc2ncnc(Nc3ccc(OCc4ccccn4)c(Cl)c3)c12,3.429033
COc1cc2ncnc(Nc3ccc(OCc4ccccn4)c(C)c3)c2cc1OC,3.4459891
C[C@@H](Oc1cccc2ncnc(Nc3ccc(OCc4ccccn4)c(Cl)c3)c12)C(=O)N(C)CCO,3.2095246
C[C@@H](Oc1cccc2ncnc(Nc3ccc(OCc4ccccn4)c(Cl)c3)c12)C(=O)N(C)C,3.41775
CCNC(=O)c1cc2c(-n3ccc(C(F)(F)F)n3)c(-c3cnc(OC)c(-c4n[nH]c(=O)o4)c3)cnc2[nH]1,2.3286326
CCNC(=O)c1cc2c(-n3ccc(C(F)(F)F)n3)c(-c3cc(-c4n[nH]c(=O)o4)cnc3OC)cnc2[nH]1,2.199373
CCNC(=O)c1cc2c(-n3ccc(C(F)(F)F)n3)c(-c3cncc(-c4n[nH]c(=O)o4)c3)cnc2[nH]1,1.719377
CCCNC(=O)c1nnc2c(-c3ncccn3)cccc2c1N,1.6264522
CCCNC(=O)c1nnc2c(-c3ncccn3)c(F)ccc2c1N,1.6386951
CSc1ncccc1C(=O)NCc1ccc(C)cc1,2.7150958
COc1cccc(Nc2c(C(N)=O)cnc3c(C)cc(S(=O)(=O)c4cccc(C(=O)N(C)C)c4)cc23)c1,2.6855679
Oc1nc2cc(Cl)cc(Cl)c2c(O)c1-c1ccccc1,2.8242307
Oc1nc2ccccc2c(O)c1-c1ccccc1,1.7262895
CC(=O)N1CCN(c2ccc(NC(=O)c3nnc(Nc4ccccc4F)o3)cc2)CC1,2.4203782
COc1cc(C(=O)O)ccc1Cc1cn(C)c2ccc(NC(=O)CC3CCCC3)cc12,2.075281
Cc1cc(NCc2ccccc2)nc2ccccc12,3.5481281
Cc1sc2c(c1C)C(c1ccc(Cl)cc1)=N[C@@H](CC(=O)OC(C)(C)C)c1nnc(C)n1-2,3.8518548
CCc1cc2c(s1)-n1c(C)nnc1CN=C2c1ccccc1Cl,2.6927524
C=CC(=O)Nc1cccc(CN2C(=O)N(c3c(Cl)c(OC)cc(OC)c3Cl)Cc3cnc(NCCCCN(CC)CC)nc32)c1,2.4364579
C[C@@H](NC(=O)C1CCCCN1C)c1ccc(Nc2ncc3cc(-c4ccncc4)ccc3n2)cc1,2.6360054
C[C@@H](NC(=O)[C@H]1CCCCN1)c1ccc(Nc2ncc3cc(-c4ccncc4)ccc3n2)cc1,2.5558977
O=S(=O)(Nc1ccccc1-c1ccccc1)c1ccccc1,3.3557835
CC(C)C(NC(=O)Cn1c(-c2cccs2)ncc(N)c1=O)C(=O)C(F)(F)F,1.068318
CC(C)C(NC(=O)Cn1c(-c2cccs2)ncc(NC(=O)OCC(F)(F)F)c1=O)C(=O)C(F)(F)F,2.358617
NC(=O)N1c2ccccc2C=Cc2ccccc21,1.8946588
FC(F)(F)c1cc(CO[C@H]2CCCN[C@H]2c2ccccc2)cc(C(F)(F)F)c1,3.4873233
CN1CCN(c2ccc3nc(-c4c(N)c5c(F)cccc5[nH]c4=O)[nH]c3c2)CC1,2.5010142
CC(O)(C(=O)Nc1ccc2c(c1)-c1ccccc1S2(=O)=O)C(F)(F)F,3.0751014
Cc1ncsc1CCOCCCS(=O)(=O)CCNCCc1ccc(O)c2nc(O)sc12,1.4528825
Nc1c2c(nc3c(-c4ncccn4)cccc13)CN(C1CCC1)C2=O,1.988242
CCN1CCN(Cc2cnc(-c3ccc(C(=O)Nc4ccccc4N)cc3)c(C#N)c2)CC1,0.70634043
CCN1CCN(Cc2cnc(-c3ccc(C(=O)Nc4ccccc4N)cc3)c(Cl)c2)CC1,1.8335296
CC(C)N1CCN(Cc2cnc(-c3ccc(C(=O)Nc4ccccc4N)cc3)c(F)c2)CC1,1.4367902
Cc1cc(CN2CCN(C(C)C)CC2)cnc1-c1ccc(C(=O)Nc2ccccc2N)cc1,1.4532812
CCN1CCN(Cc2cnc(-c3ccc(C(=O)Nc4ccccc4N)cc3)c(C)c2)CC1,1.377248
CC(C)N1CCN(Cc2cnc(-c3ccc(C(=O)Nc4ccccc4N)cc3)c(C#N)c2)CC1,0.7804483
CC(C)N1CCN(Cc2cnc(-c3ccc(C(=O)Nc4ccccc4N)cc3)c(Cl)c2)CC1,1.9091996
O=S(=O)(CCCOCCc1cc2ccccc2o1)CCNCCc1ccc(O)c2nc(O)sc12,2.7536452
c1ccc(-c2c[nH]c(-c3ccccc3)n2)cc1,3.2793489
COc1cccc(-c2c[nH]c(-c3ccccc3)n2)c1,3.3011675
CCCN(CCC)C(=O)c1cccc(C(=O)N[C@@H](Cc2ccccc2)[C@H](O)CNCc2cccc(OC)c2)c1,2.84802
CN1CCN(S(=O)(=O)c2ccc(-c3cnc(N)c(C(=O)Nc4cnccc4CN4CCCC4)n3)cc2)CC1,2.39486
COc1ccc(N2CCN(C(=O)[C@@H]3CCCC[C@H]3C(=O)NC3(C#N)CC3)[C@H](C)C2)nc1OC,2.3599114
C(#Cc1n[nH]c2ccccc12)c1ccccc1,3.6943285
COc1cc(Nc2ncnc3cccc(O[C@H](C)C(=O)N4CCOCC4)c23)ccc1Oc1ccc(C)nc1,3.355072
Cc1ccc(Oc2ccc(Nc3ncnc4cccc(O[C@H](C)C(=O)N5CCOCC5)c34)cc2C)cn1,3.5688465
CN(C)CCNc1cc(-c2ccccc2)nc2cc(-c3ccc(F)cc3)nn12,3.027357
CCOC(=O)c1ccc(COC2CN(c3ccc(C)nn3)C2)cc1,2.8452396
COc1cc2c(NC(=O)Nc3c(Cl)cccc3Cl)ncnc2cc1OCC1CCN(C)CC1,2.7853727
Nc1cc(N2CCCCC2)nc(N)[n+]1[O-],0.67822397
CCc1ccc(NC(=O)c2ccc3cc(C(=N)N)ccc3c2)cc1,0.9817226
CC1CC(=O)Nc2ccccc2N1,1.0066973
O=C(c1cc(Cc2n[nH]c(=O)c3ccccc23)ccc1F)N1CCN(C(=O)C2CCCO2)CC1,1.141871
CCN(CC)C(=O)c1ccc([C@H](c2cccc(NC(=O)C3CC3)c2)N2CCN(CCOC)CC2)cc1,2.6061578
CCCCC1=NC2(CCCC2)C(=O)N1Cc1ccc(-c2ccccc2-c2nn[nH]n2)cc1,1.691366
COc1ccccc1O[C@@H](c1ccccc1)[C@@H]1CNCCO1,1.348536
N#Cc1cnn2c(NC3CC3)cc(-c3cccs3)nc12,3.0175872
CC[C@H](CO)Nc1nc(NCc2ccccc2)c2ncn(C(C)C)c2n1,3.3018284
CN(C)CCCNS(=O)(=O)c1ccc(Nc2nccc(-c3cnc4cccnn34)n2)cc1,1.161561
CNS(=O)(=O)c1ccc(Nc2nccc(-c3cnc4cccnn34)n2)cc1,2.5323079
COCCNS(=O)(=O)c1ccc(Nc2nccc(-c3cnc4cccnn34)n2)cc1,2.662671
Cc1ccc(NC(=O)c2ccnc(N3CCOCC3)c2)cc1Nc1ccnc(OCC2CCCN(C)C2)n1,1.7370417
CCc1nc2cc(O)ccc2c(Oc2ccc(/C=C/C(=O)O)cc2)c1-c1ccccc1,2.547177
CCCC(=O)C1(c2ccccc2)CCN(C(=O)[C@@H](Cc2ccc(OC)cc2)NC(=O)[C@@H](N)Cc2cncn2C)CC1,2.5830965
CS(=O)(=O)c1ccc(C(=O)NC[C@@H](O)CN2CCC(Oc3ccc(Cl)c(Cl)c3)CC2)s1,2.895259
O=C(Nc1ccc(Nc2ccc(NC(=O)c3ccccc3)c3c2C(=O)c2ccccc2C3=O)c2c1C(=O)c1ccccc1C2=O)c1ccccc1,3.7175827
CO[C@H]1CN(Cc2ccc(C(F)(F)F)cc2)CC[C@H]1N(C)C(=O)Cc1ccc(-n2cnnn2)cc1,2.757948
CO[C@@H]1CN(Cc2ccc(C(F)(F)F)cc2)CC[C@@H]1N(C)C(=O)Cc1ccc(-n2cnnn2)cc1,2.7715828
CN(C(=O)Cc1ccc(-n2cnnn2)cc1)[C@@H]1CCN(Cc2ccc(C(F)(F)F)cc2)C[C@@H]1F,2.9544513
CN(C(=O)Cc1ccc(-n2cnnn2)cc1)[C@H]1CCN(Cc2ccc(C(F)(F)F)cc2)C[C@H]1F,2.8708556
CN(C(=O)Cc1ccc(-n2cnnn2)cc1)C1CCN(Cc2ccc(C(F)(F)F)cc2)CC1,2.8712595
COc1cc2c(cc1-c1c(C)noc1C)ncc1[nH]c(=O)n([C@H](C)c3ccccn3)c12,2.9038925
N#C[C@@H]1CCCN1C(=O)CNC12CC3CC(CC(O)(C3)C1)C2,-0.4864185
O=C(N[C@@H](Cc1ccc(N2CCN(c3ccccc3)CC2)cc1)C(=O)O)c1c(Cl)cccc1Cl,0.3727106
COc1cc(Nc2nccc(Oc3cnc4ccccc4c3)n2)cc(OC)c1OC,3.5111437
O=C(O)c1ccc(NC(=O)c2cc(OCc3ccccc3F)cc(OCc3ccccc3F)c2)nc1,2.5772915
O=C(O)c1ccc(NC(=O)c2cc(OCc3ccccc3)cc(OCc3ccccc3)c2)nc1,2.267154
CN(C)CCC=C1c2ccccc2C=Cc2ccccc21,2.677379
COc1cc2ncnc(Nc3cccc(Cl)c3F)c2cc1CN(C)[C@H](C)C(N)=O,2.9189289
c1ccc(Nc2ncnc3ccccc23)cc1,2.9729223
Cc1cccc(Nc2ncnc3ccccc23)c1,3.2673025
COc1cc2ncnc(Nc3cccc(O)c3)c2cc1OC,2.8133519
COc1cc2ncnc(Nc3cccc(C)c3)c2cc1OC,3.282339
COc1cc2ncnc(Nc3ccc(F)c(Cl)c3)c2cc1OCCCN(C)C,2.541766
COc1cc2ncnc(Nc3ccc(F)c(Cl)c3)c2cc1OCCN(C)C,2.9507337
COc1cc2ncnc(Nc3ccc(F)c(Cl)c3)c2cc1OC,3.4378693
C#Cc1cccc(Nc2ncnc3cc(OCCOC)c(OCCOC)cc23)c1,3.4415212
COc1cc2ncnc(Nc3ccc(Cl)c(O)c3)c2cc1OC,3.1888533
Nc1ccc2ncnc(Nc3ccc(F)c(Cl)c3)c2c1,3.1582813
Cc1ccccc1Nc1ncnc2ccccc12,3.1657119
Clc1cccc(Nc2ncnc3ccccc23)c1,3.3698213
COc1cc2ncnc(Nc3cccc(Cl)c3F)c2cc1CN(C)[C@@H](C)C(N)=O,3.0349174
COc1cc2ncnc(Nc3ccccc3)c2cc1OC,2.9989128
C=CC(=O)Nc1ccc2ncnc(Nc3cccc(C)c3)c2c1,3.2534657
COc1cc2ncnc(Nc3ccc(F)cc3)c2cc1OC,3.1798453
COc1cccc(Nc2ncnc3cc(OC)c(OC)cc23)c1,3.0463753
O=c1[nH]n(Cc2ccccn2)c(=O)c2c(=O)c3ccc(Cl)cc3[nH]c12,0.27270138
CCCSc1nc2ccc(NC(=O)CCC(=O)O)cc2s1,0.70790064
Nc1nc2ccccc2s1,1.8906978
NCCc1ccc(O)c2nc(O)sc12,-0.3202157
Nc1nc2ccc(OC(F)(F)F)cc2s1,3.2551699
NS(=O)(=O)c1nc2ccccc2s1,1.3842826
Nc1nc2ccc(F)cc2s1,2.1839817
CCOc1ccc2nc(NC(=O)CC)sc2c1,3.1115305
Cc1nc2ccc(NC(=O)CCNC(N)=O)cc2s1,0.6998714
CCCSc1nc2ccc(NC(=O)CCNC(N)=O)cc2s1,2.5227807
CCOc1ccc2nc(N)sc2c1,2.4525132
O=c1c2cnn(-c3ccccc3)c2nc(-c2ccco2)n1-c1ccccc1,2.9500139
Cc1ccc2c(N)c(C#N)sc2n1,2.0947676
CCc1c(C)nc2sc(C(N)=O)c(N)c2c1C,2.792563
CN(C)c1ccnc2sc(C(N)=O)c(N)c12,1.7009405
CCC1(C)CC(=O)NC1=O,0.4196545
OCC(CO)Nc1nc(SCc2cccc(F)c2F)nc2nc(NC3CC3)sc12,3.422058
C[C@H](CO)Nc1nc(SCc2cccc(F)c2F)nc2nc(NC3CC3)sc12,3.7194586
O=S(=O)(CCCOCCc1nccc2ccccc12)CCNCCc1ccc(O)c2nc(O)sc12,2.310518
CC(=O)NC1CC(C)N(C(=O)c2ccccc2)c2ccccc21,1.8313549
O=c1cc(N2CCOCC2)oc2cc(O)ccc12,1.510976
CC(C)Oc1ccc(S(C)(=O)=O)cc1C(=O)N1CCN(c2ccc(C(F)(F)F)cc2)CC1,3.1189325
O=c1[nH]c2ccccc2n1CCCN1CCC(n2c(=O)[nH]c3cc(Cl)ccc32)CC1,3.4000046
O=C1NC(=O)c2cc(OCc3ccccc3)ccc21,2.599648
COc1cc2c(c(OC)c1OC)-c1ccc(OC)c(=O)cc1[C@@H](NC(C)=O)CC2,1.1326624
COc1cc2c(c(OC)c1OC)-c1ccc(OC)c(=O)cc1C(NC(C)=O)CC2,1.3230355
CCC(c1nc2ccsc2c(=O)n1Cc1ccccc1)N(CC1CCNCC1)C(=O)c1ccc(C)cc1,1.597724
CC1CN(C(=O)c2nnc3c(-c4ncccn4)cccc3c2N)C1,1.0711157
COc1cc(-c2nc(N3CCOCC3)cc(C3(S(C)(=O)=O)CC3)n2)c2cc[nH]c2c1,2.3670902
CC[C@@H]1COCCN1c1cc(C2(S(C)(=O)=O)CC2)nc(-c2cccc3[nH]ccc23)n1,2.9372234
C[C@@H]1COCCN1c1cc(C2(S(C)(=O)=O)CC2)nc(-c2cccc3[nH]ccc23)n1,2.6398995
CNC(=O)c1cc(-c2nc(N3CCOCC3)cc(C3(S(C)(=O)=O)CC3)n2)c2cc[nH]c2c1,1.4737141
C[C@H]1COCCN1c1cc(C2(S(C)(=O)=O)CC2)nc(-c2cccc3[nH]ccc23)n1,2.5710814
CS(=O)(=O)C1(c2cc(N3CCOCC3)nc(-c3cccc4[nH]ccc34)n2)CC1,2.3068526
Cc1ccc2[nH]ccc2c1-c1nc(N2CCOCC2)cc(C2(S(C)(=O)=O)CC2)n1,2.542839
COc1ccc(CN2C(=O)CCC2(C)C(=O)NC2CCCCC2)c(OC)c1,2.439576
Cc1cccc(NS(=O)(=O)c2ccc(-c3ccc(C#N)cc3)cc2)n1,2.8655982
N#Cc1ccc(-c2ccc(S(=O)(=O)Nc3cccc(N)n3)cc2)cc1,2.2941651
Fc1cc(F)cc(-c2cc(N(CCCN3CCCCCC3)Cc3ccc4c(c3)OCO4)on2)c1,3.510108
CC(C)Cn1c(=O)n(C)c(=O)c2c(S(=O)(=O)N3CC[C@@H](O)C3)c(Cc3ccccc3C(F)(F)F)sc21,3.3217914
C[C@@H]1CN(C(=O)OC(C)(C)C)CCN1c1ncc(OCC2CCN(S(C)(=O)=O)CC2)cn1,3.2462015
CCC1(c2cccc(O)c2)CCCCN(C)C1,0.88866293
COc1cc(OC)cc(-c2ccc(NC(=O)OCc3ccccc3)c(=O)n2CC(=O)NC(C(=O)C(F)(F)F)C(C)C)c1,3.3795142
CC(C)C(NC(=O)Cn1c(-c2ccccc2)ccc(NC(=O)OCc2ccc(C(=O)O)cc2)c1=O)C(=O)C(F)(F)F,1.0409868
CC(C)C(NC(=O)Cn1c(-c2cccc(C(=O)O)c2)ccc(NC(=O)OCc2ccccc2)c1=O)C(=O)C(F)(F)F,0.8456309
NC(=O)Nc1sc(-c2ccc(CN3CCCCC3)cc2)cc1C(N)=O,2.0901356
COc1cc(OC)c(S(=O)(=O)NCc2ccccc2N2CCC(CO)CC2)cc1NC(C)=O,1.1586487
COc1cc(OC)c(S(=O)(=O)NCc2ccccc2N2CCCCC2)cc1NC(=O)CCC(=O)O,-0.5547652
N#CC1(NC(=O)[C@@H]2CCCC[C@H]2C(=O)N2CCN(c3nc4ccncc4s3)CC2)CC1,1.7550284
COc1cc(Nc2nccc(N(C)c3cc(CO)ccc3C)n2)cc(N2CCOCC2)c1,3.369896
Cc1ccc(CO)cc1N(C)c1ccnc(Nc2cc(N3CCOCC3)cc(S(C)(=O)=O)c2)n1,2.4836888
COCCOc1cc(Nc2nccc(N(C)c3cc(CO)ccc3C)n2)cc(N2CCOCC2)c1,3.4275498
CN1CCN(C2=Nc3cc(Cl)ccc3Nc3ccccc32)CC1,3.1659195
O=C1CCC(=O)N1C(CCc1ccncc1)COc1ccc(-c2cccc([N+](=O)[O-])c2)cc1,3.3915014
COc1cc(CCc2cc(Nc3ccnc(NCc4ccccn4)n3)n[nH]2)cc(OC)c1,3.4042659
C1=C(c2cc3ccccc3o2)C2CCN1CC2,3.0697803
C#CCn1c(=O)c2c(-c3nc(C#N)cn3C)n(Cc3ccnc4ccc(Cl)cc34)nc2n(CC2CC2)c1=O,3.6887028
Cn1cc(S(C)(=O)=O)nc1-c1c2c(=O)n(C)c(=O)n(CC3CC3)c2nn1Cc1ccnc2ccc(Cl)cc12,2.8711805
C=CCn1c(=O)c2c(-c3nc(C#N)cn3C)n(Cc3ccnc4ccc(Cl)cc34)nc2n(CC2CC2)c1=O,3.714203
NC(=O)c1cccc(O[C@H]2C[C@@H]3CC[C@H](C2)N3CCc2ccccc2)c1,1.6043277
Cn1c(Nc2ccc(C(F)(F)F)cc2)nc2cc(Oc3ccnc(-c4ncc(C(F)(F)F)[nH]4)c3)ccc21,4.2239037
Nc1nc2ccc(-c3cccc(O)c3)cc2s1,3.1305852
CS(=O)(=O)c1ccc(-c2nnc(/C=C/c3nnc(-c4ccc(C#N)cc4)o3)n2-c2ccccc2Cl)nc1,2.9542518
C[C@@H]1CN(CC2(C(N)=O)CC2)CCN1S(=O)(=O)c1ccc(C(C)(O)C(F)(F)F)cc1,1.3528689
NC(=O)c1cccc(O[C@H]2C[C@@H]3CC[C@H](C2)N3CC2CC2)c1,0.40777373
Oc1ccc2c3c1O[C@H]1c4[nH]c5c(c4C[C@@]4(O)[C@@H](C2)N(CC2CC2)CC[C@]314)C[C@@]1(O)[C@H]2Cc3ccc(O)c4c3[C@@]1(CCN2CC1CC1)[C@H]5O4,1.4858744
CN[C@@H](C)C(=O)N[C@H]1CN(C(=O)CC(C)C)CC[C@H]2CC[C@@H](C(=O)NC(c3ccccc3)c3ccccc3)N2C1=O,1.6956017
O=c1cc(-c2cccnc2)[nH]c2cc(C(O)c3ccccc3)ccc12,2.5112617
O=c1cc(-c2cccnc2)[nH]c2cc(Cc3ccccc3)ccc12,3.3417735
Cc1nc(C)c(-c2ccc3c(c2)CC[C@]32CC[C@@H](CC(=O)O)CC2)nc1C(N)=O,1.6302507
Cc1nc(C)c(-c2ccc3c(c2)CC[C@]32CC[C@H](C(=O)O)CC2)nc1C(N)=O,0.8900672
Cc1nc(C)c(-c2ccc3c(c2)CC[C@]32CC[C@@H](C(=O)O)CC2)nc1C(N)=O,0.8013215
CN1CCN(c2nc(NCCNc3ccc([N+](=O)[O-])cc3)c3ccccc3n2)CC1,3.0367107
O=C(Cc1c(C(=O)O)[nH]c2ccccc12)Nc1cccc(C(F)(F)F)c1,1.5518172
Cc1ccc(NC(=O)c2ccno2)cc1-n1cnc2ccc(N3CCN(C)CC3)cc2c1=O,1.9657823
CNc1ncnc2c(CNc3cc(NC(=O)c4ccc5c(c4)OCCO5)ccc3C)cccc12,3.5524764
O=C(O)C[C@@H]1c2ccccc2C[C@H]1NC(=O)c1cc2cc(Cl)ccc2[nH]1,1.7270167
O=C(O)C[C@@H]1c2ccccc2C[C@H]1NC(=O)c1cc2cc(F)ccc2[nH]1,1.2169676
O=C(O)CCC[C@@H]1c2ccccc2C[C@H]1NC(=O)c1cc2cc(F)ccc2[nH]1,2.2654865
CCCCCCN1CC[C@]2(C)c3cc(O)ccc3CC1[C@@H]2C,2.466527
Cn1c(C#N)ccc1-c1ccc2c(c1)C(C)(C)OC(=S)N2,3.2486813
CN1C(=O)CC(C)(CCc2cccc(-c3ccccc3)c2)N=C1N,2.579393
N=C(N)c1cc2c(/C=C/c3ccc4c(c3)OCO4)cccc2s1,1.7844536
C[C@H](N)C(=O)N[C@H](/C=C/S(=O)(=O)c1ccccc1)CCc1ccccc1,1.8897731
CN1CCN(CCOc2n[nH]c3ncnc(Nc4ccc(OCc5ccccn5)c(Cl)c4)c23)CC1,2.130962
Cc1cc(NS(=O)(=O)c2ccc(N)cc2)no1,0.077613354
COc1cc2c(c(OC)c1OC)-c1ccc(O)cc1[C@@H](NC(C)=O)CC2,1.9809387
Cc1c(F)cc(C(=O)NC2CC2)cc1-c1ccc(C(=O)NCC(C)(C)C)cn1,3.2177203
C[C@@H](NC1=CC(=O)CNC1)c1ccc(Nc2ncc3cc(-c4ccncc4)ccc3n2)cc1,2.1638298
NC(=O)c1ccc(=O)n(Cc2ccc(F)c(F)c2)c1,1.3216138
NC(=O)c1ccc(=O)n(Cc2ccc(Cl)cc2Cl)c1,2.3597355
NS(=O)(=O)c1ccc(CCNc2ccc3nnc(-c4ccccc4)n3n2)cc1,2.6391335
COc1ccc(-c2nc(N)s[n+]2-c2ccccc2)cc1,2.211017
NC(=O)Nc1cc(-c2ccccc2)sc1C(=O)N[C@H]1CCCNC1,0.9519441
N#Cc1ccc(-c2cc(NC(N)=O)c(C(=O)N[C@H]3CCCNC3)s2)cc1,0.67033184
NC(=O)Nc1cc(-c2cccc(F)c2F)sc1C(=O)N[C@H]1CCCNC1,1.2394917
O=C(C(=O)c1cc(Br)ccc1O)c1cc(Br)ccc1O,3.5907402
CC(C)C[C@H](CO)Nc1nc(SCc2ccncc2)nc2nc(N)sc12,2.5759304
O=C(NCC12CC3CC(CC(C3)C1)C2)c1cc(C2CCNCC2)ccc1Cl,1.8574164
CCCc1cc(=O)[nH]c(=S)[nH]1,0.74687564
NC(=O)Nc1sc(-c2ccccc2)cc1C(=O)N1CCOCC1,2.398542
CN1CCOc2nc(C#Cc3ccccc3)ccc21,3.62846
O=C1C2=Nc3ccccc3CN2c2ccccc21,2.7657175
Cn1c(N)nc(CCc2ccc3cc[nH]c3c2)cc1=O,2.118069
COC(=O)N1CCN(c2ccnc(-n3ccnc3)n2)C(CC(=O)NCc2ccc3c(c2)OCO3)C1,1.753791
COC1CCN(C(=O)C2CCN(CCc3c(-c4cc(C)cc(C)c4)[nH]c4sc(C(C)(C)C(=O)N5C6CCC5CC6)cc34)CC2)CC1,4.374408
O=C1COc2c(CCNCCN(C(=O)CCNCCc3ccc(Cl)c(Cl)c3)C3CCCCC3)ccc(O)c2N1,2.4142728
CCN[C@H]1C[C@H](C)S(=O)(=O)c2sc(S(N)(=O)=O)cc21,-0.19627357
CCn1cc(C(=O)O)c(=O)c2ccc(C)nc21,-0.5825896
CC#CCn1c(=O)c2c(-c3cncn3C)n(Cc3ccnc4ccc(Cl)cc34)nc2n(CC2CC2)c1=O,3.56669
CCn1c(=O)c2c(-c3cncn3C)n(Cc3ccnc4ccc(Cl)cc34)nc2n(CC2CC2)c1=O,3.3920093
C#CC(C)n1c(=O)c2c(-c3cncn3C)n(Cc3ccnc4ccc(Cl)cc34)nc2n(CC2CC2)c1=O,3.4241657
C#CCn1c(=O)c2c(-c3cncn3C)n(Cc3ccnc4ccc(Cl)cc34)nc2n(CC2CC2)c1=O,3.4012032
C=CCn1c(=O)c2c(-c3cncn3C)n(Cc3ccnc4ccc(Cl)cc34)nc2n(CC2CC2)c1=O,3.4822965
Cn1cncc1-c1c2c(=O)n(CC#CCO)c(=O)n(CC3CC3)c2nn1Cc1ccnc2ccc(Cl)cc12,2.7867584
Cn1cncc1-c1c2c(=O)n(C)c(=O)n(CC3CC3)c2nn1Cc1ccnc2ccc(Cl)cc12,3.1008875
CC(C)n1c(=O)c2c(-c3cncn3C)n(Cc3ccnc4ccc(Cl)cc34)nc2n(CC2CC2)c1=O,3.6116738
Clc1ccc(COC(Cn2ccnc2)c2ccc(Cl)cc2Cl)cc1,3.7376106
Nc1ncnc2c1c(COc1cccc(Cl)c1)nn2C1CCOCC1,3.0609276
O=C(CC1CCN(Cc2ccn(-c3ccc(C(F)(F)F)cc3)c2)CC1)NC(c1ccc(F)cc1)c1c[nH]c(=O)c(Cl)c1,3.525786
O=C(CC1CCN(Cc2ccn(-c3ccc(C(F)(F)F)cc3)c2)CC1)NC(c1ccc(F)cc1)c1ccc(=O)[nH]c1,3.4655404
CNC(=O)c1c(F)cccc1Nc1nc(Nc2cc3c(cc2OC)CCN3C(=O)CN(C)C)nc2[nH]ccc12,2.413213
O=C(Nc1ccccn1)c1ccccc1,1.9649659
CC(C)COc1cc(OC(C)C)cc(C(=O)Nc2ccc(C(=O)O)cn2)c1,1.3660231
Cc1ccnc(NCc2c(O)ccc3ccccc23)c1,3.4581897
Cc1nn(-c2ccccc2)c(NS(=O)(=O)C2CCCCC2)c1C(=O)N[C@@H](C)C(C)(C)C,2.1168709
COc1ccc(-c2cc(N)n3ncc(C#N)c3n2)cc1,2.1138906
N#Cc1cnn2c(N)cc(-c3ccccc3)nc12,2.0850654
N#Cc1cnn2c(N)cc(-c3ccc(F)cc3)nc12,2.3436406
Oc1cc(-c2ccccc2)nc2ccnn12,1.0890588
COCCNc1nc(C#N)nc(NCC(C)C)c1N,2.560241
Cc1cc(C)nc(SCC(N)=O)n1,0.38837492
COc1cc(C(=O)NS(=O)(=O)c2ccccc2)ccc1Cn1ncc2ccc(NC(=O)OC3CCCC3)cc21,2.0953715
COc1ccc2nc(N[C@H]3CCC[C@H](NCc4ccsc4)C3)cc(C)c2c1,2.883581
COc1ccc2nc(N[C@H]3CCC[C@H](NCc4ccsc4)C3)ccc2c1,2.4748194
COc1ccc2c(C)cc(N[C@H]3CCC[C@H](NCc4ccsc4)C3)nc2c1,2.9104972
Cc1ccc(NC(=O)c2cccnc2)cc1-n1cnc2ccc(N3CCN(C)CC3)cc2c1=O,1.6256196
NC1C2CN(c3nc4c(cc3F)c(=O)c(C(=O)O)cn4-c3ccc(F)cc3F)CC12,-0.012253761
CNc1c(Br)cnc2[nH]c(-c3ccc(OCCN4CCN(C)CC4)cc3)nc12,2.133942
Clc1cccc(-n2nnnc2NCc2ccccc2Oc2ccccn2)c1Cl,3.3282022
COc1ccc(CNC(=O)CSc2nc3cccnc3s2)cc1,2.53969
CN1CCOc2cc(COC3CCCCC3)cnc21,2.781457
Nc1c2c(nc3ccccc13)CCCC2,2.2137213
O=C(Nc1c(Cl)cncc1Cl)c1ccc(OC(F)F)c(OCC2CC2)c1,3.639612
CCOc1cc2nccc(Oc3cnc(CC(=O)Nc4n[nH]c(CC)c4C)c(OC)c3)c2cc1OC,3.247748
CCc1[nH]nc(NC(=O)Cc2ncc(Oc3ccnc4cc(OC)c(OC)cc34)cc2OC)c1C,2.9552314
NC(=O)c1sc(-c2ccccc2)cc1N,2.5701432
NC(=O)c1sc(-c2ccc(Cl)cc2)cc1N,3.1308324
CNC(=O)Nc1cc(-c2ccccc2)sc1C(N)=O,2.7762141
CN(CCO)Cc1ccc(-c2cc(C(N)=O)c(NC(N)=O)s2)cc1,1.0215623
COCCOc1ccc(-c2cc(C(N)=O)c(NC(N)=O)s2)cc1,2.460459
NC(=O)c1cc(-c2ccccc2)sc1N,2.5048895
CN(C)CCOc1ccc(-c2cc(C(N)=O)c(NC(N)=O)s2)cc1,1.4346856
CN(C)CCCOc1ccc(-c2cc(C(N)=O)c(NC(N)=O)s2)cc1,0.94995856
NC(=O)Nc1cc(-c2ccccc2)sc1C(N)=O,2.2791636
COCCNCc1ccc(-c2cc(C(N)=O)c(NC(N)=O)s2)cc1,0.7507969
NC(=O)Nc1sc(-c2ccccc2)cc1C(N)=O,2.344616
COCCOCCOc1ccc(-c2cc(C(N)=O)c(NC(N)=O)s2)cc1,2.3767307
NC(=O)Nc1cc(-c2cccc(O)c2)sc1C(N)=O,2.024179
CNC(=O)c1cc(-c2ccccc2)sc1NC(N)=O,2.7437124
COc1cc2ncnc(Nc3ccc(F)c(Cl)c3)c2cc1OCCN1CCN(C)CC1,2.6622264
O=C(Nc1ccccc1F)N[C@H]1N=C(c2ccccc2)c2ccccc2NC1=O,3.6376495
O=C(Nc1ccccc1F)NC1N=C(c2ccccc2)c2ccccc2NC1=O,3.5613954
O=S(=O)(Nc1cccnc1)c1cccs1,0.60879123
Fc1ccc(C2CCN(C(=S)COCc3ccncc3)CC2)c(Cl)c1,3.2594357
Cc1ccsc1C(=CCCN1CCC[C@@H](C(=O)O)C1)c1sccc1C,2.0026648
CC[C@H](C)C(=O)O[C@H]1C[C@H](O)C=C2C=C[C@H](C)[C@H](CC[C@@H](O)C[C@@H](O)CC(=O)O)[C@H]21,-0.39604545
CC[C@H](C)C(=O)O[C@H]1C[C@@H](C)C=C2C=C[C@H](C)[C@H](CC[C@@H](O)C[C@@H](O)CC(=O)O)[C@H]21,0.87693155
CCC(C)(C)C(=O)O[C@H]1C[C@@H](C)C=C2C=C[C@H](C)[C@H](CC[C@@H](O)C[C@@H](O)CC(=O)O)[C@H]21,1.6332941
O=C(O)C(c1ccccc1)N1CCCC(CN2CCC(Oc3ccc(Cl)c(Cl)c3)CC2)C1,2.1483908
CS(=O)(=O)N1CC[C@H](N(Cc2ccccc2Cl)c2ccc(C#N)c(Cl)c2)C1,3.4887486
FC(F)(F)c1nnc2ccc(NCn3nnc4ccccc43)nn12,2.7655263
Cn1c(=O)n(Cc2ccc(Br)cc2)c2ccccc21,3.3882046
Nc1nc(Nc2ccc3nc(-c4ccc(F)cc4)cc(N)c3c2)cc(-c2ccc(C(F)(F)F)cc2)n1,3.8980434
Nc1nc(Nc2ccc3nc(-c4ccc(F)cc4)cc(N)c3c2)cc(-c2cccc(Cl)c2)n1,3.8107438
O=C(NCC1CCOCC1)c1nc(OS(=O)(=O)CCC(F)(F)F)ccc1NC(=O)c1ccc(Cn2ccnn2)c2ccccc12,3.7992878
COc1cc2ncnc(Nc3cc4ccccc4cn3)c2cc1OC,3.2925944
N#Cc1c(N)nc2c(c1N)CC(COc1ccccc1)O2,2.207502
CC(=O)NCc1ccc(CN2CCN(c3ccc(F)cc3F)CC2)cc1,2.63379
CC(=O)NCc1ccc(CN2CCN(c3ccccc3)CC2)cc1,2.1198108
O=C(O)COc1cccc(N2CCC(CN3CCC(Oc4ccc(Cl)c(Cl)c4)CC3)CC2)c1,1.3254046
O=C(O)c1cccc(N2CCC(CN3CCC(Oc4ccc(Cl)c(Cl)c4)CC3)CC2)c1,2.1459732
O=C(O)Cc1ccc(N2CCC(CN3CCC(Oc4ccc(Cl)c(Cl)c4)CC3)CC2)cc1,1.9999087
O=C(O)c1ccc(N2CCC(CN3CCC(Oc4ccc(Cl)c(Cl)c4)CC3)CC2)cc1,2.1555214
O=C(O)Cc1cccc(N2CCC(CN3CCC(Oc4ccc(Cl)c(Cl)c4)CC3)CC2)c1,1.9663744
O=C(O)COc1ccccc1N1CCC(CN2CCC(Oc3ccc(Cl)c(Cl)c3)CC2)CC1,1.2310826
O=C(O)c1ccccc1N1CCC(CN2CCC(Oc3ccc(Cl)c(Cl)c3)CC2)CC1,2.5090744
C[C@@H](CO)Oc1cc(Oc2ccc(S(C)(=O)=O)cc2)cc(C(=O)Nc2nccs2)c1,2.4015737
CC(C)Oc1cc(Oc2ccc(S(C)(=O)=O)cc2)cc(C(=O)Nc2nccs2)c1,3.2675414
O=[N+]([O-])c1ccc2c(c1)N(c1cccc[n+]1[O-])CC(C(F)F)(C(F)F)O2,2.876217
Cc1nc(-c2ccc(CN3CCC(n4c(=O)[nH]c5ccccc54)CC3)cc2)c(-c2ccccc2)[nH]c1=O,3.543736
COc1cc(N2CC[C@@H](N(C)C)C2)c2[nH]c(C(=O)Nc3ccc(N4CCOCC4)cc3)cc(=O)c2c1,2.228387
COc1cc2ncc(C(N)=O)c(Nc3ccc(F)cc3F)c2cc1NCCN1CCCCC1,2.3216
O=c1[nH]c(S)nc2[nH]cnc12,-0.926059
O=C(NC1Cc2ccccc2N(C[C@@H](O)CO)C1=O)c1cc2cc(Cl)ccc2[nH]1,3.010466
O=C(NC1Cc2ccccc2N(CC(CO)CO)C1=O)c1cc2cc(Cl)ccc2[nH]1,3.2000608
COC1(c2cc(F)cc(OCc3ccc4c(ccc(=O)n4C)c3)c2)CCOCC1,3.3625727
CCn1c(=O)ccc2cc(COc3cc(F)cc(C4(OC)CCOCC4)c3)ccc21,3.4937367
CCC1(c2ccc(N)cc2)CCC(=O)NC1=O,0.31125987
Cc1cccc(Br)c1C(=O)N[C@@H](Cc1ccc(NC(=O)c2c(Cl)cccc2Cl)cc1)C(=O)O,0.37861383
O=S(=O)(Nc1nc(-c2sccc2Cl)cs1)c1cc(Cl)ccc1Cl,3.096271
Cc1cnc(Nc2ccc(OCCN3CCCC3)cc2)nc1Nc1cccc(S(=O)(=O)NC(C)(C)C)c1,2.6882882
CCN(CC)CC#CCOC(=O)C(O)(c1ccccc1)C1CCCCC1,3.3526309
COc1ccc(C(CN(C)C)C2(O)CCCCC2)cc1,1.0061666
CN1CC=C(c2cccc(O)c2)CC1,1.0782428
Cc1nc(CSc2nc(N[C@H](C)CO)c3sc(N)nc3n2)cs1,1.4904058
COc1ccc(NC(=O)c2nnc(Nc3ccccc3F)o2)cn1,2.8201303
Cc1ccc(S(=O)(=O)Nc2c(C(=O)N[C@H](C)C(C)(C)C)c(C)nn2-c2ccccc2)cc1,1.0985283
Cc1ccc(S(=O)(=O)Nc2c(C(=O)NCC(C)(C)C)c(C)nn2-c2ccccc2)cc1,1.7000823
CCC(CC)NC(=O)c1c(C)nn(-c2ccccc2)c1NS(=O)(=O)c1ccc(C)cc1,1.0086987
Cc1nn(-c2ccc(F)cc2)c(NS(=O)(=O)c2ccc(C#N)cc2)c1C(=O)N[C@@H](C)C(C)(C)C,0.7531221
Cc1ccc(S(=O)(=O)Nc2c(C(=O)NC(C)C(C)(C)C)c(C)nn2-c2ccccc2)cc1,1.0883414
Cc1ccc(S(=O)(=O)Nc2c(C(=O)N[C@@H](C)C(C)(C)C)c(C)nn2-c2ccccc2)cc1,1.2394756
Cc1ccc(S(=O)(=O)Nc2c(C(=O)N[C@@H](C)C(C)(C)C)c(C(F)(F)F)nn2-c2ccccc2)cc1,2.0039113
CCC(CC)NC(=O)c1cnn(-c2ccccc2)c1NS(=O)(=O)c1ccc(C)cc1,1.0434122
Cc1nn(-c2ccc(F)cc2)c(NS(=O)(=O)c2ccc(C(F)(F)F)cc2)c1C(=O)N[C@@H](C)C(C)(C)C,2.0978196
CCC(C)NC(=O)c1c(C)nn(-c2ccccc2)c1NS(=O)(=O)c1ccc(C)cc1,0.75874484
Cc1ccc(S(=O)(=O)Nc2c(C(=O)NC(C)C)c(C)nn2-c2ccccc2)cc1,0.5032791
CNC(=O)c1cnn(-c2ccccc2)c1NS(=O)(=O)c1ccc(C)cc1,0.33560848
CCC(CC)NC(=O)c1cnn(-c2ccccc2Cl)c1NS(=O)(=O)c1ccc(C)cc1,1.445026
Cc1ccc(-n2nc(C(C)(C)C)cc2NC(=O)Nc2ccc(OCCN3CCOCC3)c3ccccc23)cc1,4.3433604
O=C(O)c1cncc(-c2cnc3[nH]c(C(=O)NC4CC4)cc3c2-n2ccc(C(F)(F)F)n2)c1,-0.57805324
Cc1ccc(C(=O)C2CCN(C(=O)c3ccc(C)cc3)CC2)cc1,3.3153577
Cc1ccc(C(=O)N2CCC(C(=O)c3ccc(Cl)cc3)CC2)cc1,3.4153962
O=C(c1ccc(Cl)cc1)C1CCN(C(=O)c2ccc(F)cc2)CC1,3.327108
COc1ccc(C(=O)C2CCN(C(=O)c3ccc(F)cc3)CC2)cc1,2.8104453
Cc1cccc(C(=O)N2CCC(C(=O)c3ccc(F)cc3)CC2)c1,3.192546
COc1ccc(C(=O)N2CCC(C(=O)c3ccc(F)cc3)CC2)cc1,2.806892
O=C(c1ccc(F)cc1)C1CCN(C(=O)c2ccc(F)cc2)CC1,3.032816
CCC1(c2ccccc2)NC(=O)N(C)C1=O,1.623356
CCN1C(=O)NC(c2ccccc2)C1=O,1.4341754
Nc1ncnc2sc(-c3c(-c4ccccc4)ncn3C[C@H]3CCCO3)nc12,2.8302817
O=C(NCC12CC3CC(CC(C3)C1)C2)c1cc(CN2CC3CNCC(C2)O3)ccc1Cl,1.9299082
CC1CN(C(=O)c2ccccc2)c2ccccc2NC1=O,2.1374083
CC(C)(C(=O)Nc1nnc(C(=O)Nc2ccc(N3CCOCC3)cc2)o1)c1ccc(Cl)cc1,3.1712556
NC(=O)Nc1sc(-c2ccsc2)cc1C(=O)N[C@H]1CCCNC1,1.0074253
CCn1c(SCC(=O)Nc2c(C#N)cnn2-c2ccccc2)nnc1-c1cccs1,2.2134624
CS(=O)(=O)c1ccc(C(CCNC(=O)c2ccc(C#N)cc2)c2ccc(F)cc2)cc1,2.8506854
O=c1[nH]n(C(c2ccccn2)C2CCCC2)c(=O)c2c(O)c3ccc(Cl)cc3nc12,1.7278278
N#CCNC(=O)c1ccc(-c2ccnc(Nc3ccc(N4CCOCC4)cc3)n2)cc1,2.4584968
CC(=O)Nc1ccc(-c2ccnc(Nc3ccc(N4CCOCC4)cc3)n2)cc1,2.8012202
CCCSc1nc(N2CCOCC2)ccc1C(=O)N[C@H]1C2CC3CC1C[C@](O)(C3)C2,2.9597454
O=C(Nc1cccc(O)c1)c1ccc(OCCCN2CCCC2)cc1OCc1ccccn1,1.9585328
O=C(O)c1cc2cc(OCc3ccccc3)ccc2[nH]1,1.3303051
N#CCc1c[nH]c2ccc(OCc3ccccc3)cc12,3.3611236
Nc1nc(Nc2cccc(Br)c2)c2nc[nH]c2n1,2.9659104
Nc1nc(Nc2ccc(F)c(Cl)c2)c2nc[nH]c2n1,3.0003104
c1ccc2c(c1)CCN(c1ccncc1)C2,2.4657187
N#Cc1ccc(Nc2nccc(NC3CC3)n2)cc1,2.7259107
N#Cc1nc(NC2CC3CCC2C3)c(N)c(N2CCOCC2)n1,3.1011267
O=C1c2ccccc2CN1C1CCN(CCC(c2ccccc2)c2ccccc2)CC1,3.4285588
CN1CCN([C@H]2C[C@@H](c3nc(-c4ccc5ccc(-c6ccccc6)nc5c4)c4c(N)nccn43)C2)CC1,2.859921
CC(C)C[C@H](NC(=O)N1CCOCC1)C(=O)N[C@H](/C=C/S(=O)(=O)c1ccccc1)CCc1ccccc1,3.3746536
O=S(=O)(Nc1cccnc1)c1ccc2c(c1)OCCO2,0.9916649
CC1(C)CNC(=O)c2sc(N3CCOCC3)nc2C1,1.3482575
Cc1cc(Nc2ncc(F)c(N[C@H]3[C@@H](C(N)=O)[C@@H]4C=C[C@H]3C4)n2)ccc1N1CCN(C)CC1,3.0529442
Cc1cnc(NC(=O)C2C(=O)c3ccccc3S(=O)(=O)N2C)s1,0.67608094
Cn1cnc2cc(C#Cc3ccccc3)cnc21,3.2648969
[O-][S+](c1ccccc1)c1ccc2nnnn2n1,0.44498765
CCNC(=O)c1ccc(CN2CCC(c3ccc(C(=O)Nc4ccccc4N)cc3)CC2)cc1,2.0739443
CN(C)C(=O)c1ccc(CN2CCC(c3ccc(C(=O)Nc4ccccc4N)cc3)CC2)cc1,1.7124777
CNC(=O)c1ccc(CN2CCC(c3ccc(C(=O)Nc4ccccc4N)cc3)CC2)cc1,1.7962774
Nc1ccccc1NC(=O)c1ccc(C2CCN(Cc3ccccc3)CC2)cc1,2.6806893
Nc1c(C(=O)NC2CC2)nnc2c(-c3ncccn3)c(F)ccc12,1.6525993
Nc1c(C(=O)NC2CC2)nnc2c(-c3ncccn3)cccc12,1.6396563
Cc1nc2nc(-c3cccnc3)nn2c(O)c1Cc1ccccc1,0.97962797
CCOC(=O)c1ccccc1-c1csc(NS(=O)(=O)c2ccc(Cl)cc2)n1,2.889508
Cc1ccc(-c2cc(C(=O)N3CCOCC3)c3cc(C)ccc3n2)cc1,3.3718593
C[C@@H](NC1=CC(=O)CC1)c1ccc(Nc2ncc3cc(-c4ccncc4)ccc3n2)cc1,3.1574435
c1ccc2[nH]c(CCCc3nc4ccccc4[nH]3)nc2c1,3.0202124
O=c1[nH][nH]c(=O)c2c1[nH]c1cc(Cl)cc(Cl)c12,1.1323521
Cc1ccc(/C(=C\CN2CCCC2)c2ccccn2)cc1,2.0095727
COc1ccc(-n2sc3ccccc3c2=O)cc1,2.9168699
O=c1cc(N2CCOCC2)nc2n(Cc3cccc(Cl)c3Cl)ccn12,3.2211783
Cc1cccc(Cn2ccn3c(=O)cc(N4CCOCC4)nc23)c1,2.3793414
Cc1ccccc1Cn1ccn2c(=O)cc(N3CCOCC3)nc12,2.3668733
Cc1cc2c(C(C)C)c(O)c(O)c(C=O)c2c(O)c1-c1c(C)cc2c(C(C)C)c(O)c(O)c(C=O)c2c1O,2.660713
OC1(C#Cc2ccc(-c3ccccc3)cc2)CN2CCC1CC2,2.9238317
O=c1cc(N2CCOCC2)oc2c(-c3cccc(-c4ccsc4)c3)cccc12,3.7075605
COC(=O)C1=C(C)NC(C)=C(C(=O)OC(C)C)[C@@H]1c1cccc2nonc12,3.48562
NC1(c2ccc(-c3c(-c4ccccc4)ccn4ccnc34)cc2)CCC1,2.2803838
C=C1C[C@@H]2[C@H](CC[C@]3(C)C(=O)CC[C@@H]23)[C@@]2(C)C=CC(=O)C=C12,3.2101126
Nc1nc2cc3c(cc2s1)CCN(Cc1cnc[nH]1)CC3,1.243877
COCCN1CCC(Cc2ccc(C(=O)NCc3cnc(C#N)nc3NCC(C)(C)C)cc2)CC1,3.2179954
CC(C)(C)C(O)/C(=C\c1ccc(Cl)cc1Cl)n1cncn1,3.4778447
FC(F)(F)c1nnc2ccc(NCc3cccnc3)nn12,2.142991
Cc1ncccc1Oc1ncnc(OC2CCN(C(=O)OC(C)C)CC2)c1C,3.4515767
CCN(C)C(=O)c1ccc(C(=C2CCN(Cc3cscn3)CC2)c2cccc3cccnc23)cc1,2.6463897
CN(C)C(=O)c1ccc(C(=C2CCN(Cc3cscn3)CC2)c2cccc3cccnc23)cc1,2.2628732
Cc1ccc(Oc2ccc(Nc3ncnc4cccc(O[C@H](C)C(=O)N(C)CCO)c34)cc2C)cn1,3.4224777
COc1ccc(-c2csc(NC(=O)c3c(C)noc3C)n2)cc1OC,3.2489939
Cc1cc(Oc2ccnc(Nc3ccc(S(N)(=O)=O)cc3)c2)c(-c2ccccn2)nc1C,2.7051234
COc1ccc(Nc2cc(Oc3cc(C)c(C)nc3-c3ccccn3)ccn2)cc1,3.5113432
COc1ccccc1Nc1cc(Oc2cc(C)c(C)nc2-c2ccccn2)ccn1,3.480423
COc1cc(Nc2cc(Oc3cc(C)c(C)nc3-c3ccccn3)ccn2)cc(OC)c1OC,3.4442835
COc1ccnc(CSc2nc3ccccc3[nH]2)c1,2.6149738
CCCc1nc2c(C)cc(-c3nc4ccccc4n3C)cc2n1Cc1ccc(-c2ccccc2C(=O)O)cc1,3.4604049
Cc1ccccc1CCOCCCS(=O)(=O)CCNCCc1ccc(O)c2nc(O)sc12,2.537013
O=S(=O)(CCCOCCc1ccccc1)CCNCCc1ccc(O)c2nc(O)sc12,2.2387152
C[C@@H](COCCCS(=O)(=O)CCNCCc1ccc(O)c2nc(O)sc12)c1ccccc1,2.4182017
CS(=O)(=O)Nc1ccc(CCOCCCS(=O)(=O)CCNCCc2ccc(O)c3nc(O)sc23)cc1,1.5976593
CCc1cc(C(=O)N[C@@H](Cc2cccc(Cl)c2)C(=O)NCC#N)n(C)n1,2.5456746
Cc1cccc(C[C@H](NC(=O)c2cc(C(C)(C)C)nn2C)C(=O)NCC#N)c1,3.2108655
N#Cc1ccccc1Oc1ccc(C(=O)NCc2ccncc2)cc1,2.5807898
O=C(NCc1ccncc1)c1ccc(Oc2ccccc2)cc1,2.9354885
Cc1ccc(Oc2ccc(C(=O)NCc3ccncc3)cc2)cc1,3.2444386
Cc1cc(=O)n(-c2ccccc2)n1C,0.68863297
Cc1c(N(C)C)c(=O)n(-c2ccccc2)n1C,0.6112889
O=C(N[C@@H](Cc1cccc(OCCCNc2ccccn2)c1)C(=O)O)c1c(Cl)cccc1Cl,-0.20201159
COc1cc(C(=O)NS(=O)(=O)c2ccccc2)ccc1Cn1ccc2ccc(NC(=O)OC3CCCC3)cc21,2.4852252
CNCC[C@H](Oc1cccc2ccccc12)c1cccs1,1.5822332
CCOC(=O)c1ccc(OCCC2CCN(c3ccc(C)nn3)CC2)cn1,3.1686637
CS(=O)(=O)c1ccc(C(=O)Nc2ccc(Cl)c(-c3ccccn3)c2)c(Cl)c1,2.9922876
Cc1cccc(NC(=O)c2ccc(-c3ccccc3)c(C#N)c2)n1,3.2939034
C[C@@H]1CN[C@@H](C2CC2)C(=O)N(C)[C@H](C)C(=O)N[C@H](Cc2ccc(F)cc2)C(=O)NCCCc2ccccc2O1,3.1993833
Cc1cnc(Nc2cc(N3CCOCC3)nc(N[C@@H](C)c3ncc(F)cn3)n2)s1,2.3362322
Cc1cnc(Nc2nc(N[C@@H](C)c3ncc(F)cn3)nc(N3CCOCC3)c2F)s1,2.5668318
C[C@H](Nc1nc(Nc2ncc(C#N)s2)cc(N2CCOCC2)n1)c1ncc(F)cn1,2.2991586
Cc1cc(Nc2ccccc2)n(CCC#N)n1,1.8032625
Cc1cc2cc3c(C)cc(=O)oc3c(C)c2o1,3.4449487
COc1c2occc2cc2ccc(=O)oc12,2.1351602
CC1(O)CN(S(=O)(=O)c2ccc3c(C(=O)NC[C@@H](O)CN4CCC(Oc5ccc(Cl)c(Cl)c5)CC4)c[nH]c(=O)c3c2)C1,3.1609554
O=C(NC[C@@H](O)CN1CCC(Oc2ccc(Cl)c(Cl)c2)CC1)c1c[nH]c(=O)c2cc(S(=O)(=O)N3CCC3)ccc12,3.2018342
Cc1cc(Cl)ccc1OC1CCN(C[C@H](O)CNC(=O)c2c[nH]nc2C(F)(F)F)CC1,3.2176719
Cc1c(Cl)ccc(OC2CCN(C[C@H](O)CNC(=O)c3c[nH]nc3C(F)(F)F)CC2)c1Cl,3.3013334
O=C(NC[C@@H](O)CN1CCC(Oc2ccc(Cl)c(Cl)c2)CC1)c1c[nH]nc1C(F)(F)F,3.4046426
Cc1ccc(-c2ccc(S(=O)(=O)N3CCC[C@H]3C(=O)N3CC[C@@H](N)C3)cc2F)o1,1.4613609
Cc1cc(CCC2CCN(S(=O)(=O)CC3(N(O)C=O)CCOCC3)CC2)c(C)cn1,1.2481282
C[C@@H]1CN(c2ccc3c(n2)NC(=O)CO3)[C@H](c2ccccc2)CO1,2.9911785
O=C(O)c1c(Sc2ccccc2)c2cc(Cl)ccc2n1Cc1ccc(Cl)cc1,3.3669825
N#Cc1ccc(C(=O)Nc2ccc(-n3ccnc3)nc2)cc1,1.8357532
Nc1sc2c(c1C(=O)NCc1ccccc1)CCCC2,3.4440193
Nc1ncnc2c1C(=O)N(c1ccc([C@H]3CC[C@H](CC(=O)O)CC3)cc1)CCO2,-0.35961223
NC(=O)c1ccn2c(-c3ccccc3)c(-c3ccc(C4(N)CCC4)cc3)nc2c1,1.7249727
NC1(c2ccc(-c3nc4ccccn4c3-c3ccccc3)cc2)CCC1,2.6099756
Cn1c(=O)n(Cc2ccc(C(=O)O)cc2)c(=O)c2cc(C#CCc3ccccc3)ccc21,2.185971
CCC(c1nc2ccsc2c(=O)n1Cc1cccnc1)N(CCCN)C(=O)c1ccc(C)cc1,0.46491086
COc1cc2c(Nc3cc(CC(=O)Nc4cccc(F)c4)[nH]n3)ncnc2cc1OCCCN1CCC(CO)CC1,1.9853439
COc1cc2c(Nc3cccc(Cl)c3Cl)c(C(N)=O)cnc2cc1NCCN(C)C,2.4097438
COc1cc(Nc2c(C#N)cnc3cc(OC)c(OC)cc23)cc(OC)c1,3.1326191
COc1cc2ncc(C(N)=O)c(Nc3cccc(F)c3F)c2cc1OC,2.8171282
COc1cc2ncc(C(N)=O)c(Nc3cccc(Cl)c3Cl)c2cc1OC,3.3594193
COc1cc2c(Nc3ccc(F)c(Cl)c3)c(C(N)=O)cnc2cc1OCCN(C)CCO,2.3461397
COCCOc1cc2nccc(Nc3cc(O)c(Cl)cc3F)c2cc1OC,3.298571
COc1cc2ncc(C(N)=O)c(Nc3ccccc3F)c2cc1OC,2.6708348
COc1cc2c(Nc3ccc(F)cc3F)c(C(N)=O)cnc2cc1NCCN(C)C,1.5484542
COc1cc2ncc(C(N)=O)c(Nc3ccc(F)cc3F)c2cc1OC,2.9224014
c1ccc(Nc2ccnc3ccccc23)cc1,3.0747917
COc1cc2ncc(C(N)=O)c(Nc3ccc(F)cc3F)c2cc1NCCN(C)C,1.5439323
COc1cc2ncc(C(N)=O)c(Nc3ccccc3C)c2cc1OC,2.855702
COc1cc2ncc(C(N)=O)c(Nc3cc(F)ccc3F)c2cc1OC,2.9108567
COc1cc2ncc(C(N)=O)c(Nc3cccc(Cl)c3)c2cc1OC,3.1823611
O=C(OCC(O)CO)c1ccccc1Nc1ccnc2cc(Cl)ccc12,2.8421848
COc1cc2ncc(C(N)=O)c(Nc3ccc(F)c(Cl)c3)c2cc1OC,3.2542486
COc1cc2ncc(C(N)=O)c(Nc3ccc(C)cc3F)c2cc1OC,3.0540476
COc1cc2ncc(C(N)=O)c(Nc3cccc(Cl)c3F)c2cc1OC,3.201899
COc1cc2ncc(C(N)=O)c(Nc3cc(C)ccc3F)c2cc1OC,3.051962
CCN(CC)Cc1cc(Nc2ccnc3cc(Cl)ccc23)ccc1O,3.2042947
COc1cc2ncc(C(N)=O)c(Nc3ccccc3Cl)c2cc1OC,3.0249116
COc1cc2ncc(C(N)=O)c(Nc3ccc(F)cc3)c2cc1OC,2.8164246
NC(=O)c1cccnc1Oc1ccccc1,1.7097182
C[C@@H]1C[C@H]2[C@@H]3CCC4=CC(=O)C=C[C@]4(C)[C@@]3(F)[C@@H](O)C[C@]2(C)[C@@]1(O)C(=O)CO,2.0666995
CC(=O)[C@@]1(O)CC[C@H]2[C@@H]3C[C@H](C)C4=CC(=O)C=C[C@]4(C)[C@@]3(F)[C@@H](O)C[C@@]21C,2.4462655
C[C@H]1C[C@H]2[C@@H]3CC[C@](O)(C(=O)CO)[C@@]3(C)C[C@H](O)[C@@H]2[C@@]2(C)C=CC(=O)C=C12,2.0852418
COc1ccc(CNC(=O)c2ccc(Oc3ccc(C#C[C@]4(O)CN5CCC4CC5)cc3)cc2)nc1,2.7174106
Cc1ccc(-c2nc3ccccc3[nH]2)cc1NC(=O)c1ccc(OCc2ccccn2)cc1,3.6584828
O=c1[nH]c2c(O)ccc([C@@H](O)CNCCc3ccc(CNCCc4ccccn4)cc3)c2s1,0.028506279
Cc1cc2c(C)cc(=O)oc2c2c1NCCC2,2.5532317
C[C@H]1O[C@@H](n2cnc3c(N)nc(OCC4CC45CC5)nc32)[C@H](O)[C@H]1Cl,2.987195
C[C@H]1O[C@@H](n2cnc3c(N)nc(OCC4CC45CC5)nc32)[C@H](O)[C@@H]1O,1.4471433
NS(=O)(=O)c1ccc2c(C(=O)NC[C@@H](O)CN3CCC(Oc4ccc(Cl)c(Cl)c4)CC3)c[nH]c(=O)c2c1,2.4589255
Cc1cc(Cl)ccc1OC1CCN(C[C@H](O)CNC(=O)c2c[nH]c(=O)c3cc(S(C)(=O)=O)ccc23)CC1,2.3922958
CN(C)S(=O)(=O)c1ccc2c(C(=O)NC[C@@H](O)CN3CCC(Oc4ccc(Cl)c(Cl)c4)CC3)c[nH]c(=O)c2c1,2.8121958
CS(=O)(=O)c1ccc2c(C(=O)NC[C@@H](O)CN3CCC(Oc4ccc(C#N)c(Cl)c4)CC3)c[nH]c(=O)c2c1,1.7236539
O=C(NC[C@@H](O)CN1CCC(Oc2ccc(Cl)c(Cl)c2)CC1)c1c[nH]c(=O)c2c(F)cccc12,3.40482
CS(=O)(=O)c1ccc2c(C(=O)NC[C@@H](O)CN3CCC(Oc4ccc(Cl)c(Cl)c4)CC3)c[nH]c(=O)c2c1,2.6100457
O=C(NC[C@@H](O)CN1CCC(Oc2ccc(Cl)c(Cl)c2)CC1)c1c[nH]c(=O)c2ccccc12,3.3587804
Cc1c(Cl)ccc(OC2CCN(C[C@H](O)CNC(=O)c3c[nH]c(=O)c4cc(S(C)(=O)=O)ccc34)CC2)c1Cl,2.5077043
O=C(NC[C@@H](O)CN1CCC(Oc2ccc(Cl)c(Cl)c2)CC1)c1c[nH]c(=O)c2cc(S(=O)(=O)NCCO)ccc12,2.3030097
N#Cc1ccc(OC2CCN(C[C@H](O)CNC(=O)c3c[nH]c(=O)c4ccccc34)CC2)cc1Cl,2.5508199
CNS(=O)(=O)c1ccc2c(C(=O)NC[C@@H](O)CN3CCC(Oc4ccc(Cl)c(Cl)c4)CC3)c[nH]c(=O)c2c1,2.752201
O=C(NC[C@@H](O)CN1CCC(Oc2ccc(Cl)c(Cl)c2)CC1)c1c[nH]c(=O)c2ccc(F)cc12,3.4792078
Cc1cc(Cl)ccc1OC1CCN(C[C@H](O)CNC(=O)c2c[nH]c(=O)c3c(F)cccc23)CC1,3.230081
CSc1nc(C(N)=O)c(N)s1,1.4950099
N=C(N)Nc1nc(CSCCC(=N)NS(N)(=O)=O)cs1,-1.1016593
CC(C)NCC(O)COc1nccs1,-0.61273336
OC1(c2ccccc2)CNCCc2ccccc21,0.9953414
CN1CCc2cc(Cl)c(O)cc2[C@@H](c2ccccc2)C1,2.7426019
Oc1ccc(C2CNCCc3c2cc(O)c(O)c3Cl)cc1,0.53820515
O=C1NC(=O)C(c2cnc3ccccn23)=C1c1cn2c3c(cccc13)CN(C(=O)N1CCOCC1)CC2,1.9881395
O=C(c1cccc(Cc2n[nH]c(=O)c3ccccc23)c1)N1CCN(c2ccccn2)CC1,2.299276
O=C(c1cc(Cc2n[nH]c(=O)c3ccccc23)ccc1F)N1CCN(c2ccccn2)CC1,2.4236777
CC(C)(C)NS(=O)(=O)c1cncc(-c2ccc3nc(N)nn3c2)c1,0.9746988
CNC(=O)Nc1nc2ccc(-c3cncc(S(=O)(=O)NC(C)(C)C)c3)cn2n1,1.4139572
O=C(NCC12CC3CC(CC(C3)C1)C2)c1ccnc(NCC2CCNCC2)c1Cl,1.029648
COc1ncc2ncc(=O)n(CCN3CCC(NCc4cc5c(cn4)OCCO5)CC3)c2n1,-0.07081771
CS(=O)(=O)Cc1cc(N2CCOCC2)nc(-c2ccc(NS(C)(=O)=O)cc2)n1,1.0563504
CS(=O)(=O)Cc1cc(N2CCOCC2)nc(-c2cccc(CO)c2)n1,1.096904
CSCc1cc(N2CCOCC2)nc(-c2ccccc2)n1,3.0869246
CS(=O)(=O)Cc1cc(N2CCOCC2)nc(-c2ccccc2)n1,1.8092871
Cc1noc2cc(N3CCN(C(=O)[C@@H]4CCCC[C@H]4C(=O)NC4(C#N)CC4)[C@H](C)C3)ccc12,2.7851095
O=c1[nH]c2c(O)ccc([C@@H](O)CNCCc3cccc(-c4cccc(CNCc5ccccc5)c4)c3)c2s1,2.2083778
O=C(Nc1ccc(N2CCNCC2)cc1)c1ccc(-c2ccc(Cl)cc2)o1,2.5788205
CCN(C(=O)c1ccc(-c2ccc(Cl)cc2)o1)c1ccc(N2CCNCC2)cc1,2.5576904
Cc1ccc(NC(=O)c2ccc(CN3CCN(C)CC3)cc2)cc1Nc1nccc(-c2cccnc2)n1,2.5686588
Cc1cccc(N(Cc2cc(F)c(F)cc2F)C(=O)O[C@H]2CN3CCC2CC3)c1,3.28586
Cc1c(Cl)ccc(OC2CCN(CC3CCN([C@@H](Cc4ccc(F)cc4)C(=O)O)CC3)CC2)c1Cl,2.6794271
O=C(O)[C@H](Cc1ccc(F)cc1)N1CCC(CN2CCC(Oc3ccc(Cl)cc3)CC2)CC1,2.1001668
O=C(O)[C@H](Cc1ccc(Cl)cc1)N1CCC(CN2CCC(Oc3ccc(Cl)c(Cl)c3)CC2)CC1,2.9503903
Cc1cc(OC2CCN(CC3CCN([C@@H](Cc4ccc(F)cc4)C(=O)O)CC3)CC2)ccc1Cl,2.4777665
O=C(O)[C@H](Cc1ccccc1F)N1CCC(CN2CCC(Oc3ccc(Cl)c(Cl)c3)CC2)CC1,2.550018
Cc1cc(Cl)ccc1OC1CCN(CC2CCN([C@@H](Cc3ccc(F)cc3)C(=O)O)CC2)CC1,2.556034
COc1ccccc1C[C@@H](C(=O)O)N1CCC(CN2CCC(Oc3ccc(Cl)c(Cl)c3)CC2)CC1,2.5541873
N#Cc1ccccc1C[C@@H](C(=O)O)N1CCC(CN2CCC(Oc3ccc(Cl)c(Cl)c3)CC2)CC1,2.3226018
Cc1cc(F)ccc1OC1CCN(CC2CCN([C@@H](Cc3ccc(F)cc3)C(=O)O)CC2)CC1,2.1564987
Cc1c(OC2CCN(CC3CCN([C@@H](Cc4ccc(F)cc4)C(=O)O)CC3)CC2)ccc(C#N)c1Cl,2.001328
Cc1cc(F)ccc1OC1CCN(CC2CCN([C@@](C)(Cc3ccc(F)cc3)C(=O)O)CC2)CC1,2.0102801
Cc1c(OC2CCN(CC3CCN([C@@](C)(Cc4ccc(F)cc4)C(=O)O)CC3)CC2)ccc(Cl)c1Cl,2.7587442
O=C(O)[C@@H](Cc1ccccc1)N1CCC(CN2CCC(Oc3ccc(Cl)c(Cl)c3)CC2)CC1,2.5964053
O=C(O)[C@H](Cc1ccccc1)N1CCC(CN2CCC(Oc3ccc(CO)c(Cl)c3)CC2)CC1,1.1565517
O=C(O)[C@H](Cc1ccc(F)cc1)N1CCC(CN2CCC(Oc3ccc(Cl)cc3Cl)CC2)CC1,2.5927198
Cc1cccc(C[C@@H](C(=O)O)N2CCC(CN3CCC(Oc4ccc(Cl)c(Cl)c4)CC3)CC2)c1,2.8828466
Cc1cc(OC2CCN(CC3CCN([C@@](C)(Cc4ccc(F)cc4)C(=O)O)CC3)CC2)ccc1Cl,2.342098
O=C(O)[C@H](Cc1ccccc1)N1CCC(CN2CCC(Oc3ccc(Cl)c(Cl)c3)CC2)CC1,2.4502082
O=C(O)[C@H](Cc1ccc(F)cc1)N1CCC(CN2CCC(Oc3ccc(Cl)c(Cl)c3)CC2)CC1,2.6120558
Cc1ccc(C[C@@H](C(=O)O)N2CCC(CN3CCC(Oc4ccc(Cl)c(Cl)c4)CC3)CC2)cc1,2.8775103
N#Cc1cccc(C[C@@H](C(=O)O)N2CCC(CN3CCC(Oc4ccc(Cl)c(Cl)c4)CC3)CC2)c1,2.3205216
Cc1ccccc1C[C@@H](C(=O)O)N1CCC(CN2CCC(Oc3ccc(Cl)c(Cl)c3)CC2)CC1,2.8526206
N#Cc1ccc(C[C@@H](C(=O)O)N2CCC(CN3CCC(Oc4ccc(Cl)c(Cl)c4)CC3)CC2)cc1,2.3249555
O=C(O)[C@H](Cc1cccc(F)c1)N1CCC(CN2CCC(Oc3ccc(Cl)c(Cl)c3)CC2)CC1,2.6193328
COc1ccc(-c2cc(=O)c3ccccc3[nH]2)cc1,3.054179
O=c1cc(-c2ccc(O)cc2)[nH]c2ccccc12,2.8383179
CC(=O)N[C@@H]1CCN(c2ccc(Nc3ncc(F)c(-c4cnc(C)n4C(C)C)n3)cc2)C1,2.901114
NC1(C(=O)NC(c2ccc(Cl)cc2)C2CC2)CCN(c2ncnc3[nH]ccc23)CC1,3.336286
O=c1cc(-c2ccco2)[nH]c2ccccc12,2.5871882
COc1cccc(Nc2nc(NCC3CCCO3)c3ccccc3n2)c1,3.518373
CC(C)Cn1c(=O)n(C)c(=O)c2c(C(=O)N3C[C@H](O)CO3)c(Cc3c[nH]c4ncccc34)sc21,1.780451
CC(C)(C)OC(=O)N1CCC(c2ncc(OCc3ccc(S(C)(=O)=O)cc3)cn2)CC1,2.7896416
O=c1cc(-c2ccccc2)ccn1-c1ccc2c(cnn2CCN2CCCC2)c1,2.2471654
Cc1cc(CN2Cc3ccccc3C2C(=O)Nc2cc(Cl)ccc2Cl)ccc1OCC(=O)O,2.2186728
Cc1cc(CN2Cc3ccccc3C2C(=O)Nc2ccc(Cl)cc2Cl)ccc1OCC(=O)O,2.2198637
Cc1cc(CN2Cc3ccccc3C2C(=O)Nc2ccc(Cl)cc2)ccc1OCC(=O)O,1.724756
Cc1ccc(NC(=O)c2cncs2)cc1-n1cnc2ccc(N3CCN(C)CC3)cc2c1=O,1.8451502
NC(=O)c1cnc(-c2ccc(C3(N)CCC3)cc2)c(-c2ccccc2)c1,1.1656747
O=C1NC(=O)C(Cc2cccc(Oc3ccccc3)c2)S1,2.7951667
NC1(c2ccc(-c3ncc4ccncc4c3-c3ccccc3)cc2)CCC1,2.046751
O=C1CCOc2nc(C#CC3CCCC3)ccc21,3.4171448
C[C@H]1CN(c2nc(N3CCOC[C@@H]3C)c3ccc(-c4ccccc4)nc3n2)C[C@@H](C)O1,3.7735827
COc1ccc(-c2ccc3c(N4CCOCC4)nc(N4C[C@H](C)O[C@H](C)C4)nc3n2)cc1CO,2.7721033
COc1ccc(-c2ccc3c(N4CCOC[C@@H]4C)nc(N4CCOC[C@@H]4C)nc3n2)cc1C(N)=O,2.635318
CNCc1cccc(-c2ccc3c(N4CCOCC4)nc(N4C[C@H](C)O[C@H](C)C4)nc3n2)c1,1.1122985
C[C@H]1COCCN1c1nc(N2CCOC[C@@H]2C)c2ccc(-c3cccc(C(=O)NCCO)c3)nc2n1,2.1802006
COc1ccc(-c2ccc3c(N4CCOCC4)nc(N4C[C@H](C)O[C@H](C)C4)nc3n2)cc1CNCCO,1.236088
O=C(NCC(=O)N(CCO)c1ccccc1)c1cc2cc(Cl)ccc2[nH]1,3.1384733
COc1ccc(/C=C2/CCc3ccccc3C2=O)cc1CN1CCOCC1,3.320901
O=C1[C@H]2[C@H]3CC[C@H](C3)[C@H]2C(=O)N1[C@H]1CC[C@H](C(=O)Nc2cccc3cccnc23)CC1,3.6898932
CN1CCN2c3ncccc3Cc3ccccc3C2C1,2.2969701
CC(C)N(CCCNC(=O)Nc1ccc(C(C)(C)C)cc1)C[C@H]1O[C@@H](n2ccc3c(N)ncnc32)[C@H](O)[C@@H]1O,2.2137625
CCCCC(NC(=O)CC1CCN(Cc2ccn(-c3ccc(C(F)(F)F)cc3)c2)CC1)c1ccc(=O)[nH]c1,3.155325
NC1(c2ccc(-n3c(-c4ccccc4)nc4ccccc4c3=O)cc2)CCC1,1.708136
Cc1ccc(C(=O)Oc2ccc(C(O)CNC(C)(C)C)cc2OC(=O)c2ccc(C)cc2)cc1,3.5399752
CS(=O)(=O)c1ccc(-c2cnc(N)c(-c3ccc(C(F)(F)F)nc3)c2)cc1,2.5505176
O=C(c1ccc(F)cc1)C1CCN(C(=O)NCc2ccccc2)CC1,3.3378973
CN[C@@H](C)C(=O)N[C@H](C(=O)N[C@H]1CCCN(C(=O)c2ccccc2)C1)C1CCCCC1,1.3427484
O=S1(=O)CC(O)C(N2CCC(c3ccccc3)CC2)C1,1.2288125
CC1(C)Cc2c(-c3ccccc3)c(-c3ccc(Cl)cc3)c(CC(=O)O)n2C1,2.3531556
O=C(Nc1ccc(N2CCOCC2)nc1)c1nnc(Nc2cccc(OCc3cccnc3)c2)o1,2.907602
NC1CCN(c2nccc(C(=O)NCC34CC5CC(CC(C5)C3)C4)c2Cl)CC1,1.5538554
O=S(=O)(Nc1nncs1)c1cc(Cl)c(Oc2ccc(C(F)(F)F)cc2-c2ccnnc2)cc1F,1.4108869
CC(C)C(NC(=O)Cn1c(-c2ccccc2)ccc(NC(=O)NCc2ccc[n+]([O-])c2)c1=O)C(=O)C(F)(F)F,1.4673641
CC(C)[C@@H](CO)NS(=O)(=O)c1ccc(Cl)s1,2.304436
CC(C)C[C@@H](CO)NS(=O)(=O)c1ccc(Cl)s1,2.7247293
CC[C@H](C)[C@@H](CO)NS(=O)(=O)c1ccc(Cl)s1,2.785033
CCn1cc(NC(=O)Cc2ccc(Oc3ccnc4ccc(F)cc34)cc2OC)cn1,3.46026
COc1ccc2c(Oc3ccc(CC(=O)Nc4cn(C)nc4C)c(OC)c3)ccnc2c1,3.2837675
CCn1cc(NC(=O)Cc2ccc(Oc3ccnc4cc(F)ccc34)cc2OC)cn1,3.4650707
CCn1cc(NC(=O)Cc2ccc(Oc3ccnc4cc(OC)c(OC)cc34)cc2OC)cn1,3.3796258
CN(CCOc1ccc(C[C@H](Nc2ccccc2C(=O)c2ccccc2)C(=O)O)cc1)c1ccccn1,2.1830192
COc1cc2c(Nc3ccc(F)cc3F)c(C(N)=O)cnc2cc1N1CCN(C)CC1,2.3880992
Cc1nc(C)c(-c2ccc3c(c2)CC[C@]32CC[C@@H](c3nnn[nH]3)CC2)nc1C(N)=O,1.6139513
N=S(=O)(O)Cc1noc2ccccc12,0.5125103
N=C(N)c1cc2c(OCc3ccccc3)cccc2s1,1.5636998
c1cn(-c2ccc(Oc3nccc(Oc4ccc5c(c4)OCO5)n3)cc2)cn1,3.3571582
Cc1cc(Oc2ccc3c(c2)OCO3)nc(Oc2ccc(-n3ccnc3)cc2)n1,3.51999
Cc1cnc(Oc2ccc(-n3ccnc3)cc2)nc1Oc1ccc2c(c1)OCO2,3.567574
Cc1ncc(-c2ccnc(Nc3ccc(N4CCOCC4)cc3)n2)n1C(C)C,3.157266
Cc1ncc(-c2nc(Nc3ccc(N4CCOCC4)cc3)ncc2F)n1C(C)C,3.2935667
Cc1nnsc1C(=O)Nc1ccccc1,0.9957614
O=c1oc2ccccc2c(O)c1Cc1c(O)c2ccccc2oc1=O,1.512336
Nc1[nH]nc2ccccc12,0.7606013
Nc1[nH]nc2cccc(Cl)c12,1.3599994
C[C@@H](NC1=CC(=O)CCC1)c1ccc(Nc2ncc3cc(-c4ccncc4)ccc3n2)cc1,3.238327
COc1ccc(-c2ccc3c(N4CCOC[C@@H]4C)nc(-n4ccnc4)nc3n2)cc1CO,2.585849
OCC[C@@]1(c2cc3ccccc3o2)CCCNC1,0.20440185
OCC[C@]1(c2cc3ccccc3o2)CCCNC1,0.30943644
CO[C@H]1CC[C@]2(CC1)Cc1ccc(-c3cncc(Br)c3)cc1C21N=C(C)C(N)=N1,3.6377068
Cc1ccccc1N1C(=O)c2cc(S(N)(=O)=O)c(Cl)cc2NC1C,1.6851139
C[C@@]1(C(=O)Nc2ccc(F)nc2)CCCN1c1nc(Nc2cc(C3CC3)[nH]n2)c2cccn2n1,3.5110836
O=C(N[C@@H](Cc1ccc(OCCc2ccc3c(n2)NCCC3)cc1)C(=O)O)c1c(Cl)cccc1Cl,0.11708927
N=C(N)NC(=O)c1nc(Cl)c(NCc2ccccn2)nc1N,-0.3017969
COc1ccc([C@]2(O)CC[C@H](N3CC[C@@H](NC(=O)CNC(=O)c4cccc(C(F)(F)F)c4)C3)CC2)cn1,2.0658994
O=C(COCc1ccccn1)N1CCN(c2ccc(Cl)cc2Cl)CC1,3.0224457
CN1CCCC1c1cccnc1,0.0034823418
Nc1[nH]ncc1S(=O)(=O)c1ccccc1,0.68751645
CCc1cccc2c3c([nH]c12)C(CC)(CC(=O)O)OCC3,0.5616939
Nc1nccc(-c2cc3c([nH]2)[C@@H](CCF)CNC3=O)n1,0.41505444
Nc1nccc(-c2cc3c([nH]2)[C@H](CCF)CNC3=O)n1,0.6337447
CCCCCC[C@H]1OC(=O)CNC(=O)[C@@H]([C@H](C)O)NC(=O)[C@H](CO)NC(=O)[C@H]([C@H](C)CC)NC(=O)[C@H](CC(C)C)N(C)C(=O)[C@@H]1C,3.4091954
COc1cc(N2CC3COCC(C2)N3)ccc1Nc1ncc(Cl)c(-c2cnc3ccccn23)n1,3.006424
Cc1cnc(C(=O)NCCc2ccc(S(=O)(=O)NC(=O)NC3CCCCC3)cc2)cn1,0.53616655
CN1CCOc2cc(OC(=O)c3ccccc3)cnc21,3.1729498
CC(=O)Nc1ccc2ccn(-c3cc(NC4COC4)n4ncc(C#N)c4n3)c2c1,2.2893605
Nc1ncc2cc(-c3c(Br)cccc3Br)c(N)nc2n1,2.729003
COc1cc(OC)cc(-c2cc3cnc(N)nc3nc2N)c1,1.9439611
CCc1nc2c(N)nc3ccccc3c2n1CCCCNS(C)(=O)=O,1.2042812
CC(C)Cn1cnc2c(N)nc3ccccc3c21,2.6442478
CCOCc1nc2c(N)nc3ccccc3c2n1CC(C)(C)O,1.4176166
CCCCc1nc2c(N)nc3ccccc3c2n1CC(C)C,3.3779612
CCc1nc2c(N)nc3ccccc3c2n1CC(C)(C)O,1.4528306
CCCCc1nc2c(N)nc3ccccc3c2n1CC(C)(C)O,2.2954838
CCc1nc2c(N)nc3ccccc3c2n1CC(C)C,2.9186559
Cc1ccc(C(NC(=O)c2ccccc2O)C(=O)Nc2c(C)cccc2C)s1,3.64449
CC(C)CCCC(C)/N=c1\ccn(Cc2ccccc2)c2cc(Cl)ccc12,3.510024
CCCCCC/N=c1\ccn(Cc2ccccc2)c2cc(Cl)ccc12,3.5007374
Clc1ccc(CN(Cc2ccc(Cl)cc2)c2nn[nH]n2)cc1,2.6931965
c1ccc(CN(Cc2ccccc2)c2nn[nH]n2)cc1,1.1890779
CC(C)c1ccc(Sc2cnc(O)c(C(=O)NCc3ccccc3)c2)cc1,3.714128
COc1cccc([C@@H](C)NCCCc2ccccc2Cl)c1,3.1582105
CN1CCN(c2ccc(Nc3ccnc4ccccc34)cc2)CC1,2.5264754
O=C(NCC12CC3CC(CC(C3)C1)C2)c1cc(N2CCNCC2)ccc1Cl,2.0207853
Nc1c(C(=O)c2cccc(OC[C@@H](O)CO)c2)cnn1-c1ccc(F)cc1,1.6535356
Nc1c(C(=O)c2cccc(OC[C@H](O)CO)c2)cnn1-c1ccc(F)cc1,1.6800278
c1csc(Cn2nnnc2CN2CCN(c3nc4ccccc4s3)CC2)c1,3.283836
O=C(Nc1ccccc1Cl)c1cc[nH]n1,2.303411
CCCc1c(C(=O)Nc2ccc(F)cc2C)cnn1-c1ccccc1,3.6405861
O=C(O)CCc1nc(-c2ccccc2)c(-c2ccccc2)o1,0.9910896
Oc1nc(-c2ccccc2)c(-c2ccccc2)o1,3.1355584
Nc1c2c(nc3ccc(Br)cc13)N(c1ccccc1)CC2,3.4720876
CCC1(c2ccccc2)C(=O)NC(=O)NC1=O,0.47816384
Nc1ncc(-c2ccc(F)cc2)[nH]1,1.5760524
O=c1oc(-c2ccccc2)cc2ccccc12,3.2630575
O=C(c1ccc(OCCN2CCCCC2)cc1)c1c(-c2ccc(O)cc2)sc2cc(O)ccc12,3.6870508
CC(C)C(NC(=O)Cn1c(-c2ccccc2)cc2c(=O)n(CCN3CCOCC3)c(=O)[nH]c2c1=O)C(=O)C(F)(F)F,1.7569672
O=S(=O)(c1ccccc1-c1ccc(CNC2CCOCC2)cc1)N1CCCC1,1.707984
COc1ccc(C(=O)Nc2c(Cl)cncc2Cl)c2cccnc12,2.4687488
O=C1CCCCCN1,-0.22937465
CC(C)(C)C(=O)N[C@H]1CCCCNC1=O,0.64890885
O=c1ncn2nc(Sc3ccc(F)cc3F)ccc2c1-c1c(Cl)cccc1Cl,3.4299884
Oc1ncnc2onc(-c3ccc(F)cc3)c12,1.3451633
CCCC(=O)N1CCN(c2nnc(-c3ccccc3)c3ccccc23)CC1,3.364892
CC[C@@H]1C(=O)N(C)c2cnc(Nc3ccc(C(=O)NC4CCN(C)CC4)cc3OC)nc2N1C1CCCC1,3.0764897
Cc1nc(-c2ccccc2)c(-c2ccc(CN3CCC(n4c(=O)[nH]c5ccccc54)CC3)cc2)[nH]c1=O,3.54276
CC[C@@H](Nc1c(Nc2cccc(C(=O)N(C)C)c2O)c(=O)c1=O)c1ccc(C)o1,2.1929452
CN(C)c1nc(N(C)C)nc(N(C)C)n1,2.1490846
CC(C)Cn1c(=O)n(C)c(=O)c2c(SC3CCCCC3)c(Cc3ccccc3C(F)(F)F)sc21,4.6299953
O=C(c1ccc(F)cc1)N1CCC[C@H](c2nc(-c3ccc(F)cc3)no2)C1,3.2772908
O=C1NC(=O)C(Cc2ccc3ccccc3c2)S1,2.3964827
N[C@H]1CCN(c2c(Cl)cccc2/C=C2\SC(=O)NC2=O)C1,1.4220984
COc1ccnc(CCc2nc3cc(Br)cnc3[nH]2)c1,2.7322264
COc1ccnc(CCc2nc3c(C)ccnc3[nH]2)c1,2.0419319
COc1ccnc(CCc2nc3cccnc3[nH]2)c1,1.7501007
O=C(NCCc1ccccc1Cl)c1cc(-n2ncc(=O)[nH]c2=O)ccc1Cl,1.8458345
O=C(NCCc1ccccc1)c1cc(-n2ncc(=O)[nH]c2=O)ccc1Cl,1.1740639
CC(=O)Nc1ccc(S(=O)(=O)Nc2ccc(Cc3ccncc3)cc2)cc1,2.2175486
Cc1[nH]c2nc(NCc3cccc(Cl)c3)nn2c(=O)c1Cc1ccccc1,3.4778504
Cc1[nH]c2nc(NCc3cccc(Br)c3)nn2c(=O)c1Cc1ccccc1,3.525886
Cc1[nH]c2nc(NCc3ccc(Cl)cc3)nn2c(=O)c1Cc1ccccc1,3.475272
CC(C)C(NC(=O)Cn1c(-c2ccccc2)ccc(NS(=O)(=O)NCc2ccccc2)c1=O)C(=O)C(F)(F)F,2.6753805
O=C(NCC12CC3CC(CC(C3)C1)C2)c1c(Cl)ccc2nc(N3CCC[C@H](NCCc4nnn[nH]4)C3)ccc12,2.5504596
Cn1sc(=O)c2cc(S(=O)(=O)NC3CC3)ccc21,1.6253916
Cn1cncc1-c1c2c(=O)n(CC3CC3)c(=O)n(CC3CC3)c2nn1Cc1ccnc2ccc(Cl)cc12,3.9146771
Cc1ccc(OCC(=O)O)c(-n2nc3ccccc3n2)c1,-0.5615697
Cn1ncc(Cl)c1-c1cc(C(=O)N[C@H](CN)Cc2cccc(F)c2)sc1Cl,2.613408
Cc1ccc(S(=O)(=O)Nc2ccc(/C=C/C(=O)Nc3ccccc3N)cc2)cc1,3.1721692
COc1ccc(S(=O)(=O)Nc2ccc(/C=C/C(=O)Nc3ccccc3N)cc2)cc1OC,2.81994
O=C(NC[C@@H](O)CN1CCC(Oc2ccc(Cl)c(Cl)c2)CC1)c1c[nH]nc1C1CC1,3.4435735
Nc1ccc2c(c1)C(=O)c1ccccc1-2,1.9201082
O=C(NC[C@@H](O)CN1CCC(Oc2ccc(Cl)c(Cl)c2)CC1)c1c[nH]c(=O)c2cc(S(=O)(=O)NC3CC3)ccc12,3.2020514
O=C(N1CCN(c2ccncc2Cl)CC1)N1CCN(S(=O)(=O)c2ccc(C(F)(F)F)cc2)CC1,3.2019277
COc1ccc2nc(NC(=O)CCc3ccc(OC)c(OC)c3)sc2c1,3.4318147
O=C(Nc1cccc(O)c1)c1ccc(OCCCN2CCCC2)cc1OCc1cccnc1,1.8203679
Nc1nc(SCc2ccccc2)nc2c1ncn2[C@@H]1O[C@H](CO)[C@@H](O)[C@H]1O,1.2160585
CC(C)N1CCN(C(=O)NCc2ccc(Cl)c(Cl)c2)CC1,2.9004335
CCCSc1nc(Oc2ccc(CC(=O)O)cc2)ccc1C(=O)NC1CCCCC1,2.0892768
Nc1n[nH]c(N)c1Cc1ccc2c(c1)OCO2,0.45242822
CCOC(=O)[C@H](Cc1ccc([N+](=O)[O-])cc1)NC(=O)c1ccccc1,2.6993852
COc1c(C#N)cc2ccccc2c1C(=O)N(C)C[C@@H](CCN1CCC(c2ccc(O)cc2[S+](C)[O-])CC1)c1ccc(Cl)c(Cl)c1,3.4695606
CC(C)[C@H](NC(=O)CCc1ccccc1)C(=O)N1CCCC1,2.3714468
c1ccc(Nc2ccccc2)cc1,3.0618014
O=C(O)Cc1ccccc1Nc1c(Cl)cccc1Cl,1.210227
COc1ccc(Nc2ccccc2C(=O)O)cc1,0.8173084
Cc1ccc(Nc2c(F)cccc2Cl)c(CC(=O)O)c1,1.2597783
Cc1ccc(Cl)c(Nc2ccccc2C(=O)O)c1Cl,1.8824619
Cc1cccc(Nc2ccccc2C(=O)O)c1C,1.5176061
O=C(O)c1ccccc1Nc1cccc(C(F)(F)F)c1,1.8525735
Nc1ncccc1NCc1cccc(-c2cccnc2)c1,2.403458
CCn1cc(C(=O)O)c(=O)c2cc(F)c(N3CCNCC3)cc21,-1.0576913
CCn1cc(C(=O)O)c(=O)c2cc(F)c(N3CCNC(C)C3)c(F)c21,-0.87063885
CC(C)Oc1cc(OCCc2ccsc2)cc(C(=O)Nc2ccc(C(=O)O)cn2)c1,1.6726966
O=C(O)COc1ccc(Cl)cc1CN1CCCN(S(=O)(=O)c2ccccc2)CC1,0.14840388
COC(=O)[C@@H]1C2CCC(C[C@@H]1c1ccc(I)cc1)N2CCCF,2.3352022
Cc1sc2ncnc(SCC(=O)N3CCCC3)c2c1C,2.6295795
O=C(Nc1nnc(C(=O)Nc2ccc(N3CCOCC3)cc2)o1)c1ccccc1,1.7626836
O=C(Nc1nnc(C(=O)Nc2ccc(N3CCOCC3)cc2)o1)c1ccc(Cl)cc1,2.526014
CC[C@H](Nc1ncnc2[nH]cnc12)c1nc2cccc(F)c2c(=O)n1-c1ccccc1,2.4354537
COc1cc(F)ccc1-c1cncc(CNC2CCCCC2)c1,2.274005
O=S(=O)(Cc1cc(N2CCOCC2)nc(-c2ccccn2)n1)c1ccc(F)cc1,1.8424013
O=S(=O)(Cc1cc(N2CCOCC2)nc(-c2ccccn2)n1)c1ccccc1,1.5997916
CNc1nc(C)c(-c2nc(Nc3cccc(N4CCCNCC4)c3)ncc2C#N)s1,1.3574176
CNc1nc(C)c(-c2nc(Nc3cccc(N4CCCN(C(C)=O)CC4)c3)ncc2C#N)s1,2.8233914
O=C1NC(c2ccc(Br)cc2)Nc2ccccc21,2.9741828
CCN(C(=O)Cc1ccc(S(C)(=O)=O)cc1)C1CCN(CC[C@@H](c2cccc(C(F)(F)F)c2)C2CCN(S(C)(=O)=O)CC2)CC1,2.3281083
CCN(C(=O)Cc1ccc(S(C)(=O)=O)cc1)C1CCN(CC[C@@H](c2ccccc2)C2CCN(S(=O)(=O)C(F)(F)F)CC2)CC1,2.4391828
CCN(C(=O)Cc1ccc(S(C)(=O)=O)cc1)C1CCN(CC[C@@H](c2cccc(F)c2)C2CCN(S(C)(=O)=O)CC2)CC1,1.5391341
CCN(C(=O)Cc1ccc(S(C)(=O)=O)cc1)C1CCN(CCC(c2ccccc2)C2CCN(S(=O)(=O)CC)CC2)CC1,1.6870842
CCN(C(=O)Cc1ccc(S(C)(=O)=O)cc1)C1CCN(CC[C@@H](c2ccccc2)C2CCN(S(C)(=O)=O)CC2)CC1,1.2686208
CCN(C(=O)Cc1ccc(S(C)(=O)=O)cc1)C1CCN(CC[C@@H](c2cc(C)cc(C)c2)C2CCN(S(C)(=O)=O)CC2)CC1,2.1150582
CCN(C(=O)Cc1ccc(S(C)(=O)=O)cc1)C1CCN(CC[C@@H](c2cc(Cl)cc(Cl)c2)C2CCN(S(C)(=O)=O)CC2)CC1,2.672455
O=C(Nc1nnn[nH]1)c1cc(Oc2ccccc2)c2ccccn2c1=O,0.9002465
Cc1cc(C(C)Nc2ccccc2)c2nc(N3CCOCC3)cc(=O)n2c1,3.0137296
Cc1ccc(NC(=O)c2cscn2)cc1-n1cnc2ccc(N3CCN(C)CC3)cc2c1=O,2.1899455
c1ccc2nc(C3=NCCN3)ccc2c1,0.7311206
COc1cc2c(Nc3c(Cl)ccc4c3OCO4)ncnc2cc1OCCCN1CCCC1,2.1264737
CC(C)Oc1cc(OCCCN2CCCC2)cc2ncnc(Nc3c(Cl)ccc4c3OCO4)c12,2.9417853
CCCc1cc(C2=N[C@@H](C(=O)NO)CO2)cc(OC)c1OC,1.647398
O=C(NO)C1COC(c2ccc(F)c(C(F)(F)F)c2)=N1,1.6423604
COc1ccc(-c2cc(C(F)F)nn2-c2ccc(S(N)(=O)=O)cc2)cc1F,2.6978436
Cc1ccc(-c2cc(C(F)(F)F)nn2-c2ccc(S(N)(=O)=O)cc2)cc1,2.973464
CNc1c(Br)cnc2[nH]c(-c3ccc(OCCCN4CCOCC4)cc3)nc12,2.865425
Cc1nn(-c2ccccc2)c(NS(=O)(=O)c2cccc(CN3CCOCC3)c2)c1C(=O)N[C@@H](C)C(C)(C)C,0.3665805
CCOC(=O)C1=C(C)NC(C)=C(C(C)=O)[C@H]1c1cccc2c(=O)cc(C)oc12,2.7743797
Cc1c(CN2CCN(C(=O)[C@H](C)O)CC2)sc2c(N3CCOCC3)nc(-c3cnc(N)nc3)nc12,1.9134212
NC1(c2ccc(-c3nc4ccccc4cc3-c3ccccc3)cc2)CCC1,3.1536083
O=C1CCCc2nc(C#Cc3ccccc3)ccc21,3.563413
COc1ccc2c(c1)[nH]c1c(C)nccc12,2.7497673
CNc1cccc(CCCc2ccc(C[C@H](NC(=O)c3c(Cl)cccc3Cl)C(=O)O)s2)n1,0.6069114
O=S(=O)(Nc1ncc(Cl)s1)c1cc(F)c(Oc2ccc(F)cc2-c2cn[nH]c2)cc1F,2.799872
CCOc1ccc(-n2c([C@@H](C)N(Cc3cccnc3)C(=O)Cc3ccc(OC(F)(F)F)cc3)nc3ncccc3c2=O)cc1,3.2777336
Cc1ccc(S(=O)(=O)Nc2c(C(=O)N[C@@H](C)C(C)(C)C)c(C)nn2C2CCOCC2)cc1,1.035161
COc1cccc(C(=O)N2CCC(n3c(=O)[nH]c4ccccc43)CC2)c1,2.8025715
Cc1ccn2c(NC(=O)c3ccccc3)c(-c3cccs3)nc2c1,3.480349
CCCNC(=O)CSc1ccc(S(=O)(=O)N2CCCC2)cn1,1.3631291
NS(=O)(=O)c1cc(C(=O)O)c(NCc2ccco2)cc1Cl,-0.2640772
OC(CCN1CCCCC1)(c1ccccc1)C1CCCCC1,2.3807893
CSc1ccc(-c2nc(-c3ccc(F)cc3)c(-c3ccncc3)[nH]2)cc1,3.7644005
C[S+]([O-])c1ccc(-c2nc(-c3ccc(F)cc3)c(-c3ccncc3)[nH]2)cc1,2.8546023
Nc1nnc(CCSCCc2nnc(NC(=O)Cc3ccccc3)s2)s1,1.8113681
O=C(CCCc1ccncc1)N1CCN(c2ccc(Cl)cc2Cl)CC1,3.3612828
N#CC1(NC(=O)[C@@H]2CCCC[C@H]2C(=O)N2CCN(c3nccs3)CC2)CC1,1.3329904
CC(C)(C#N)c1cnc(N2CCN(C(=O)[C@@H]3CCCC[C@H]3C(=O)NC3(C#N)CC3)CC2)s1,1.8470517
CCc1csc(N2CCN(C(=O)[C@@H]3CCCC[C@H]3C(=O)NC3(C#N)CC3)CC2)n1,1.9350864
Cc1sc(N2CCN(C(=O)[C@@H]3CCCC[C@H]3C(=O)NC3(C#N)CC3)CC2)nc1C(F)(F)F,2.9330664
N#CC1(NC(=O)[C@@H]2CCCC[C@H]2C(=O)N2CCN(c3nc(C(F)(F)F)cs3)CC2)CC1,2.5059295
N#Cc1cnc(N2CCN(C(=O)[C@@H]3CCCC[C@H]3C(=O)NC3(C#N)CC3)CC2)s1,1.454148
O=C(NC1CC1)c1cc(-c2cccs2)on1,2.6524494
CC#Cc1ccnc(-c2cccc([C@@]3(c4cc(C)c(=O)n(CC)c4)N=C(N)c4c(F)cccc43)c2)c1,3.6357467
COC(=O)C1C(OC(=O)c2ccccc2)CC2CCC1N2C,1.0086915
COc1ccc(C(=O)N2CCCC2=O)cc1,0.8114563
Cc1ccc(-c2nnc(N3CCN(C(=O)c4ccco4)CC3)c3ccccc23)cc1,3.5566187
O=c1[nH]c2c(O)ccc([C@@H](O)CNCCCSCCOCCc3cccc4ccccc34)c2s1,2.7914376
CN(C(=O)Cc1ccccc1)[C@H]1CC[C@@]2(CCCO2)C[C@@H]1N1CCCC1,0.79907644
NC1(c2ccc(-c3ncc4ccccc4c3-c3ccccc3)cc2)CCC1,3.0309892
Cc1cc(C)cc(-c2[nH]c3ccccc3c2CCNCCCCc2ccncc2)c1,3.421051
CCN(CC)C(=O)c1ccc2[nH]c(-c3cc(C)cc(C)c3)c(CCNCCCCc3ccncc3)c2c1,3.3681636
CCn1c2nc(=O)n(C)c(=O)c-2cc2ccccc21,1.2346963
O=C(COCc1cscn1)N1CCN(c2ccc(Cl)cc2Cl)CC1,2.7585013
CCOC(=O)Nc1ccc2c(c1)N(C(=O)CCN1CCOCC1)c1ccccc1S2,2.7635806
O=C(O)CCc1ccc(OCc2cccc(Oc3ccccc3)c2)cc1,2.20088
Cc1ncc(-c2ccnc(Nc3ccc(S(=O)(=O)CC4CCCO4)cc3)n2)n1C(C)C,2.9754934
CN1CCC[C@H]1CCN1CCCc2cc(NC(=N)c3cccs3)ccc21,0.34596086
Nc1nc(N)c(-c2ccc(NC(=O)C3CC3)cc2)c(COCc2ccccc2)n1,2.3627844
Cc1ccc(-c2[nH]cnc2C)cc1NC(=O)c1ccc(OCc2ccccn2)cc1,3.1042476
CS(=O)(=O)c1cccc(Nc2nccc(Nc3cccc4c3OCC4)n2)c1,3.0529656
Cc1oc(CN2CCNCC2)cc1C(=O)NCC12CC3CC(CC(C3)C1)C2,1.3633022
Cc1cc(S(=O)(=O)Nc2nc(Nc3ccc(Cl)cc3)n[nH]2)c(S)cc1Cl,2.3521366
CS(=O)(=O)C1(c2cc(N3CCOCC3)nc(-c3cccc(N)c3)n2)CC1,1.0945624
CS(=O)(=O)C1(c2cc(N3CCOCC3)nc(-c3ccccc3)n2)CC1,1.9959259
CN(C)CCCn1c2c(c3ccccc31)CCCCCC2,2.7843876
OC(Cn1cncn1)(Cn1cncn1)c1ccc(F)cc1F,0.2676481
O=C(NS(=O)(=O)Cc1ccccc1)N1CCC(N2CCC(Oc3ccc(Cl)c(Cl)c3)CC2)CC1,2.3621318
COC[C@H](C)Oc1cc(Oc2ccc(S(C)(=O)=O)cc2)cc(C(=O)Nc2ccc(C(=O)O)cn2)c1,-0.09928441
COC[C@H](C)Oc1cc(Oc2ccccc2)cc(C(=O)Nc2ccc(C(=O)O)cn2)c1,0.899407
COC[C@H](C)Oc1cc(Oc2ccc(Cl)cc2)cc(C(=O)Nc2ccc(C(=O)O)cn2)c1,1.6476057
COC[C@H](C)Oc1cc(Oc2cc(F)cc(F)c2)cc(C(=O)Nc2ccc(C(=O)O)cn2)c1,1.4737302
CN1CCN(CC(=O)N2c3ccccc3C(=O)Nc3cccnc32)CC1,0.45191896
NC(=O)Nc1sc(-c2ccccc2)cc1C(=O)N[C@H]1CCCNC1,1.204428
CNC(=O)c1ccc(-c2cc(C(=O)N[C@H]3CCCNC3)c(NC(N)=O)s2)cc1,0.49783397
CS(=O)(=O)c1ccc(-c2cc(C(=O)N[C@H]3CCCNC3)c(NC(N)=O)s2)cc1,0.43920135
NC(=O)Nc1sc(-c2cc(F)cc(F)c2)cc1C(=O)N[C@H]1CCCNC1,1.6780856
NC(=O)Nc1sc(-c2ccc(F)cc2)cc1C(=O)N[C@H]1CCCNC1,1.4401875
CN(C)CC/C=C1\c2ccccc2Sc2ccc(Cl)cc21,3.3066587
CC(=O)c1ncccc1NC(=O)[C@H]1CC[C@H](N2C(=O)[C@H]3[C@H]4CC[C@H](C4)[C@H]3C2=O)CC1,2.9851923
O=C(OCCN1CCCCC1)c1c[nH]c2ccccc12,2.151325
CN1CCN(C(=O)c2cccc(Cc3n[nH]c(=O)c4ccccc34)c2)CC1,1.0866367
CCC(=O)N1CCN(C(=O)c2cc(Cc3n[nH]c(=O)c4ccccc34)ccc2F)CC1,1.3203931
CN1CCN(C(=O)c2cc(Cc3n[nH]c(=O)c4ccccc34)ccc2F)CC1,1.2172744
COc1cc(F)ccc1-c1cccc(CNC2CCCC2)n1,2.0504122
COc1cc(Nc2c(C#N)cnc3cc(OCCCN4CCN(C)CC4)c(OC)cc23)c(Cl)cc1Cl,2.7508976
COc1cc2c(Nc3ccc(F)c(Cl)c3)c(C(N)=O)cnc2cc1OCCCN1CCN(C)CC1,2.2601366
CCN1CCN(Cc2ccc(-c3cc4c(N[C@H](C)c5ccccc5)ncnc4[nH]3)cc2)CC1,3.1672251
CCOC(=O)/C=C/[C@H](C[C@@H]1CCNC1=O)NC(=O)[C@@H](CC(=O)[C@@H](NC(=O)c1cc(C)on1)C(C)C)Cc1ccc(F)cc1,2.8281353
O=C(CCCN1CCC(O)(c2ccc(Cl)cc2)CC1)c1ccc(F)cc1,2.8765662
c1ccc(-c2[nH]nc3ccccc23)cc1,3.0823345
CCNC(=O)c1cc2c(-n3ccc(C(F)(F)F)n3)c(-c3cncc(C(=O)NC)c3)cnc2[nH]1,2.0690281
CCCNC(=O)c1cc2c(-n3ccc(C(F)(F)F)n3)c(-c3cncc(C(=O)O)c3)cnc2[nH]1,-0.4526267
CCNC(=O)c1cc2c(-n3ccc(C(F)(F)F)n3)c(-c3cncc(C(N)=O)c3)cnc2[nH]1,1.892511
CCNC(=O)c1cc2c(-n3ccc(C(F)(F)F)n3)c(-c3cncc(C#N)c3)cnc2[nH]1,2.4519615
CC(C)NC(=O)c1cc2c(-n3ccc(C(F)(F)F)n3)c(-c3cncc(C(=O)O)c3)cnc2[nH]1,-0.63915133
CCNC(=O)c1cc2c(-n3ccc(C(F)(F)F)n3)c(-c3cncc(C(=O)O)c3)cnc2[nH]1,-0.67146015
CCNC(=O)c1cc2c(-n3nc(C(F)(F)F)cc3C)c(-c3cncc(C(=O)O)c3)cnc2[nH]1,-0.6423955
O=C(Nc1ccc(F)cc1)c1cccnc1Oc1ccccc1,3.3827
CC(C)(C)OC(=O)N1CCN(c2ccc(OCc3ccc(S(C)(=O)=O)cc3)cc2)CC1,3.565638
O=C(Nc1ccc(Cl)c(Cl)c1)N1CCN(C[C@@H]2CCCN(CC3CC3)C2)CC1,2.6073883
COc1cc2ncnc(Oc3cnn(CC(=O)Nc4ccc(N(C)C)cn4)c3)c2cc1OC,2.4711826
CC(C)C(NC(=O)Cn1c(C2CCCCC2)ncc(NC(=O)OCc2ccccc2)c1=O)C(=O)C(F)(F)F,2.8403678
C[C@@H](NCc1ccccc1-c1ccc(CCNC[C@H](O)c2ccc(O)c3[nH]c(=O)sc23)cc1)c1ccccc1,2.5732782
O=C(COc1ccc(SCCCCCc2ccccc2)cc1)COc1ccc(C(=O)O)cc1,3.329431
Nc1nc(CCc2cccc(Br)c2)cc(=O)[nH]1,2.336186
Cn1c(N)nc(CCc2ccccc2)cc1=O,1.7654455
Nc1nc(CCc2ccccc2)cc(=O)[nH]1,1.4083915
COc1c(N2C[C@@H]3CCCN[C@@H]3C2)c(F)cc2c(=O)c(C(=O)O)cn(C3CC3)c12,-0.59515214
CN1c2ccccc2C(NCCCCCCC(=O)O)c2ccc(Cl)cc2S1(=O)=O,0.8783511
CCCc1c(OCc2cccc(NC(=O)Cc3ccccc3C(=O)O)c2)ccc(C(C)=O)c1O,2.6276896
Cn1cnc([N+](=O)[O-])c1Sc1ncnc2nc[nH]c12,-0.19877791
O=C(O)c1ccc2c(c1)nc(Nc1cccc(Cl)c1)c1ccncc12,1.6847919
Cc1ccc2c(c1)c(-c1cc(C)nc3ccccc13)c(C)n2CC(=O)O,1.1140218
Cc1ccc2c(c1)c(-c1ccnc3cc(C(F)(F)F)ccc13)c(C)n2CC(=O)O,1.7509495
COc1ccc2c(c1)c(-c1ccnc3cc(Cl)ccc13)c(C)n2CC(=O)O,1.1488457
Cc1ccc2c(c1)c(-c1ccnc3ccc(C(F)(F)F)cc13)c(C)n2CC(=O)O,1.5798972
Cc1ccc2c(c1)c(-c1ccnc3c(Cl)cccc13)c(C)n2CC(=O)O,1.3320675
Cc1ccc2c(c1)c(-c1ccnc3c(C(F)(F)F)cccc13)c(C)n2CC(=O)O,1.8865957
Cc1ccc2c(-c3ccnc4cc(Cl)ccc34)c(C)n(CC(=O)O)c2c1,1.5669856
Cc1ccc2c(c1)c(-c1ccnc3c(F)cccc13)c(C)n2CC(=O)O,0.9178325
Cc1ccc2c(c1)c(-c1ccnc3c(S(C)(=O)=O)cccc13)c(C)n2CC(=O)O,-0.26523972
Cc1ccc2c(c1)c(-c1ccnc3c(C)cccc13)c(C)n2CC(=O)O,1.1067903
Cc1ccc2c(c1)c(-c1ccnc3c(C#N)cccc13)c(C)n2CC(=O)O,0.49734998
Cc1ccc2c(c1)c(-c1ccnc3cc(Cl)ccc13)c(C)n2CC(=O)O,1.5518594
COc1cccc2c(-c3c(C)n(CC(=O)O)c4ccc(C)cc34)ccnc12,0.7480866
O=C(COc1ccccc1)c1ccccc1,3.1443682
CC(C)CC(N(C)C)C1(c2ccc(Cl)cc2)CCC1,3.2287514
Cc1ccc(-c2ccc3c(ccc4sc5c(c43)NC[C@@H](C)NC5=O)n2)cn1,3.330597
N=C(N)Nc1nc2ccccc2o1,0.16625214
CC(=O)N1CCN(c2ccc(OCC3COC(Cn4ccnc4)(c4ccc(Cl)cc4Cl)O3)cc2)CC1,3.501252
CC(C)N1CCN[C@@H](CN2CCN(C(=O)Nc3ccc(Cl)c(Cl)c3)CC2)C1,1.4035484
Cc1cc(Nc2ccnc(NCc3cc(C4CC4)no3)n2)n[nH]1,2.6530976
C[C@@H](O)[C@H](NC(=O)c1ccc(C#Cc2ccc(CN3CCOCC3)cc2)cc1)C(=O)NO,2.3038101
COc1ccc2ncc(=O)n(CCN3CC[C@H](NCc4cc5c(cn4)OCCO5)[C@H](O)C3)c2c1,0.53781927
COc1ccc2ncc(=O)n(CCN3CC[C@@H](NCc4cc5c(cn4)OCCO5)[C@@H](O)C3)c2c1,0.71858406
COc1ccc2ncc(=O)n(CCN3CC[C@@H](NCc4cc5c(cn4)OCCO5)[C@H](O)C3)c2c1,0.69600916
COc1ccc2ncc(=O)n(CCN3CCC(NCc4cc5c(cn4)OCCO5)CC3)c2c1,0.63516676
COc1ccc2ncc(=O)n(CCN3CC[C@H](NCc4cc5c(cn4)OCCO5)[C@@H](OC)C3)c2c1,0.8714849
O=C(NC[C@@H](O)CN1CCC(Oc2ccc(Cl)c(Cl)c2)CC1)c1c[nH]c2ccccc12,3.6783195
CC(=O)NC[C@H]1CN(c2ccc(N3CCOCC3)c(F)c2)C(=O)O1,0.90431917
CC1CCc2cc(F)cc3c(=O)c(C(=O)O)cn1c23,0.2005043
C(=C/c1c(-c2ccccc2)nc2sccn12)\c1ccncn1,3.2329636
COc1cc(-c2ccc(Nc3ccccc3C(=O)O)c(OC)c2)ccc1Nc1ccccc1C(=O)O,1.096145
CC(=O)c1c(C)c2cnc(Nc3ccc(N4CCNCC4)cn3)nc2n(C2CCCC2)c1=O,1.2688266
Nc1cccc(CCc2ccc3cc[nH]c3c2)n1,2.9352965
CCN(CC)C(=O)Cc1csc(NS(=O)(=O)c2cccc(Cl)c2C)n1,1.3963946
O=S(=O)(Nc1nccs1)c1cc(Cl)ccc1Cl,1.3766556
CCOC(=O)Cc1csc(NS(=O)(=O)c2ccc(Cl)cc2)n1,1.7257879
O=S(=O)(Nc1nccs1)c1ccc(O)cc1,0.21640897
Nc1ccc(S(=O)(=O)Nc2nccs2)cc1,-0.3679738
CN[C@@H](C)C(=O)N[C@H](C(=O)N[C@H]1CCN(Cc2ccccc2)C1)C1CCCCC1,1.5593755
O=C(Nc1ccccc1)N1CCOCC1,1.184875
CC(=O)NC[C@H]1CN(c2ccc(-n3cc(C#N)nn3)c(F)c2)C(=O)O1,0.7898581
c1ccc(CC2NCCc3ccccc32)cc1,1.9204675
COc1cc(N2CCN(C(C)=O)CC2)ccc1Nc1ncc(Cl)c(-c2cnc3cc(N4CCCC4)ccn23)n1,3.606567
Nc1ccccc1NC(=O)c1ccc(N2CCOCC2)cc1,1.2823589
CN[C@@H](C)C(=O)N[C@H](C(=O)N[C@H]1CCCN(S(=O)(=O)c2ccccc2)C1)C(C)(C)C,1.4543272
COC1=CC(c2cc3ccccc3[nH]2)=N/C1=C\c1[nH]c(C)cc1C,3.7146478
Nc1ncnc2c1ncn2[C@@H]1O[C@H](CSCCCNC(=O)NCc2ccccc2)[C@@H](O)[C@H]1O,1.1455022
COc1ccc(N(C(C)=O)C(C(=O)NC2CCCC2)c2ccccc2F)c(OC)c1,2.7922227
Nc1cc(C(F)(F)F)c(-c2cc(N3CCOCC3)nc(N3CCOCC3)n2)cn1,2.400907
O=C(Nc1ccc(N2CCOCC2)nc1)c1nnc(Nc2cccc(F)c2)o1,2.9282312
O=C(Nc1ccc(N2CCOCC2)nc1)c1nnc(Nc2ccccc2)o1,2.6632237
O=C(Nc1ccc(N2CCOCC2)nc1)c1nnc(Nc2ccc(F)cc2)o1,2.9086812
CCOc1cccc(Nc2nnc(C(=O)Nc3ccc(N4CCOCC4)nc3)o2)c1,3.1122682
COc1cccc(Nc2nnc(C(=O)Nc3ccc(N4CCOCC4)nc3)o2)c1,2.7132857
Cc1cccc(Nc2nnc(C(=O)Nc3ccc(N4CCOCC4)nc3)o2)c1,3.0576594
O=C(Nc1ccc(N2CCOCC2)nc1)c1nnc(Nc2ccc(F)c(F)c2)o1,3.011782
CC(=O)NC(C)c1ccc(Nc2ncc3cc(-c4ccncc4)ccc3n2)cc1,2.7332623
COc1cc(-c2ccncc2)cc2cnc(Nc3ccc([C@@H](C)NC(C)=O)cc3)nc12,2.7156258
COCCC(=O)Nc1ccc(Nc2ncc3cc(-c4ccncc4)ccc3n2)cc1,3.101967
CC(=O)Nc1ccc(Nc2ncc3cc(-c4ccncc4)ccc3n2)cc1,2.9465752
CN(C)CCNCc1ccc(Nc2ncc3cc(-c4ccncc4)ccc3n2)cc1,0.7078992
CC(=O)N[C@@H](C)c1ccc(Nc2ncc3cc(-c4ccncc4)ccc3n2)cc1,2.6776726
COCCNCc1ccc(Nc2ncc3cc(-c4ccncc4)ccc3n2)cc1,1.9243319
COCCC(=O)NC(C)c1ccc(Nc2ncc3cc(-c4ccncc4)ccc3n2)cc1,3.114277
CC(=O)N[C@H](C)c1ccc(Nc2ncc3cc(-c4ccncc4)ccc3n2)cc1,2.7361255
COCCNC(=O)c1ccc(Nc2ncc3cc(-c4ccncc4OC)ccc3n2)cc1,3.069697
COCCNC(=O)c1cccc(Nc2ncc3cc(-c4ccncc4)ccc3n2)c1,2.9665031
COCCNC(=O)c1ccc(Nc2ncc3cc(-c4ccncc4)ccc3n2)cc1C,3.2371645
CC(=O)N(C)c1ccc(Nc2ncc3cc(-c4ccncc4)ccc3n2)cc1,2.9880002
CC(=O)N[C@H](C)c1ccc(Nc2ncc3cc(-c4ccncc4)cc(C)c3n2)cc1,3.1094642
COCCC(=O)N[C@H](C)c1ccc(Nc2ncc3cc(-c4ccncc4)ccc3n2)cc1,3.1183374
CN(C)CCNC(=O)c1ccc(Nc2ncc3cc(-c4ccncc4)ccc3n2)cc1,1.7756273
COCCOc1ccc(Nc2ncc3cc(-c4ccncc4)ccc3n2)cc1,3.397398
CC(=O)N[C@H](C)c1ccc(Nc2ncc3cc(-c4ccncc4)c(C)cc3n2)cc1,3.1254344
COCCN(C)Cc1ccc(Nc2ncc3cc(-c4ccncc4)ccc3n2)cc1,2.8264122
COCCC(=O)N(C)c1ccc(Nc2ncc3cc(-c4ccncc4)ccc3n2)cc1,3.1389213
COCCC(=O)N[C@@H](C)c1ccc(Nc2ncc3cc(-c4ccncc4)ccc3n2)cc1,3.0825589
COCCNC(=O)c1ccc(Nc2ncc3cc(-c4ccnc(C)c4)ccc3n2)cc1,3.2126338
COc1cc2nc(Nc3ccc([C@@H](C)NC(C)=O)cc3)ncc2cc1-c1ccncc1,2.6464806
COc1ccc2c(c1)N(C[C@H](C)CN(C)C)c1ccccc1S2,3.1826577
CN(C)CCCN1c2ccccc2Sc2ccccc21,2.6169596
CN(C)CCCN1c2ccccc2Sc2ccc(C(F)(F)F)cc21,3.3482103
CN(C)CCCN1c2ccccc2Sc2ccc(Cl)cc21,3.2073302
CC(CN1c2ccccc2Sc2ccccc21)N(C)C,2.869721
O=C(NC[C@@H](O)CN1CCC(Oc2ccc(Cl)c(Cl)c2)CC1)n1c(=O)[nH]c2ccccc21,3.6754656
O=C(Nc1ccc(Cl)nc1)c1ccc(F)c(Cl)c1,3.2717338
O=C(Nc1ccc(Cl)nc1)c1ccc(F)c(F)c1,3.0166261
Cn1cncc1-c1c2c(=O)n(C3CC3)c(=O)n(CC3CC3)c2nn1Cc1ccnc2ccc(Cl)cc12,3.8093085
O=[N+]([O-])c1c(Cl)c(Cl)cc2nc(O)c(O)nc12,0.16829431
CCOC(=O)C(CCc1ccccc1)NC1CCc2ccccc2N(CC(=O)O)C1=O,0.0390594
O=C(c1ccc(F)cc1)C(O)c1ccc(F)cc1,2.9439988
O=C(Cc1ccc(O)cc1)c1ccc(O)cc1O,2.5828407
O=C(Cc1ccccc1)c1ccc(O)cc1O,2.801195
O=C(c1ccccc1)C(O)c1ccccc1,2.4317715
CC(O)(C(=O)c1ccccc1)c1ccccc1,2.784358
Cc1ccc(CO)cc1N(C)c1ccnc(Nc2cc(N3CCCCC3)cc(N3CCOCC3)c2)n1,3.737753
Oc1ccc2[nH]c(CN3CCC(Cc4ccc(F)cc4)CC3)nc2c1,3.1266837
CC(c1ccccc1)C(Cc1nc2ccccc2[nH]1)c1nc2ccccc2[nH]1,3.7471354
C#CC[C@@H](C(=O)N[C@H](/C=C/C(=O)OCC)C[C@@H]1CCNC1=O)n1cccc(NC(=O)c2cc(C)on2)c1=O,1.3113408
O=C(Cc1ccccn1)c1ccc(Cl)cc1,2.8285596
Cn1nnc(-c2ccc(-c3ccc(N4C[C@H](COc5ccon5)OC4=O)cc3F)cn2)n1,0.91421556
COc1ccnc(C[S+]([O-])c2nc3cc(OC(F)F)ccc3[nH]2)c1OC,1.5754086
COCCCOc1ccnc(C[S+]([O-])c2nc3ccccc3[nH]2)c1C,0.83420765
Cc1c(OCC(F)(F)F)ccnc1C[S+]([O-])c1nc2ccccc2[nH]1,1.7839988
Cc1[nH]c2ccccc2c1CCNCc1ccc(/C=C/C(=O)NO)cc1,1.3356779
COc1ccccc1CN1C(=O)c2ccccc2C1C(=O)NC1CCC(C)CC1,3.3649616
O=C(Cc1ccc2c(n1)NCCC2)Nc1ccc(C[C@H](NC(=O)c2c(Cl)cccc2Cl)C(=O)O)cc1,-0.49807143
O=C(Nc1nc(-c2ccccc2)cs1)c1cccnc1,2.9527833
CN(CCOc1ccc(C[C@H](Nc2ccccc2C(=O)c2ccccc2)C(=O)O)cc1)c1nc2ccccc2o1,3.0782883
NS(=O)(=O)c1cc(C(=O)O)cc(N2CCCC2)c1Oc1ccccc1,-0.31689978
COc1ccc(-c2nc3c(NCC4CCNCC4)c(Br)cnc3[nH]2)cc1,0.95303607
CN[C@@H](C)C(=O)N[C@H](C(=O)N1CCC[C@H]1C(=O)N[C@H](C(=O)OC)C(c1ccccc1)c1ccccc1)C1CCCCC1,2.6911855
Cc1ccc(S(=O)(=O)N2CCN(C(=O)c3ccco3)CC2)cc1,2.5260274
Cc1nc2c(C#N)cnn2c(O)c1Cc1ccccc1,1.0137069
Cc1cc(Nc2nc(NCc3ccccn3)ncc2Br)n[nH]1,2.2256567
CC(C)Oc1cc(Nc2nc(N[C@@H](C)c3ccc(F)cn3)nc(OC(CO)CO)c2Cl)n[nH]1,2.7853987
COc1ccc(CNC(=O)c2sc3nc(C)cc(C)c3c2N)cc1,3.5034828
CN(C)c1ccnc2sc(C(=O)NCc3ccccc3)c(N)c12,3.3130906
Cc1cc(C)c2c(N)c(C(=O)NCc3ccccc3)sc2n1,3.4960613
CC(C)(C)OC(=O)N1CCN(c2ccc(OCc3ccc(S(C)(=O)=O)cc3)nn2)CC1,3.1425607
COc1ccnc(NC2CCN(C(=O)c3ccc(Cl)cc3)CC2)c1,2.719632
COc1ccnc(NC2CCN(C(=O)c3ccccc3)CC2)c1,1.9332976
COc1ccnc(NC2CCN(C(=O)c3ccc(C#N)cc3)CC2)c1,1.6056979
CN1Cc2c(N)cccc2C(c2ccccc2)C1,1.7342579
CN1Cc2c(N)cccc2[C@@H](c2ccccc2)C1,1.6646514
CN1Cc2c(N)cccc2[C@H](c2ccccc2)C1,1.7290802
CN1Cc2ccccc2C(c2ccc(Cl)cc2)C1,3.2061296
C[C@@H](NC(=O)c1cccnc1Oc1ccccc1)c1ccccc1,3.0861635
C[C@H](NC(=O)c1cccnc1Oc1ccccc1)c1ccccc1,3.1669633
COc1ccc(OC)c(CNC(=O)c2cccnc2Oc2ccccc2)c1,3.3832521
COc1ccc(Oc2ncccc2C(=O)NCc2ccccc2Cl)cc1,3.5342288
O=C(NCc1ccccc1Cl)c1cccnc1Oc1ccccc1,3.5256805
O=C(NCc1ccccc1)c1cccnc1Oc1ccccc1,3.3330984
CC(C)(C)OC(=O)c1ncn2c1[C@@H]1CCCN1C(=O)c1c(Br)cccc1-2,2.8769653
c1ccc(-c2ccc(COc3ccc4c(c3)CCC(CCN3CCCCC3)C4)cc2)cc1,4.1331487
CC(=O)Nc1ccc2ccn(-c3cc(NCCCN4CCCC4)n4ncc(C#N)c4n3)c2c1,1.3328469
Cc1ccc(NC(=O)c2cccc(C(F)(F)F)c2)cc1NC(=O)c1cccnc1,3.2589614
CC(C)N=c1cc2n(-c3ccc(Cl)cc3)c3ccccc3nc-2cc1Nc1ccc(Cl)cc1,4.2672777
CC(=O)NC1CC2CCCC(C1)N2C(=O)Nc1ccc(Cl)c(C(F)(F)F)c1,3.0791137
O=C(Nc1ccc(Oc2cccnc2)nc1)c1nnc(Nc2ccccc2F)o1,3.0571232
CSc1ccc(OCc2ccccc2)c(/C=C/c2ccc(C(=O)O)cn2)c1,2.2760293
O=C(Cc1cccc2ccccc12)Nc1ccccc1,3.4370847
O=[N+]([O-])c1ccc2c(c1)nc1n2CCCCC1,2.4329944
N#CN=C(N)c1sc(Nc2ccccc2)nc1N,2.8491113
CN1CCCCC1CCN1c2ccccc2Sc2ccc([S+](C)[O-])cc21,1.6628389
CSc1ccc2c(c1)N(CCC1CCCCN1C)c1ccccc1S2,3.44628
O=C(COc1ccc(OCCNCC(O)COc2ccccc2)cc1)NCCO,0.4934554
NC(=O)COc1ccc(OCCNCC(O)COc2ccccc2)cc1,0.7775084
COC(=O)COc1ccc(OCCNCC(O)COc2ccccc2)cc1,1.3965453
CCCSc1nc(N[C@H]2CC[C@H](C(=O)O)CC2)ccc1C(=O)NC1CCCCC1,2.2139437
O=c1[nH]c(-c2ccc([N+](=O)[O-])cc2)nc2ccccc12,2.6085684
O=c1[nH]c(-c2ccccc2)nc2cc(Cl)ccc12,3.1657119
CCC(c1nc2ncccc2c(=O)n1Cc1ccccc1)N(CCCN)C(=O)c1ccc(C)cc1,0.5642426
COc1cc2ncnc(Nc3cc(NC(=O)c4ccnc(N5CCOCC5)c4)ccc3C)c2cc1OCCN(C(C)C)C(C)C,2.7427545
Cc1nccn1CCC(C(N)=O)(c1ccccc1)c1ccccc1,1.377692
CC(=O)N(c1ccccc1)C1CC(C)N(S(=O)(=O)c2ccccc2)c2ccccc21,3.1919713
Cc1c(Sc2ccc(Cl)cc2)c2c(Cl)nccc2n1CC(=O)O,0.908309
CC(=O)Nc1cc(CN2C(=O)N(c3ccc(SC(F)(F)F)cc3)C(=O)C2(C)C)ccn1,2.9433591
CC(C)n1c(=O)n(C)c(=O)c2c(C(=O)N3CCS(=O)(=O)C3)c(Cc3ccccc3C(F)(F)F)sc21,2.7561202
CNC1=Nc2ncccc2C(c2ccco2)=NC1c1ccns1,1.4431775
Cc1ccc(CO)cc1N(C)c1ccnc(Nc2cc(N3CCOCC3)cc(N3CCN(C)CC3)c2)n1,2.7859511
CC(C)C(NC(=O)Cn1c(-c2ccccc2)ccc(NS(=O)(=O)c2ccccc2)c1=O)C(=O)C(F)(F)F,2.410594
CC(=O)Nc1cccc(S(=O)(=O)Nc2ccc(-c3ccccc3)n(CC(=O)NC(C(=O)C(F)(F)F)C(C)C)c2=O)c1,1.7774554
COc1ccc(S(=O)(=O)Nc2ccc(-c3ccccc3)n(CC(=O)NC(C(=O)C(F)(F)F)C(C)C)c2=O)cc1,2.4029944
CN(c1ncccc1CNc1nc(Nc2ccc3c(c2)CC(=O)N3)ncc1C(F)(F)F)S(C)(=O)=O,2.908617
O=c1[nH]c2c(O)ccc([C@@H](O)CNCCSCCCNCCc3cccc(Cl)c3Cl)c2s1,1.4991487
CCc1ccc(CCNCCCSCCNC[C@H](O)c2ccc(O)c3[nH]c(=O)sc23)cc1,0.39538968
O=c1[nH]c2c(O)ccc([C@@H](O)CNCCSCCCNCCc3cccc(C(F)(F)F)c3)c2s1,1.1309621
O=c1[nH]c2c(O)ccc([C@@H](O)CNCCSCCCNCCc3cccc(Cl)c3)c2s1,0.8997061
CCOc1ccc(CCNCCCSCCNC[C@H](O)c2ccc(O)c3[nH]c(=O)sc23)cc1,0.314597
O=c1[nH]c2c(O)ccc([C@@H](O)CNCCSCCCNCCc3ccccc3)c2s1,0.15590727
COc1ccc(-c2ccccc2)cc1N1CC(=O)NS1(=O)=O,-0.839695
COc1ccccc1CNCc1ccc(CCNC[C@H](O)c2ccc(O)c3[nH]c(=O)sc23)cc1,0.53511655
O=C(Nc1ccc(Cl)c(S(=O)(=O)N2CCNCC2)c1O)Nc1cccc(F)c1Cl,2.1487684
CCCCn1c(Cc2cc(OC)c(OC)c(OC)c2)nc2c(N)ncnc21,2.554042
C[C@@H](Oc1cc(-c2cnn(C3CCNCC3)c2)cnc1N)c1c(Cl)ccc(F)c1Cl,2.0884151
O=C(NO)[C@@H](Cc1ccc2ccccc2c1)NS(=O)(=O)c1ccc2ccccc2c1,3.4258945
COc1cnc(-c2ccccn2)nc1N(C)c1ccccc1,2.913236
Nc1ccc(C2(c3ccc(N)cc3)CCCCC2)cc1,2.7730346
O=C1C(=O)c2cccnc2-c2ccccc21,2.1743925
N#Cc1cccc(-c2nc(-c3ccccn3)no2)c1,2.485041
COc1ccc2c(C)cc(N[C@H]3CC[C@H](NCc4cn(C)c5ccccc45)C3)nc2c1,3.3359642
O=C(c1cccc(Cc2n[nH]c(=O)c3ccccc23)c1)N1CCN(c2ncccn2)CC1,1.8521346
Cc1nc(C(=O)N2CCCC3(CCN(Cc4ccc(Cl)cc4)CC3)C2)cs1,1.5484908
Cc1nc(C(=O)N2CCCC3(CCN(Cc4ccccc4)CC3)C2)cs1,0.7534287
O=C(O)COc1ccc(-c2nccs2)cc1-c1ccccc1,0.0068380833
Cc1cn([C@H]2CCCN(S(=O)(=O)c3ccc(O)c(Oc4ccc(Cl)cc4)c3)C2)c(=O)[nH]c1=O,2.1015496
Cc1cn([C@H]2CCCN(S(=O)(=O)c3ccc(O)c(Oc4cccc(F)c4)c3)C2)c(=O)[nH]c1=O,1.6330978
Cc1cn([C@H]2CCCN(S(=O)(=O)c3ccc(O)c(Oc4ccccc4)c3)C2)c(=O)[nH]c1=O,1.3533458
Cc1cn([C@H]2CCCN(S(=O)(=O)c3ccc(O)c(Oc4cccc(Br)c4)c3)C2)c(=O)[nH]c1=O,2.265382
Cc1cn([C@H]2CCCN(S(=O)(=O)c3ccc(CO)c(Oc4cccc(Cl)c4)c3)C2)c(=O)[nH]c1=O,1.9798973
COc1ccc(S(=O)(=O)N2CCC[C@H](n3cc(C)c(=O)[nH]c3=O)C2)cc1Oc1cccc(Cl)c1,2.7659101
Cc1cn([C@H]2CCCN(S(=O)(=O)c3ccc(C(=O)O)c(Oc4ccc(Cl)c(Cl)c4)c3)C2)c(=O)[nH]c1=O,0.42899382
Cc1cn([C@H]2CCCN(S(=O)(=O)c3ccc(O)c(Oc4cccc(C(F)(F)F)c4)c3)C2)c(=O)[nH]c1=O,2.3019352
Cc1cn([C@H]2CCCN(S(=O)(=O)c3cccc(Oc4ccccc4)c3)C2)c(=O)[nH]c1=O,1.8613158
Cc1cn([C@H]2CCCN(S(=O)(=O)c3ccc(O)c(Oc4cc(F)cc(Cl)c4)c3)C2)c(=O)[nH]c1=O,2.4009628
Cc1cc(Oc2cc(S(=O)(=O)N3CCC[C@H](n4cc(C)c(=O)[nH]c4=O)C3)ccc2O)ccc1Cl,2.6134267
Cc1cn([C@H]2CCCN(S(=O)(=O)c3ccc(C(=O)O)c(Oc4cccc(Cl)c4)c3)C2)c(=O)[nH]c1=O,-0.18405366
Cc1cn([C@H]2CCCN(S(=O)(=O)c3ccc(C(N)=O)c(Oc4cccc(Cl)c4)c3)C2)c(=O)[nH]c1=O,1.5342703
COc1ccc(C(C)NC(=O)C2(N)CCN(c3ncnc4[nH]ccc34)CC2)cc1OC,1.9669315
CC(NC(=O)C1(N)CCN(c2ncnc3[nH]ccc23)CC1)c1ccc(Cl)cc1,2.753963
CN(C)C(=O)CC(NC(=O)C1(N)CCN(c2ncnc3[nH]ccc23)CC1)c1ccc(Cl)cc1,2.064323
CS(=O)(=O)NCCC(NC(=O)C1(N)CCN(c2ncnc3[nH]ccc23)CC1)c1ccc(Cl)cc1,1.8442335
CN(C)CCCC(NC(=O)C1(N)CCN(c2ncnc3[nH]ccc23)CC1)c1ccc(Cl)cc1,1.4190893
CC(NC(=O)C1(N)CCN(c2ncnc3[nH]ccc23)CC1)c1ccc(F)cc1,2.321044
NC1(C(=O)NC(CCO)c2ccc(Cl)cc2)CCN(c2ncnc3[nH]ccc23)CC1,2.1393049
CC(NC(=O)C1(N)CCN(c2ncnc3[nH]ccc23)CC1)c1ccc(S(C)(=O)=O)cc1,1.0535432
NC(=O)C(NC(=O)C1(N)CCN(c2ncnc3[nH]ccc23)CC1)c1ccc(Cl)cc1,2.2716756
COCCC(NC(=O)C1(N)CCN(c2ncnc3[nH]ccc23)CC1)c1ccc(Cl)cc1,2.7076774
CS(=O)(=O)NCC(NC(=O)C1(N)CCN(c2ncnc3[nH]ccc23)CC1)c1ccc(Cl)cc1,2.2357543
CC(NC(=O)C1(N)CCN(c2ncnc3[nH]ccc23)CC1)c1ccccc1,2.0450375
NC1(C(=O)NC(CS(N)(=O)=O)c2ccc(Cl)cc2)CCN(c2ncnc3[nH]ccc23)CC1,2.2489276
CC(=O)NCC(NC(=O)C1(N)CCN(c2ncnc3[nH]ccc23)CC1)c1ccc(Cl)cc1,2.2925904
C[C@H](NC(=O)C1(N)CCN(c2ncnc3[nH]ccc23)CC1)c1ccc(Cl)cc1,2.847508
NC1(C(=O)NC(CO)c2ccc(Cl)cc2)CCN(c2ncnc3[nH]ccc23)CC1,2.192456
C[C@@H](NC(=O)C1(N)CCN(c2ncnc3[nH]ccc23)CC1)c1ccc(Cl)cc1,2.7712545
CN(Cc1ccc(Cl)cc1)C(=O)C1(N)CCN(c2ncnc3[nH]ccc23)CC1,2.662298
NC1(C(=O)NCc2ccc(Cl)cc2)CCN(c2ncnc3[nH]ccc23)CC1,2.648551
COc1ccc2ncc(F)c(CCN3CCC(NCc4ccc5c(n4)NC(=O)CO5)CC3)c2n1,1.1398885
Clc1cccc(-c2cnc3ccc(NC4CCOCC4)nn23)c1,3.4995005
CN1CCCC(n2nc(Cc3ccc(Cl)cc3)c3ccccc3c2=O)CC1,2.561595
CN(C)C(=O)N[C@H]1CC[C@H](CCN2CCN(c3ccc(Cl)c(Cl)c3)CC2)CC1,3.2241254
CN(C)C(=O)N[C@H]1CC[C@H](CCN2CCN(c3ccc(Cl)cc3)CC2)CC1,2.6952424
CN(C)C(=O)N[C@H]1CC[C@H](CCN2CCN(c3cccc(Cl)c3Cl)CC2)CC1,3.1769366
COc1cc(OC)c(S(=O)(=O)N2c3ccccc3Oc3ccccc32)cc1NC(=O)Cc1ccnc(F)c1,2.9308672
Cc1c(NC(=O)N2CCOCC2)ccc2c1c1ccccc1n2C(C)C,3.6126442
CCn1c2ccccc2c2cc(NC(=O)N3CCOCC3)ccc21,3.2789807
CS(=O)(=O)n1c2ccccc2c2cc(NC(=O)N3CCOCC3)ccc21,2.041598
CC(C)n1c2ccccc2c2cc(NC(=O)N3CCOCC3)ccc21,3.503745
Cc1ncc(-c2ccnc(Nc3ccc(C(=O)NC4CC4)cc3)n2)n1C(C)C,2.909783
O=C1CC2(CCCC2)CC(=O)N1CCCCN1CCN(c2ncccn2)CC1,1.4128048
O=C(N[C@@H](Cc1ccccc1)C(=O)N1CCC(O)CC1)c1cc2cc(Cl)ccc2[nH]1,3.4345963
O=c1[nH]c2c(O)ccc([C@@H](O)CNCCSCCCOCCc3ccccc3)c2s1,1.9084483
Cc1ccc(S(=O)(=O)NC(=O)NN2CCCCCC2)cc1,-0.33272982
CCCN(C)c1nc(N2CCC[C@@H](CC(=O)O)C2)ccc1C(=O)NC1CCCCC1,2.5616214
CCCSc1nc(N2CCCC(C(=O)O)C2)ccc1C(=O)NC1CCCCC1,1.905068
CCCOc1nc(N2CCC[C@@H](CC(=O)O)C2)ccc1C(=O)NC1CCCCC1,2.3386908
CCCSc1nc(N2CCC(C(=O)O)CC2)ccc1C(=O)NC1CCCCC1,1.7845132
CCCNc1nc(N2CCC[C@@H](CC(=O)O)C2)ccc1C(=O)NC1CCCCC1,2.1395342
CCCSc1nc(N2CCC[C@H](CC(=O)O)C2)ccc1C(=O)NC1CCCCC1,2.2965693
CCCSc1nc(N2CCCCC2C(=O)O)ccc1C(=O)NC1CCCCC1,1.5481324
COc1ccc(OC)c(CNc2n[nH]c3ccnc(Oc4ccccc4)c23)c1,3.6645463
CC(C)N(CCCNC(=O)Nc1ccc(C(C)(C)C)cc1)C[C@H]1O[C@@H](n2cnc3c(N)ncnc32)[C@H](O)[C@@H]1O,1.8127807
Cc1cn([C@H]2CCCN([C@H](C)c3ccc(C(=O)O)c(Oc4cccc(Cl)c4)c3)C2)c(=O)[nH]c1=O,-0.09835029
COc1ccc(Oc2cccc(CN3CCCC(n4cc(C)c(=O)[nH]c4=O)C3)c2)cc1,2.6733055
Cc1cn([C@H]2CCCN(Cc3ccc(C(=O)O)c(Oc4cccc(Cl)c4)c3)C2)c(=O)[nH]c1=O,-0.25728273
Cc1cn([C@H]2CCCN(Cc3cccc(Oc4cccc(Br)c4)c3)C2)c(=O)[nH]c1=O,2.6824522
CCC(CC)C[C@H](c1ccc(C(=O)O)c(Oc2cccc(Cl)c2)c1)N1CCC[C@H](n2cc(C)c(=O)[nH]c2=O)C1,1.6637005
CCC(C)(C)C[C@H](c1ccc(C(=O)O)c(Oc2cccc(Cl)c2)c1)N1CCC[C@H](n2cc(C)c(=O)[nH]c2=O)C1,1.5289632
Cc1cn([C@H]2CCCN([C@@H](CC(C)(C)C)c3ccc(C(=O)O)c(Oc4cccc(Br)c4)c3)C2)c(=O)[nH]c1=O,1.1486292
CCC[C@H](c1ccc(C(=O)O)c(Oc2cccc(Cl)c2)c1)N1CCC[C@H](n2cc(C)c(=O)[nH]c2=O)C1,0.7787638
Cc1cn(C2CCCN(Cc3cccc(Oc4ccc(Cl)cc4)c3)C2)c(=O)[nH]c1=O,3.19424
CC[C@H](c1ccc(C(=O)O)c(Oc2cccc(Cl)c2)c1)N1CCC[C@H](n2cc(C)c(=O)[nH]c2=O)C1,0.46604085
Cc1cn(C2CCCN(Cc3cccc(Oc4ccccc4)c3)C2)c(=O)[nH]c1=O,2.649209
CCC[C@@H](c1ccc(C(=O)O)c(Oc2cccc(Cl)c2)c1)N1CCC[C@H](n2cc(C)c(=O)[nH]c2=O)C1,0.76638377
CCCCC[C@H](c1ccc(C(=O)O)c(Oc2cccc(Br)c2)c1)N1CCC[C@H](n2cc(C)c(=O)[nH]c2=O)C1,1.2940991
CC[C@@H](c1ccc(C(=O)O)c(Oc2cccc(Cl)c2)c1)N1CCC[C@H](n2cc(C)c(=O)[nH]c2=O)C1,0.55037093
Cc1cn([C@H]2CCCN([C@H](CC(C)C)c3ccc(C(=O)O)c(Oc4cccc(Cl)c4)c3)C2)c(=O)[nH]c1=O,0.8659247
Cc1cn([C@H]2CCCN(Cc3ccc(C(=O)O)c(Oc4cccc(F)c4)c3)C2)c(=O)[nH]c1=O,-0.6526611
Cc1cn([C@H]2CCCN(Cc3ccc(C(=O)O)c(Oc4cccc(Br)c4)c3)C2)c(=O)[nH]c1=O,-0.12653518
CCCC(C)(C)C[C@H](c1ccc(C(=O)O)c(Oc2cccc(Cl)c2)c1)N1CCC[C@H](n2cc(C)c(=O)[nH]c2=O)C1,1.8073411
Cc1cn([C@H]2CCCN(Cc3ccc(C(=O)O)c(Oc4cccc(C(F)(F)F)c4)c3)C2)c(=O)[nH]c1=O,-0.09197307
Cc1cn([C@H]2CCCN([C@@H](CC(C)C)c3ccc(C(=O)O)c(Oc4cccc(Cl)c4)c3)C2)c(=O)[nH]c1=O,0.8003843
CCC(C)(CC)C[C@H](c1ccc(C(=O)O)c(Oc2cccc(Br)c2)c1)N1CCC[C@H](n2cc(C)c(=O)[nH]c2=O)C1,1.8743827
Cc1cn([C@H]2CCCN([C@@H](C)c3ccc(C(=O)O)c(Oc4cccc(Cl)c4)c3)C2)c(=O)[nH]c1=O,-0.17913938
Cc1cccc(Oc2cc(CN3CCC[C@H](n4cc(C)c(=O)[nH]c4=O)C3)ccc2C(=O)O)c1,-0.4363165
Cc1ccc(Oc2cccc(CN3CCCC(n4cc(C)c(=O)[nH]c4=O)C3)c2)cc1,2.9879668
Cc1cn([C@H]2CCCN([C@H](CC(C)(C)C)c3ccc(C(=O)O)c(Oc4cccc(Br)c4)c3)C2)c(=O)[nH]c1=O,1.2632179
NS(=O)(=O)c1cc2c(cc1Cl)NC(C1CC3C=CC1C3)NS2(=O)=O,1.5420313
CC1(C)CC(=O)c2c(nc3ccccc3c2N)C1,2.492558
Cc1cc2n[nH]c(=O)n2c2cc(-c3cccc(CO)c3)ccc12,3.215129
Cc1cc2n[nH]c(=O)n2c2cc(-c3ccc(CO)cc3)ccc12,3.2173367
Cc1cc2n[nH]c(=O)n2c2cc(-c3ccccc3CO)ccc12,3.1868258
NC1CCc2cc(OC(=O)c3ccccc3)c(OC(=O)c3ccccc3)cc2C1,2.5983708
COc1cc2ncc(C(N)=O)c(Nc3ccc(F)cc3F)c2cc1NCCN1CCOCC1,2.351641
O=C(NCC12CC3CC(CC(C3)C1)C2)c1cc(-n2ncc(=O)[nH]c2=O)ccc1Cl,2.158058
OB1c2ccccc2N=C(S)N1c1cccnc1,-0.85402966
FC(F)(F)c1nnc2ccc(N3CCCCC3)nn12,2.7837503
C[C@H]1CN(c2nc(N3CCOCC3)c3ccc(Nc4ccccc4)nc3n2)C[C@@H](C)O1,3.7078066
CN1C2CC(OC(=O)C(CO)c3ccccc3)CC1C1OC12,-0.047190666
CC(C)Oc1cc(Nc2nc3c(cc2F)ncn3[C@@H](CO)c2ccc(F)cn2)n[nH]1,2.9570174
CCOc1cc(Nc2nc3c(cc2F)ncn3[C@@H](CO)c2ccc(F)cn2)n[nH]1,2.544971
COc1cc(Nc2nc3c(cc2F)ncn3[C@@H](CO)c2ccc(F)cn2)n[nH]1,2.0383928
N#Cc1cnn2c(N)cc(-c3cccs3)nc12,2.0330722
O=C(OC1CN2CCC1CC2)C(O)(c1ccccc1)c1ccccc1,1.1767025
CC(C)N(CCC(C(N)=O)(c1ccccc1)c1ccccn1)C(C)C,-0.347569
CN(C)CCOC(C)(c1ccccc1)c1ccccn1,0.7414087
O=C(NCC1CCOCC1)c1ncccc1NC(=O)c1cccc2ccccc12,3.3362842
CCN(CC)CCOc1ccc(C(O)(Cc2ccc(Cl)cc2)c2ccc(C)cc2)cc1,3.7382782
O=C(N[C@@H](Cc1ccc(CCCCNc2ccccn2)cc1)C(=O)O)c1c(Cl)cccc1Cl,0.123898506
CNc1c(Br)cnc2[nH]c(-c3ccc(OCCN4CCCCC4)cc3)nc12,2.9708357
Cc1cccc(Nc2ccncc2S(=O)(=O)NC(=O)NC(C)C)c1,-0.22614384
Cc1sc2ncnc(N3CCN(c4ncccn4)CC3)c2c1C,3.4118392
C[C@@H](Oc1cccc2ncnc(Nc3ccc4c(cnn4Cc4ccccn4)c3)c12)C(=O)N1CCOCC1,2.8885782
CNC1=Nc2ncccc2C(c2ccns2)=NC1c1cccs1,1.7981446
COc1ccc(N(C(=O)c2ccccc2)C(C(=O)NC[C@@H](C)O)c2ccccc2F)c(OC)c1,2.8946562
N#C[C@@H]1CCCN1C(=O)CNCCNc1ccc(Cl)cn1,0.75455594
CCCCC(c1ccncc1)n1[nH]c(=O)c2nc3cc(Cl)ccc3c(O)c2c1=O,1.2784109
CC(C)CC(c1ccncc1)n1[nH]c(=O)c2nc3cc(Cl)ccc3c(O)c2c1=O,1.4897236
COc1nc(Cl)cnc1NS(=O)(=O)c1cccc2c(N(C)C)cccc12,1.6761614
CN(C)c1cccc2c(S(=O)(=O)Nc3cnccn3)cccc12,0.6095041
COc1nc(Br)cnc1NS(=O)(=O)c1cccc2c(N(C)C)cccc12,1.7175009
Cc1ccc(C(=O)c2ccc(CC(=O)O)n2C)cc1,-0.33570695
O=C(NCC1CCCCC1)c1cc(-n2ncc(=O)[nH]c2=O)ccc1Cl,1.3143601
CN1C2CCC1CC(OC(=O)C(CO)c1ccccc1)C2,-0.2727759
CN1[C@H]2CC[C@@H]1C[C@H](OC(=O)C(CO)c1ccccc1)C2,-0.6836817
CN1[C@H]2CC[C@@H]1C[C@H](OC(=O)C(O)c1ccccc1)C2,-0.90818286
CN[C@@H](C)C(=O)N[C@H](C(=O)N[C@H]1CCCCN(Cc2ccccc2)C1)C1CCCCC1,1.8822887
CC(C)NCC(O)COc1ccc(CCOCC2CC2)cc1,0.47990644
Cc1nn(C2CCN(C)CC2)cc1-c1cnc(N)c(-c2nc3ccccc3o2)c1,2.9013348
Nc1ncc(-c2cnn(C3CCN(C(=O)CO)CC3)c2)cc1-c1nc2ccccc2o1,3.130869
CN1CCC(n2cc(-c3cnc(N)c(-c4nc5ccc(F)cc5o4)c3)cn2)CC1,3.14694
Nc1ncc(-c2cnn(C3CCNCC3)c2)cc1-c1nc2ccccc2o1,1.5586066
COCC(=O)N1CCC(n2cc(-c3cnc(N)c(-c4nc5ccccc5o4)c3)cn2)CC1,3.4106548
Cc1cc(C)cc(-c2[nH]c3ccc(C(C)(C)C(=O)N4C5CCC4CC5)cc3c2CCNCCCCc2ccncc2)c1,3.9811554
Nc1ccc(C(=O)Nc2cccc(-c3nc(N4CCOCC4)c4oc5ncccc5c4n3)c2)cn1,3.2463326
c1ccc2[nH]c(CCc3nc4ccccc4[nH]3)nc2c1,2.9301176
c1ccc(-c2nnc(-c3ccccc3)s2)cc1,3.4555864
Cc1ccc(NC(=O)c2cccc(N3CCOCC3)c2)cc1-n1cnc2ccc(N3CCN(C)CC3)cc2c1=O,2.3291879
CNS(=O)(=O)CCc1ccc2[nH]cc(C3CCN(C)CC3)c2c1,0.9124613
O=C(c1ccc(CCC(COc2ccc(-c3cccc([N+](=O)[O-])c3)cc2)N2C(=O)CCCC2=O)cc1)N1CCCC1,3.5602736
N#Cc1nc(N2CCCCC2)c(N)c(N2CCOCC2)n1,2.6739745
O=c1[nH]n(C(c2ccncc2)C2CC2)c(=O)c2c(O)c3ccc(Cl)cc3nc12,1.19893
CCOC(=O)Nc1cccc([C@@H](c2ccc(C(=O)N(C)CC)cc2)N2CCN(Cc3nc[nH]c3C)CC2)c1,2.489931
CCOC(=O)Nc1cccc([C@@H](c2ccc(C(=O)N(C)CC)cc2)N2CCN(Cc3c[nH]c(C)n3)CC2)c1,2.2222335
N#Cc1ccc(NC(=O)Nc2ccccc2Br)c2nn[nH]c12,2.5188777
C[C@@H](NC(=O)[C@H]1CCCNC1)c1ccc(Nc2ncc3cc(-c4ccncc4)ccc3n2)cc1,1.6583515
Cc1ccc(-c2cccc(-c3nn[nH]n3)c2)cc1,1.5686545
N#Cc1cccc(-c2cccc(-c3nn[nH]n3)c2)c1,0.81847084
Cc1cn(Cc2ccccc2)c(=O)[nH]c1=O,0.95326436
Cc1cc(NC(=O)Nc2ccc(Cl)cc2)n(C)n1,3.175146
Cn1nc(C(C)(C)C)cc1NC(=O)Nc1ccc(Cl)cc1,3.7659373
CC1(C)C(=O)Nc2ccccc21,1.9825286
CCCN(CCC)CCc1cccc2c1CC(=O)N2,1.0780017
CN[C@@H](C)C(=O)N[C@H](C(=O)N[C@H]1CCCN(C(=O)Cc2ccccc2)C1)C1CCCCC1,1.5641887
Cc1ccc(NC(=O)c2cccc(N3CCOCC3)c2)cc1NC(=O)c1ccc(OCc2ccncc2)cc1,3.2323222
CCOc1cc(CC(=O)N[C@@H](CC(C)C)c2ccccc2N2CCCCC2)ccc1C(=O)O,1.9340448
COc1cc2ncnc(Nc3ccc(F)c(Cl)c3)c2cc1OCCN1CCCC1,3.1374962
CN1C(=O)NC(=O)C(C)(C2=CCCCC2)C1=O,1.2850316
O=Cc1ccccc1B(O)O,0.38869083
Cc1cccc(C)c1OC[C@@H](C)N,0.4996643
CCCCCCCN(CC)CCCC(O)c1ccc(NS(C)(=O)=O)cc1,0.6967548
Cc1cccc(C)c1NC(=O)C(C)N,0.3761375
NC(=O)Cc1ccccc1,0.79674304
Cc1ccc(/C=C(\C#N)C(N)=O)cc1,1.8805647
CCCc1c(OCCCCSCC(=O)O)ccc(C(C)=O)c1O,1.2430701
CCN(CC)CCNC(=O)c1cc(S(C)(=O)=O)ccc1OC,-0.41843247
CCN(CC)CCNC(=O)c1cc(Br)c(N)cc1OC,0.33155966
CCCCNc1ccc(C(=O)OCCN(C)C)cc1,1.823494
Nc1ccccc1[N+](=O)[O-],0.8434125
C=CC(=O)Nc1ccc(C)cc1,2.2216623
NC(=O)c1ccc(Br)cc1,1.6357379
Cc1ccc(NC(=N)N)cc1C,-0.24185252
CCN(CC)S(=O)(=O)c1ccc(NC(=O)[C@@](C)(O)C(F)(F)F)c(Cl)c1,3.4502928
CC(=N)NCc1ccccc1,-0.38129807
C=CCOc1ccccc1OCC(O)CNC(C)C,-0.06410575
CC(C)Cc1ccc([C@@H](C)C(=O)NS(C)(=O)=O)cc1,0.73081803
CCCNC(=O)NS(=O)(=O)c1ccc(Cl)cc1,-0.108735085
C=CCNS(=O)(=O)c1ccc(NC(=O)[C@@](C)(O)C(F)(F)F)c(Cl)c1,2.7782788
C[C@@](O)(C(=O)Nc1ccc(S(C)(=O)=O)cc1Cl)C(F)(F)F,2.4616137
Cc1ccc(C)c(OCCCC(C)(C)C(=O)O)c1,1.0605521
O=C(O)CCCc1ccc(N(CCCl)CCCl)cc1,1.6209483
CCCCN(CCCC)CCCOC(=O)c1ccc(N)cc1,1.1552641
CC(=O)Nc1ccc(O)cc1,0.9533528
CCCN(CCC)S(=O)(=O)c1ccc(C(=O)O)cc1,-0.052022696
N=C(N)Nc1ccc(Cl)c(Cl)c1,0.4098779
C=CCc1cc(NC(C)=O)ccc1OCCCNC(C)C,-0.087705374
CC(C)Cc1ccc(C(C)C(=O)NS(C)(=O)=O)cc1,0.63525474
COc1ccccc1OCC(O)COC(N)=O,0.53636587
COc1ccc(OC)c(C(O)CNC(=O)CN)c1,-0.5785897
NC(=O)c1ccccc1O,0.68449533
CC(C)CCOc1ccc(N)cc1,2.2556667
CS(=O)(=O)c1ccc([C@@H](O)[C@@H](CF)NC(=O)C(Cl)Cl)cc1,0.60011244
NS(=O)(=O)c1cc(Cl)c(Cl)c(S(N)(=O)=O)c1,0.7332883
CC(C)C(=O)Nc1ccc([N+](=O)[O-])c(C(F)(F)F)c1,3.09994
CCOC(=O)c1ccc(OC(=O)CCCCCN=C(N)N)cc1,1.7224686
CC(C)Cc1ccc([C@H](C)C(=O)NS(C)(=O)=O)cc1,0.73710835
Cc1ccc(O)c(O)c1,1.3656635
C=C(CC)C(=O)c1ccc(OCC(=O)O)c(Cl)c1Cl,-0.45836544
C[C@@](O)(C(=O)Nc1ccc(S(=O)(=O)NCCCO)cc1Cl)C(F)(F)F,2.0845892
O=[N+]([O-])c1ccc(O)cc1,1.7672989
CCOc1ccc(NC(C)=O)cc1,1.6830485
COCCCCC(=NOCCN)c1ccc(C(F)(F)F)cc1,1.5069578
NNCCc1ccccc1,-0.91099477
N=C(N)SCc1ccc(Cl)c(Cl)c1,1.2919481
CCC(CCNC)Oc1cc(Cl)ccc1C#N,0.3670267
CCN(CC)C(C)C(=O)c1ccccc1,1.3501757
Cc1cccc(C)c1OCC(C)N,0.063601255
COc1ccccc1OCC(O)CO,0.49815345
C=CCc1ccccc1OCC(O)CNC(C)C,-0.05563855
Oc1cc(Cl)cc(Cl)c1,3.0610118
O=C(O)c1ccccc1O,-0.8644526
NC(=O)c1cc([N+](=O)[O-])cc([N+](=O)[O-])c1,0.93405867
CCCCNC(=O)NS(=O)(=O)c1ccc(C)cc1,0.19177043
CCN(CC)CCNC(=O)c1cc(Cl)c(N)cc1OC,0.21212769
CC(NC(C)(C)C)C(=O)c1cccc(Cl)c1,2.064685
CC(=O)N(C)c1ccccc1,1.2169852
CCN(CC)S(=O)(=O)c1ccc(NC(=O)C(C)(O)C(F)(F)F)cc1,3.012782
C#CCN(C)C(C)Cc1ccccc1,1.9535906
CC(C)(C)OC(=O)N[C@@H](Cc1ccccc1)C(=O)O,-0.8317914
CCN(CC)CCNC(=O)c1ccc(N)cc1,-0.4620242
CCOC(=O)c1ccc(N)cc1,1.5037767
CC(=O)Nc1ccccc1C,1.3924242
CN[C@@H](C)[C@H](O)c1ccccc1,-0.68341374
CCCC(=O)Nc1ccc(OCC(O)CNC(C)C)c(C(C)=O)c1,-0.2490449
Cc1cccc(C)c1OC[C@H](C)N,0.5848414
N[C@@H](Cc1ccc(F)cc1)C(=O)O,-0.88736224
NC(Cc1ccc(N(CCCl)CCCl)cc1)C(=O)O,0.24282813
O=C(N[C@H](CO)[C@H](O)c1ccc([N+](=O)[O-])cc1)C(Cl)Cl,0.83545065
CC(C)C(=O)NCCNCC(O)COc1ccc(O)cc1,0.037292242
CCN(CC)CCOC(=O)c1ccc(N)cc1,0.52062786
COC(=O)COc1ccc(O)cc1,1.5705647
C[C@@](Cc1ccc(O)c(O)c1)(NN)C(=O)O,-0.83368444
CC(C)NCC(O)COc1ccc(COCCOC(C)C)cc1,-0.21054626
C=CC(=O)Nc1ccc(OC)cc1,1.82447
c1ccc(C2CCNCC2)cc1,-0.23950219
CCOC(=O)C1(c2ccccc2)CCN(C)CC1,1.3340323
CC(=O)NC[C@H]1CN(c2ccc(N3CCN(c4cnccn4)CC3)c(F)c2)C(=O)O1,1.6280308
O=c1c2sccc2n(CC2COc3ccccc3O2)c(=O)n1O,1.6924591
O=C(Nc1cc(-c2ccncc2)c[nH]c1=O)[C@H](Cc1ccccc1)NC1(c2ccccn2)CC1,2.9747381
CC(CCc1ccccc1)NCC(O)c1ccc(O)c(C(N)=O)c1,0.624436
Cn1cnc(-c2ccccc2)c1-c1cc2c(N)ncnc2s1,2.9276028
COc1cc2ncnc(NCc3cccc(C)c3)c2cc1OC,3.283801
c1ccc(CNc2ncnc3ccccc23)cc1,2.9719203
CC(Nc1ncnc2ccccc12)c1ccccc1,3.0788689
COc1cc2ncnc(NCc3ccccc3)c2cc1OC,2.996331
COc1ccc([C@@H]2Sc3ccccc3N(CCN(C)C)C(=O)[C@@H]2OC(C)=O)cc1,1.8482872
COc1ccc(NC(=O)CCc2c(C)nc3nc(C)nn3c2C)cc1,1.3149877
CCOc1ccc(NC(=O)CCc2c(C)nc3nc(C)nn3c2C)cc1,1.8125983
COc1cc(OC)c(S(=O)(=O)N2c3ccccc3CCC2C)cc1NC(=O)CCc1nn[nH]n1,-0.28209186
O=C(O)CC[C@@H]1c2ccccc2C[C@H]1NC(=O)c1cc2sc(Cl)c(Cl)c2[nH]1,2.7082458
O=C(O)C[C@@H]1c2ccccc2C[C@H]1NC(=O)c1cc2sc(Cl)c(Cl)c2[nH]1,2.21994
O=C(O)CO[C@@H]1c2ccccc2C[C@H]1NC(=O)c1cc2sc(Cl)c(Cl)c2[nH]1,1.9532106
O=C(O)CC(=O)N[C@@H]1c2ccccc2C[C@H]1NC(=O)c1cc2sc(Cl)c(Cl)c2[nH]1,1.1744356
O=C(O)C[C@H]1CC[C@H](c2ccc(NC(=O)c3nnc(Nc4ccccc4F)o3)cc2)CC1,2.6103888
CCOc1cc2ncc(C(N)=O)c(Nc3ccc(F)cc3F)c2cc1N1CCC(O)CC1,2.8842602
O=C1CCOc2cc(COc3ccccc3)ccc21,3.199385
c1cc(-c2ccc3nc(Nc4ccc(OCCN5CCCC5)cc4)ncc3c2)ccn1,2.8887358
O=C(NCCCCCCNCCc1ccc(O)c2nc(O)sc12)Nc1ccccc1,1.7148883
N#CC1(NC(=O)[C@@H]2CCCC[C@H]2C(=O)N2CCN(c3nc4c(s3)COCC4)CC2)CC1,1.5092359
CC1(C)COCc2sc(N3CCN(C(=O)[C@@H]4CCCC[C@H]4C(=O)NC4(C#N)CC4)CC3)nc21,2.1515353
Cc1cc(C)c2c(n1)sc1c(N3CCN(C)CC3)ncnc12,2.851921
COc1cc2ncnc(Nc3cc(NC(=O)c4ccnc(N5CCOCC5)c4)ccc3C)c2cc1OCCN1CCCCC1,2.9329224
NC(=O)c1cncc(-c2ccc([C@H]3CC[C@H](CC(=O)O)CC3)cc2)c1,0.39885998
O=c1[nH]c2c(O)ccc([C@@H](O)CNCCc3cccc(CNCCc4ccccn4)c3)c2s1,0.019515514
CC(=O)N1CCOc2nc(OCc3ccccc3)ccc21,2.5993721
O=C(Nc1cccc2cccnc12)c1ccc(N2C(=O)[C@H]3[C@H]4C=C[C@H](C4)[C@H]3C2=O)cc1,3.2279754
O=C(Nc1ccc(N2CCOCC2)cn1)c1nnc(Nc2ccccc2F)o1,2.4410472
Cc1cc(NC(=O)Nc2ccc(Cl)cc2)n(-c2ccccc2)n1,3.578271
Nc1cc2n[nH]c(=O)n2c2cc(-c3ccsc3)ccc12,2.6270113
Cc1nnc2n1-c1ccc(Cl)cc1C(c1ccccc1)=NC2,1.9264228
CCNC(=O)C[C@@H]1N=C(c2ccc(Cl)cc2)c2cc(OC)ccc2-n2c(C)nnc21,2.0454106
CCNC(=O)C[C@H]1N=C(c2ccc(Cl)cc2)c2cc(OC)ccc2-n2c(C)nnc21,2.3316212
Cc1nnc2n1-c1ccc(Cl)cc1C(c1ccccc1Cl)=NC2,2.502304
N#Cc1ccc(CN2CCN(c3ccc4nnc(C(F)(F)F)n4n3)CC2)cc1,2.7444196
Fc1cccc(CN2CCN(c3ccc4nnc(C(F)(F)F)n4n3)CC2)c1F,3.3018496
Fc1ccc(CN2CCN(c3ccc4nnc(C(F)(F)F)n4n3)CC2)cc1,3.233346
Nc1nc(N)c2cc(Br)ccc2n1,1.77582
COc1ccc2c(C)nc(NC(=N)N)nc2c1,-0.04805994
c1ccc2ncncc2c1,1.2699568
Cc1cc2nc(NC(=N)N)nc(C)c2cc1C,0.6010425
Nc1ncnc2ccccc12,0.9274721
Cc1nc(NC(=N)N)nc2ccccc12,-0.08047199
CN1CCN(c2nc3ccccc3cc2Cn2nc(-c3ccc4nc(N)sc4c3)c3c(N)ncnc32)CC1,3.1220677
CN(C)C(=O)[C@H](Cc1ccccc1)NC(=O)c1cc2ccsc2[nH]1,3.329269
O=C1Nc2ccccc2B(O)N1c1ccccc1,1.4659681
c1ccc(-c2n[nH]c(-c3ccncc3)n2)nc1,1.0730516
Cn1cnc2c(-c3ccc(C4(N)CCC4)cc3)c(-c3ccccc3)ccc21,2.4964633
CCN(CC)C(=O)c1ccc(C(=C2CCN(Cc3ccc(F)cc3)CC2)c2cccc3cccnc23)cc1,3.669983
CS(=O)(=O)c1cccc(Nc2nccc(Nc3cccc4ocnc34)n2)c1,2.7077005
O=C(NCC12CC3CC(CC(C3)C1)C2)c1cc(CC2CCNCC2)ccc1Cl,1.8995774
C[C@H]1O[C@@H](n2cnc3c(N)nc(OCC45CC6CC(CC(C6)C4)C5)nc32)[C@H](O)[C@@H]1O,2.924261
O=c1[nH]cnc2cc(F)c(F)cc12,0.9343083
Cc1ccc(NC(=O)c2cccc(N(C)S(C)(=O)=O)c2)cc1NC(=O)c1ccc2ncccc2c1,2.2404013
Cc1ccc(NC(=O)c2cccc(C(F)(F)F)c2)cc1NC(=O)c1ccc2ncccc2c1,3.6301382
Cc1ccc(CN2[C@H]3CC[C@@H]2C[C@H](Oc2cccc(C(N)=O)c2)C3)s1,2.0502636
Cc1ccc(CN2[C@H]3CC[C@@H]2C[C@@H](Oc2cccc(C(N)=O)c2)C3)s1,2.2265286
Cc1ccc(Cl)c(Nc2cc(Nc3ccc(OCC(O)CN(C)C)cc3)ncn2)c1,2.0631502
COc1ccc(Nc2cc(Nc3ccc(OCC(O)CN(C)C)cc3)ncn2)cc1,1.1076406
CN(C)CC(O)COc1ccc(Nc2cc(Nc3ccc(F)cc3F)ncn2)cc1,1.4630833
Cc1ccc(N(CC#N)c2cc(Nc3ccc(OCC(O)CN(C)C)cc3)ncn2)c(Br)c1,1.9586837
CN(C)CC(O)COc1ccc(Nc2cc(N(CC#N)c3cc(Cl)ccc3Cl)ncn2)cc1,2.1526868
C#CCN(c1cc(Nc2ccc(OCC(O)CN(C)C)cc2)ncn1)c1cc(Cl)ccc1Cl,2.8296437
CN(C)CC(O)COc1ccc(Nc2cc(Nc3cc(Cl)ccc3Cl)ncn2)cc1,2.3993683
CN(C)CC(O)COc1ccc(Nc2cc(N(CCC#N)c3cc(Cl)ccc3Cl)ncn2)cc1,2.0215614
NC1(c2ccc(-c3ncc4cccn4c3-c3ccccc3)cc2)CCC1,2.2304575
CC(=O)Nc1ccc2ccn(-c3cc(Nc4ccn(C)n4)n4ncc(C#N)c4n3)c2c1,2.8897262
N#CC[C@H](C1CCCC1)n1cc(-c2ncnc3[nH]ccc23)cn1,2.6798663
COc1ncc2ccc(=O)n(CCN3CCC(NCc4cc5c(cn4)OCCO5)CC3)c2n1,0.21566808
Nc1nc(-c2ccccc2)ns1,1.9512341
CC(=O)Nc1nc(-c2ccccc2)ns1,2.3699775
O=c1cc(N2CCOCC2)nc2c3ccccc3ccn12,2.04593
CC(O)(C(=O)Nc1ccc(S(=O)(=O)c2ccncc2)cc1)C(F)(F)F,2.2244987
Oc1cc(-c2ccccc2)nc2ncnn12,0.22114468
COC(=O)C1=C(C)NC(C)=C(C(=O)OCC(C)C)C1c1ccccc1[N+](=O)[O-],3.7412314
COC(=O)C1=C(C)NC(C)=C(C(=O)OC)C1c1ccccc1[N+](=O)[O-],3.309019
COCCOC(=O)C1=C(C)NC(C)=C(C(=O)OC(C)C)C1c1cccc([N+](=O)[O-])c1,3.566727
Cc1nc(CSc2nc(N[C@H](C)CO)c3sc(=O)[nH]c3n2)cs1,1.4829395
NC(=O)c1cc2ccccc2nc1N,1.3936467
Nc1ccc2ccccc2n1,1.7392702
Nc1ccc2ncccc2c1,1.0007156
N#Cc1ccc2cccc(O)c2n1,1.9630448
Oc1ccnc2ccccc12,1.2510369
O=C(O)c1ccc2cccc(O)c2n1,-0.55431414
CCOC(=O)c1cnc2c(N)cccc2c1O,0.9447851
Oc1c(I)cc(I)c2cccnc12,2.271273
CCN(CCO)CCCC(C)Nc1ccnc2cc(Cl)ccc12,1.3326526
CCN(CC)CCCNCc1cc(Cl)c2cccnc2c1O,-0.17172456
c1ccc2ncccc2c1,1.8430281
O=[N+]([O-])c1cccc2ccc(C(Cl)(Cl)Cl)nc12,3.5784254
CC[S+]([O-])c1ncccc1C1(O)CCN(CC23CC(c4ccccc42)c2ccccc23)CC1,2.1104863
C[C@@H]1CN(Cc2ccc(F)cc2)CCN1C(=O)COc1ccc(Cl)cc1NC(N)=O,2.5162113
Clc1ccc2c(c1)CCc1cccnc1C2=C1CCNCC1,1.408386
COc1cc(OC)c(S(=O)(=O)N2c3ccccc3CCC2C)cc1NC(=O)CSCC(=O)O,-0.6636896
COc1cc(OC)c(S(=O)(=O)N2c3ccccc3CCC2C)cc1NC(=O)COC(C)=O,2.3254247
COc1cc(O)c(S(=O)(=O)N2c3ccccc3CCC2C)cc1NC(=O)CCC(=O)O,-0.79671264
COc1cc(OC)c(S(=O)(=O)N2c3ccccc3CCC2C)cc1NC(C)=O,1.9511467
COc1cc(OC)c(S(=O)(=O)N2c3ccccc3CCC2C)cc1NC(=S)NCC(=O)O,-0.96596026
COc1cc(OC)c(S(=O)(=O)N2c3ccccc3CCC2C)cc1NC(=O)NCC(=O)O,-0.8565328
COc1cc(OC)c(S(=O)(=O)N2c3ccccc3CCC2C)cc1NC(=O)CCC(=O)O,-0.64828396
Cc1cc(Nc2cnc(C#N)c(N[C@@H](C)c3ccc(F)cn3)n2)n[nH]1,2.3665574
Cc1cc(Nc2nc(N[C@@H](C)c3ccc(F)cn3)cnc2C)n[nH]1,1.9908462
Cc1cc(Nc2nc(N[C@@H](C)c3ccc(F)cn3)c(C#N)nc2C)n[nH]1,2.4439414
CCC(c1nc2sccc2c(=O)n1Cc1ccccc1)N(CCCN)C(=O)c1ccc(C)cc1,1.8221117
O=c1[nH]c2c(O)ccc([C@@H](O)CNCCCOCCOCCc3ccccc3)c2s1,1.1092367
Cc1ccccc1-n1c(Cn2cnc3c(N)ncnc32)nc2cccc(C)c2c1=O,2.270975
NC1(c2ccc(-c3c(-c4ccccc4)ccc4ccnn34)cc2)CCC1,2.5483832
CN1CCC(Oc2cccc3ncnc(Nc4ccc(OCc5cnccn5)c(Cl)c4)c23)CC1,2.5234046
N[C@@H](CC(=O)N1CCn2c(nnc2C(F)(F)F)C1)Cc1cc(F)c(F)cc1F,0.5275123
Cc1noc(C)c1CCC1CCN(S(=O)(=O)CC2(N(O)C=O)CCC(F)(F)CC2)CC1,1.9818388
Cc1ccc(CO)cc1N(C)c1ccnc(Nc2cc(C(=O)N3CCOCC3)cc(N3CCOCC3)c2)n1,2.509847
Cc1cc(Nc2cc(N3CCN(C)CC3)nc(Sc3ccc(NC(=O)C4CC4)cc3)n2)n[nH]1,3.145016
CCN(CC)S(=O)(=O)c1ccc(-c2nnc(SCC(=O)N3CCc4ccccc43)o2)cc1,3.5769382
NC1(C(=O)NC(CCCN2CCCC2)c2ccc(Cl)cc2)CCN(c2ncnc3[nH]ccc23)CC1,1.8579191
O=C(Nc1nc2c(=O)[nH]cnc2s1)c1ccccc1,1.3728065
N#Cc1nc(Nc2ccccc2)c(N)c(N2CCOCC2)n1,2.9859781
CN1CCNc2nc(CCOc3ccc(C[C@H](NC(=O)c4c(Cl)cccc4Cl)C(=O)O)cc3)ccc21,0.20380044
CCC(CC)NC(=O)c1cnn(-c2ccccc2)c1NS(=O)(=O)c1ccc(-c2cnco2)cc1,0.72819924
Oc1c2ncc3ccccc3c2nn1-c1ccccc1,1.2233881
Oc1c2ncc3ccccc3c2nn1-c1ccc(Cl)cc1,1.9790404
NC(=O)N1c2ccccc2CC(=O)c2ccccc21,1.314182
COc1cccc([C@H](O)C2CCN(CCc3ccc(F)cc3)CC2)c1OC,2.105534
O=c1[nH]nc(Cc2ccccc2)c2ccccc12,2.3351297
CCCc1c(O)c(O)c(C(=O)O)c2cc(Cc3ccccc3)c(C)cc12,1.7029785
Cc1csc(NC(=O)c2cc(Sc3nncn3C)ccc2N)n1,2.2145565
CCN1CCN(c2ccc(Nc3cc(N(C)C(=O)Nc4c(Cl)c(OC)cc(OC)c4Cl)ncn3)cc2)CC1,3.2275352
COC1(c2ccc(NC(=O)c3cc(=O)c4cc(F)cc(-c5c(C)nn(C)c5C)c4o3)cn2)CCOCC1,2.763507
CC(=O)N1CCN(c2nc(C#N)nc(NCC(C)C)c2N)CC1,2.195282
CC(C)CNc1nc(C#N)nc(N2CCNCC2)c1N,1.072292
Cc1cccc(CN2CCN(C(c3ccccc3)c3ccc(Cl)cc3)CC2)c1,3.9590333
NC1(c2ccc(-c3nn4cccc4cc3-c3ccccc3)cc2)CCC1,2.618456
O=c1n(CCCN2CCN(c3cccc(Cl)c3)CC2)nc2ccccn12,2.9596167
CCOC(=O)C1(c2cccc(O)c2)CCCN(CC2CC2)C1,1.771796
O=C(CSc1ccccc1)N1CCN(C(=O)c2ccco2)CC1,1.9447567
CC(=O)Nc1ccc(CNc2[nH]nc3cccc(Oc4ccc(S(C)(=O)=O)cc4)c23)cc1,2.6958535
COc1ccc(OC)c(CNc2[nH]nc3cccc(Oc4ccc(S(C)(=O)=O)cc4)c23)c1,3.2942047
CC(=O)Nc1ccc(CNc2[nH]nc3cccc(Oc4ccc(F)cc4)c23)cc1,3.4665513
O=C(O)CCc1ccc(OCc2cc(Cl)ccc2-c2ccccc2)cc1,2.7856498
Cc1ccc(-c2ccc(F)cc2COc2ccc(CCC(=O)O)cc2)cc1,2.7540822
O=C(NCc1ccccn1)c1ccc(Oc2ccccc2)cc1,3.120639
c1cncc(Nc2ncnc3ccccc23)c1,2.0320523
CC(C)C(NC(=O)Cn1c(-c2ccccc2)ccc(NC(=O)OCc2ccccn2)c1=O)C(=O)C(F)(F)F,2.5426698
O=C(O)c1ccccc1-c1c2ccc(=O)cc-2oc2cc(O)ccc12,0.9899888
COCc1c(C(C)C)nc(C(C)C)c(/C=C/[C@@H](O)C[C@@H](O)CC(=O)O)c1-c1ccc(F)cc1,1.8257984
COc1ccc(-c2nc3n(c2Br)CCC3)cc1,2.9048924
CS(=O)(=O)c1cccc(Nc2nccc(Nc3cccc4ncoc34)n2)c1,2.6017454
Nc1ccccc1NC(=O)c1ccc(-c2ncc(CN3CCCCC3)s2)cc1,2.3592112
CC(=O)NC1CN(c2ccc(Nc3ncc(F)c(-c4cnc(C)n4C(C)C)n3)cc2)C1,2.778647
Cn1sc(NCc2ccccc2)nc1=O,1.3333743
CCN(CC)c1ncnc2c1ncn2Cc1c(Cl)cccc1Cl,3.3879328
COCCNc1nc(N)c2nc(O)n(Cc3ccccc3)c2n1,2.2241907
CCCCSc1nc(N)c2ncn(Cc3c(F)ccc(C)c3F)c2n1,3.6260648
Cc1nc(N)c2nc(O)n(Cc3ccccc3)c2n1,1.5918474
Nc1ncnc2c1ncn2Cc1ccccc1,1.5934012
COc1ccc2c(c1)N(CCN1CCC(NCc3ccc4c(n3)NC(=O)CO4)CC1)C(=O)CC2,0.8209089
N#Cc1cccnc1-c1ccc(C(=O)Nc2ccccc2N)cc1,1.4842247
CC(CNS(=O)(=O)C(C)C)c1ccc(-c2ccc(C#N)cc2)cc1,3.1861725
CCS(=O)(=O)c1ccc(-c2cc(C(F)(F)F)ccc2OCC(=O)O)c(C)c1,-0.23836684
O=C(O)COc1ccc(Br)cc1-c1ccccc1,0.28913915
CS(=O)(=O)c1ccc(-c2cc(Cl)ccc2OCC(=O)O)c(Cl)c1,-0.15529013
O=C(O)COc1ccc(C(F)(F)F)cc1-c1ccc(Cl)cc1,1.0477588
CS(=O)(=O)c1ccc(-c2cc(C(F)(F)F)ccc2OCC(=O)O)cc1,-0.5400939
CCS(=O)(=O)c1ccc(-c2cc(Cl)ccc2OCC(=O)O)c(C)c1,-0.35574317
N#Cc1ccc(OCC(=O)O)c(-c2ccccc2)c1,-0.71526337
CCS(=O)(=O)c1ccc(-c2cc(Cl)ccc2OCC(=O)O)c(C(F)(F)F)c1,0.30215895
CCS(=O)(=O)c1ccc(-c2cc(C(F)(F)F)ccc2O[C@H](C)C(=O)O)c(C)c1,-0.31969595
N#Cc1ccc(F)c(-c2cc(C(F)(F)F)ccc2OCC(=O)O)c1,0.12427306
CC(C(=O)O)c1ccc(-c2ccccc2)c(F)c1,0.60214674
O=C(O)CCC(=O)c1ccc(-c2ccccc2)cc1,0.44870782
CCS(=O)(=O)c1ccc(-c2cc(C(F)(F)F)ccc2OCC(N)=O)c(C)c1,2.678648
CC[C@H](N)C(=O)N[C@H](C#N)Cc1ccc(-c2ccccc2)cc1,2.1291356
COc1ccc(-c2cc(C(F)(F)F)ccc2OCC(=O)O)cc1,0.3259679
CCC(Oc1ccc(C(F)(F)F)cc1-c1ccc(S(=O)(=O)CC)cc1C)C(=O)O,0.19658327
C[C@@](CCc1ccc(-c2ccc(Cl)cc2)cc1)(C(=O)NO)S(C)(=O)=O,2.7132864
CCS(=O)(=O)c1ccc(-c2cc(C(F)(F)F)ccc2CCC(=O)O)c(C)c1,0.9773973
N#Cc1cccc(-c2cc(Cl)ccc2OCC(=O)O)c1,-0.13499999
Cc1cc(N(C)S(C)(=O)=O)ccc1-c1cc(C(F)(F)F)ccc1OCC(=O)O,-0.40740156
CCS(=O)(=O)c1cccc(-c2cc(C(F)(F)F)ccc2OCC(=O)O)c1,-0.49305868
CCSc1ccc(-c2cc(C(F)(F)F)ccc2OCC(=O)O)cc1,1.5228782
CS(=O)(=O)c1ccc(-c2cc(C(F)(F)F)ccc2OCC(=O)O)c(Cl)c1,-0.03253913
CCN(CC)S(=O)(=O)c1ccc(-c2cc(C(F)(F)F)ccc2OCC(=O)O)cc1,0.673733
CC(C)C[C@H](N[C@@H](c1ccc(-c2ccc(S(C)(=O)=O)cc2)cc1)C(F)(F)F)C(=O)NCC#N,3.410585
CCS(=O)(=O)c1ccc(-c2cc(Cl)ccc2OCC(=O)O)cc1,-0.5883968
CCS(=O)(=O)c1ccc(-c2cc(Cl)ccc2OCC(=O)O)c(F)c1,-0.45295453
N#Cc1cccc(-c2cc(C(F)(F)F)ccc2OCC(=O)O)c1,-0.0033226013
O=C(O)COc1ccc([N+](=O)[O-])cc1-c1ccccc1,-0.41947055
CCS(=O)(=O)c1ccc(-c2cc(Cl)ccc2OCC(=O)O)c(Cl)c1,-0.1065948
O=C(O)c1cc(-c2ccc(F)cc2F)ccc1O,0.4282261
CN(c1ccc(-c2cc(C(F)(F)F)ccc2OCC(=O)O)cc1)S(C)(=O)=O,-0.6496718
CN(c1ccc(-c2cc(F)ccc2OCC(=O)O)c(Cl)c1)S(C)(=O)=O,-0.6559243
Cc1ccc(C#N)cc1-c1cc(C(F)(F)F)ccc1OCC(=O)O,0.37936747
N#Cc1cccc(-c2cccc(C(=O)O)c2)c1,0.19002569
C[N+]1(C)[C@H]2C[C@H](OC(=O)C(O)(c3cccs3)c3cccs3)C[C@@H]1[C@H]1O[C@@H]21,-0.71324134
CCN(CC)c1ccc(-c2nn3c(-c4[nH]nc5c4CCC5)nnc3s2)cc1,3.1539297
CS(=O)(=O)c1ccccc1C(=O)NCC(O)CNC1CCN(Cc2ccc(Cl)c(Cl)c2)CC1,1.1208689
COc1cc(OC)c(S(=O)(=O)N2c3ccccc3CCC2C)cc1NC(=O)Cc1ccnc(F)c1,2.748774
CS(=O)(=O)Cc1cc(N2CCOCC2)nc(-c2cccc3cc[nH]c23)n1,2.123553
COc1ccc(Cl)cc1NC(=O)Nc1cnccn1,2.9671776
Cc1ccc2c(c1)c([S+]([O-])c1ccc(Cl)cc1)c(C)n2CC(=O)O,0.23177361
CC(CC(=O)NCc1ccccc1)C1CCCO1,1.9801776
CC(NC(=O)c1cc(O)nc2ccccc12)c1ccccc1,2.264659
c1ccc(Sc2ccc3ccccc3n2)cc1,3.5179138
CC(C)C(=O)Nc1ccc2c(c1)C(=O)NC2=O,1.0869439
O=C(C1CCN(c2nnc(-n3cccc3)s2)CC1)N1CCN(Cc2ccc3c(c2)OCO3)CC1,2.8233485
OC(c1ccccc1)c1cccnc1,1.212748
CCCc1c(OCc2ccc(-c3nn[nH]n3)cc2OC)ccc(C(C)=O)c1O,2.245625
CCCc1c(OCc2ccc(-c3nn[nH]n3)cc2)ccc(C(C)=O)c1O,2.2693467
Cc1cc(NC(=O)c2ccc(Cl)cc2)n(-c2ccccc2)n1,3.290963
N#Cc1cnn(-c2ccccc2)c1NC(=O)c1ccccc1F,2.004633
Cc1ccc2c(n1)c(Sc1ccc(Cl)cc1)c(C)n2CC(=O)O,0.78944147
COc1cc(O)c2c(c1)/C=C/C[C@H](O)[C@H](O)C(=O)/C=C\C[C@H](C)OC2=O,1.1859798
CN[C@@H](C)C(=O)N[C@H](C(=O)N1CC[C@H]2CCN(CCc3ccccc3)C[C@H]21)C1CCCCC1,1.8771698
CCCc1c(OCc2ccc(/C=C/c3nn[nH]n3)cc2)ccc(C(C)=O)c1O,2.500541
O=c1[nH]c2c(O)ccc([C@@H](O)CNCCCSCCNCCc3ccccc3Cl)c2s1,0.93621564
O=c1[nH]c2c(O)ccc([C@@H](O)CNCCCSCCNCCc3cccc(Cl)c3Cl)c2s1,1.580493
O=c1[nH]c2c(O)ccc([C@@H](O)CNCCCSCCNCCc3cccc(Cl)c3)c2s1,0.99891734
CC(C)Oc1cc(-n2cnc3cnc(N[C@@H](C)c4ncc(F)cn4)nc32)n[nH]1,2.067084
C[C@H](NC(=O)c1cccc2c1N(Cc1ccc(Cl)cc1)CC2)c1ccc(C(=O)O)cc1,1.9263539
NC(=O)c1ccc(O[C@@H]2C[C@@H]3CC[C@H](C2)N3Cc2ccccc2)nc1,1.20136
NC(=O)c1cccc(O[C@@H]2C[C@@H]3CC[C@H](C2)N3Cc2ccccc2)n1,1.7022665
CC(=O)Nc1cnc2ccn(-c3cc(NC4CC4)n4ncc(C#N)c4n3)c2c1,2.284073
CCOC(=O)c1ccc(COCC2CCN(c3ccc(C)nn3)CC2)cc1,3.4101121
CC(C)OC(=O)c1cn(Cc2c(F)cccc2F)c2sc(-c3ccc(NC(=O)C(C)C)cc3)c(CN(C)Cc3ccccc3)c2c1=O,4.3853154
NC1(c2ccc(-c3nc4ccn5c(=O)[nH]nc5c4cc3-c3ccccc3)cc2)CCC1,2.4593635
CC(Oc1c(Cl)cccc1Cl)C1=NCCN1,0.57560897
C[C@H]1CN(c2c(F)c(N)c3c(=O)c(C(=O)O)cn(C4CC4)c3c2F)C[C@@H](C)N1,-0.2314012
O=C(O)c1cn(C2CC2)c2cc(N3CCNCC3)c(F)cc2c1=O,-0.7936926
O=C(O)c1cn(C2CC2)c2cc(N3CCN(C(=O)CC[N+](=O)[O-])CC3)c(F)cc2c1=O,-0.30737758
COc1c(N2CCNC(C)C2)c(F)cc2c(=O)c(C(=O)O)cn(C3CC3)c12,-0.83318734
Cc1cc(N2CCC[C@@H]2C(=O)NCCc2ccc3c(c2)OCO3)nc(-n2ccnc2)n1,2.7151432
CC(=O)c1ccc2[nH]c(-c3cccnc3)cc(=O)c2c1,1.9297631
CNC(=O)c1ccc2c(=O)cc(-c3cccnc3)[nH]c2c1,1.1317866
CCC(c1ccncc1)n1[nH]c(=O)c2[nH]c3cc(Cl)ccc3c(=O)c2c1=O,0.43885446
O=c1[nH]n(Cc2ccncc2)c(=O)c2c(=O)c3ccc(Cl)cc3[nH]c12,0.1728133
COC[C@H](C)Oc1cc(O[C@@H](C)Cc2ccccc2)cc(C(=O)Nc2ccc(C(=O)O)cn2)c1,1.5314441
N[C@@H]1CCCN(c2c(/C=C3\SC(=O)NC3=O)cccc2-c2ccncc2)C1,1.4853396
CC(=O)N1CCN(CCOc2cc(OC(C)C)c3c(Nc4c(F)ccc5c4OCO5)ncnc3c2)CC1,2.8021154
N#CC1(NC(=O)[C@@H]2CCCC[C@H]2C(=O)N2CCN(c3nc(-c4ccccc4)cs3)CC2)CC1,3.0552406
NCCCC(=O)OCCN1CCN(CCCN2c3ccccc3Sc3ccc(Cl)cc32)CC1,1.5440319
OCCN1CCN(CCCN2c3ccccc3Sc3ccc(Cl)cc32)CC1,3.1386964
OCCN1CCN(CCCN2c3ccccc3Sc3ccc(C(F)(F)F)cc32)CC1,3.3125885
CN1CCN(CCCN2c3ccccc3Sc3ccc(Cl)cc32)CC1,3.2948618
CN1CCN(CCCN2c3ccccc3Sc3ccc(C(F)(F)F)cc32)CC1,3.4294233
CN(C)CC(O)COc1ccc(Nc2nccc(Nc3cc(Cl)ccc3Cl)n2)cc1,2.680892
Cc1cnc(Nc2ccc(OCC(O)CN(C)C)cc2)nc1Nc1ccccc1,1.5950096
c1ccc(Nc2ccnc(Nc3ccccc3)n2)cc1,3.43921
Cc1ccc(F)c(Nc2ccnc(Nc3ccc(OCC(O)CN(C)C)cc3)n2)c1,1.9827056
CN(C)CC(O)COc1ccc(Nc2nccc(Nc3ccc(Cl)cc3)n2)cc1,2.2122416
C#CCN(c1ccnc(Nc2ccc(OCC(O)CN(C)C)cc2)n1)c1cc(Cl)ccc1Cl,3.081274
Cc1ccc(F)c(Nc2ccnc(Nc3ccc(S(N)(=O)=O)cc3)n2)c1,3.016564
CN(C)CC(O)COc1ccc(Nc2nccc(Nc3cccc(Cl)c3)n2)cc1,2.2404764
Cc1ccc(Cl)c(Nc2ccnc(Nc3ccc(OCC(O)CN(C)C)cc3)n2)c1,2.4117649
O=C(O)c1ccc(Nc2ncc(Br)c(Nc3ccccc3)n2)cc1,1.7193478
CN(C)CC(O)COc1ccc(Nc2ncc(Cl)c(Nc3ccccc3)n2)cc1,1.956575
CN(C)CC(O)COc1ccc(Nc2nccc(Nc3ccccc3)n2)cc1,1.4218493
CN(C)CC(O)COc1ccc(Nc2nccc(Nc3ccccc3C#N)n2)cc1,1.1133459
CN(C)CC(O)COc1ccc(Nc2nccc(N(CC#N)c3cc(Cl)ccc3Cl)n2)cc1,2.454902
Cc1ccc(S(=O)(=O)N2N=Cc3oc(C)cc3B2O)cc1,-0.15383768
CC(C)C(NC(=O)Cn1c(-c2ccccc2)ncc(NC(=O)OCC(F)(F)F)c1=O)C(=O)C(F)(F)F,2.4183187
CC(C)C(NC(=O)Cn1c(-c2cc(F)cc(F)c2)ncc(N)c1=O)C(=O)C(F)(F)F,1.6728716
COC(=O)Nc1cnc(-c2ccc(F)cc2)n(CC(=O)NC(C(=O)C(F)(F)F)C(C)C)c1=O,2.0009248
CNc1cnc(-c2ccc(F)cc2)n(CC(=O)NC(C(=O)C(F)(F)F)C(C)C)c1=O,1.700309
CC(C)C(NC(=O)Cn1c(-c2ccc(F)cc2)ncc(N)c1=O)C(=O)C(F)(F)F,1.3856418
Cc1ccc(-c2ncc(CN3CCOCC3)s2)cc1NC(=O)c1ccc(OCc2ccccn2)cc1,3.4158485
O=C(NCCCN1CCCCC1)C(c1ccccc1)c1ccccc1,1.7664872
Oc1ccc2c3c1O[C@H]1c4[nH]c5ccccc5c4C[C@@]4(O)[C@@H](C2)N(CC2CC2)CC[C@]314,2.5439463
Cc1cc2c(C(=O)NC[C@H](C)c3ccccc3)c(O)c(O)cc2c(O)c1-c1c(C)cc2c(C(=O)NC[C@H](C)c3ccccc3)c(O)c(O)cc2c1O,3.629014
N#Cc1c(-c2ccccc2)nc(SCc2ccccc2)[nH]c1=O,1.9621803
Nc1cc(C(=O)Nc2cccc(-c3nnn[nH]3)c2)cc(C(F)(F)F)c1,0.8516222
O=C(Nc1cccc(-c2nnn[nH]2)c1)c1cc(O)cc(C(F)(F)F)c1,1.4689518
N#Cc1ccc(C(=O)N2CCC3(CC2)N=C(N)c2c(F)cccc2N3)cc1,0.5559423
N#Cc1ccc(C(=O)N2CCC3(CC2)N=C(N)c2c(F)ccc(F)c2N3)cc1,0.6590749
C1=CCC(c2ccc3ccccc3c2)CNC1,1.4678798
N#C/C(=C(/N)Sc1ccc(N)cc1)c1ccccc1C(F)(F)F,3.3864536
N#C/C(=C(\N)Sc1ccc(N)cc1)c1ccccc1C(F)(F)F,3.3833864
O=C1c2ccc(O)cc2C(=O)N1c1ccccc1,1.9630893
O=C1c2ccc(O)cc2C(=O)N1c1ccc(O)cc1F,1.9608382
Cc1cc(O)ccc1N1C(=O)c2ccc(O)cc2C1=O,2.1281483
O=C1c2ccc(O)cc2C(=O)N1c1cccc(O)c1,1.7064345
O=C1c2ccccc2C(=O)N1c1ccc(O)cc1,1.9704907
O=C1c2ccc(O)cc2C(=O)N1c1ccc(O)cc1,1.77392
N=C(N)Nc1cc(Cl)nc(-c2ccccc2)n1,0.75003695
CCCCC1C(=O)N(c2ccccc2)N(c2ccccc2)C1=O,1.0573982
CCC(=O)N[C@H]1CC[C@@H](C(=O)N(C)c2ccc(-c3nc4ccccc4o3)cc2)C1,3.2451067
Cc1ncccc1Oc1ncnc(OC2C3COCC2CN(C(=O)OC(C)C)C3)c1C,3.1942668
CS(=O)(=O)c1ccc([C@@H](C[C@H]2CCC(=O)C2)C(=O)Nc2cnccn2)cc1Cl,1.6211617
O=C(c1csc2c1CCCC2)N1CCCCC1,2.5894918
c1ccc(-c2cc(NCCCCNc3cc(-c4ccccc4)nc4ccccc34)c3ccccc3n2)cc1,4.213813
COc1ccc(Cl)c(Nc2ncnc3cc(OC)cc(OC4CCN(C)CC4)c23)c1,2.8420224
O=S(=O)(Nc1ccc2[nH]c(-c3ccc(Br)o3)nc2c1)c1ccccc1,3.621513
CCCCC(CC)CNC(=O)c1cc(-n2ncc(=O)[nH]c2=O)ccc1Cl,1.7345382
Cc1nc2ccc(Oc3ccc(F)cc3)cc2c(=O)n1C[C@H]1CCCN(C(C)C)C1,2.7326488
COc1cc(C(=O)NC2CCN(C)CC2)ccc1Nc1ncc2c(n1)N(C1CCCCC1)CCC(=O)N2C,2.4022574
CC(C(=O)N1CCc2ccccc2C1)N1C(=O)c2ccccc2C1=O,2.3408833
Cc1ccc(Sc2ccccc2CN(C)C)c(N)c1,2.309984
C[C@@H]1CN(c2nc(C(F)(F)F)no2)CCN1c1ncc(OCc2ccncc2C#N)cn1,3.165739
CC(C)c1noc(N2CCN(c3ncc(OCc4ccncc4C#N)cn3)[C@H](C)C2)n1,3.07479
Nc1ncnc(Nc2ccccc2)n1,1.3748733
CCNc1nc(C#N)nc(Nc2ccccc2)n1,2.9327002
COc1ccc2c(Oc3ccc(CC(=O)Nc4n[nH]c(C)c4C)c(OC)c3)ccnc2c1,3.3460398
COc1cc2c(Nc3c(Cl)ccc4c3OCO4)ncnc2cc1OCCCN1CCCCC1,2.4689996
CCc1nc2c(N)nc3ccccc3c2n1Cc1ccccc1,3.1835098
CCCCc1nc2c(N)nc3ccccc3c2n1Cc1ccccc1,3.4954205
O=c1c2ccccc2nc2n1CCS2(=O)=O,0.5171374
C=CCC1(CC(C)C)C(=O)NC(=O)NC1=O,1.2717481
CCCCC1(CC)C(=O)NC(=O)NC1=O,1.6004848
O=S(=O)(CCCOCCSc1ccccc1)CCNCCc1ccc(O)c2nc(O)sc12,2.670798
CC(C)(C)CNc1nc(C#N)nc(N2CCOCC2)c1N,2.9269462
CCC(C)Nc1nc(C#N)nc(N2CCOCC2)c1N,2.3078976
CC(C)Nc1nc(C#N)nc(N2CCOCC2)c1N,2.0188837
CC(C)CNc1nc(C#N)nc(N2CCOCC2)c1N,2.6178107
c1ccc(N2CC3COc4ccccc4C3=N2)cc1,3.4480057
CNC(=O)c1ccc(N2C(=S)N(c3ccc(C#N)c(C(F)(F)F)c3)C(=O)C23CCC3)cc1F,2.7571979
O=C(NCc1ccnc2ccccc12)c1ccc(Oc2ccc(C#C[C@]3(O)CN4CCC3CC4)cc2)cc1,3.2860384
CSc1ncccc1C(=O)NCCc1ccc(Cl)cc1,3.193906
Cn1c(-c2ccc(O)nc2)nc2ccccc21,2.0333076
COc1cc(F)ccc1-c1cccc(CNC2CCCC2)c1,2.5098262
CN[C@@H](C)C(=O)N[C@H](C(=O)N[C@H]1CCCN(S(=O)(=O)Cc2ccccc2)C1)C(C)(C)C,1.3859324
CS(=O)(=O)C1(c2cc(N3CCOCC3)nc(-c3cccc4[nH]ccc34)n2)CCNCC1,0.5545156
CN1CCC(c2cc(N3CCOCC3)nc(-c3cccc4[nH]ccc34)n2)(S(C)(=O)=O)CC1,1.6367638
Brc1cnc(NCc2ccccc2)nc1Nc1cc(C2CC2)[nH]n1,3.5483432
C[C@H](Nc1nc(NC[C@@H](O)CO)c(Cl)c(Nc2cc(C3CC3)[nH]n2)n1)c1ccc(F)cc1,3.2899702
Fc1ccc(CNc2ncc(Br)c(Nc3cc(C4CC4)[nH]n3)n2)cc1,3.6167862
OC[C@H](Nc1ncc(Cl)c(Nc2cc(C3CC3)[nH]n2)n1)c1ccc(F)cc1,3.3290095
CNC(=O)C[C@H](Nc1ncc(Cl)c(Nc2cc(C3CC3)[nH]n2)n1)c1ccc(F)cc1,2.716205
CC(C)C[C@H](N)c1nnc(S(=O)(=O)Cc2ccc(F)cc2)o1,0.99637604
NS(=O)(=O)c1cccc(Nc2nccc(Nc3c(Cl)ccc4c3OCO4)n2)c1,2.6097503
Clc1ccc2c(c1Nc1ccnc(Nc3ccccc3)n1)OCO2,3.4318166
CS(=O)(=O)c1cccc(Nc2nccc(Nc3cccc4c3OCO4)n2)c1,2.5491307
CS(=O)(=O)c1cccc(Nc2nccc(Nc3c(Cl)ccc4c3OCO4)n2)c1,2.8636086
CS(=O)(=O)Nc1cc(Nc2nccc(Nc3c(Cl)ccc4c3OCO4)n2)cc(C(N)=O)c1,1.9319118
CS(=O)(=O)c1cccc(Nc2nccc(N(CC#N)c3c(Cl)ccc4c3OCO4)n2)c1,2.5338745
NS(=O)(=O)c1ccc(Nc2nccc(Nc3c(Cl)ccc4c3OCO4)n2)cc1,2.5810423
C[C@H](CO)Nc1nc(SCc2cccc(F)c2F)nc2[nH]c(=O)c(=O)[nH]c12,2.7769625
Cc1ccc(N2CC(COc3ccc(-c4noc(C)n4)cc3)C2)nn1,2.7511792
CC1=NC(C)(c2cccc(-c3cccnc3)c2)N=C1N,1.3105819
Nc1nccc2ccccc12,1.510996
c1ccc2cnccc2c1,1.8409045
Cc1ncc2n1-c1ccc(Cl)cc1C(c1ccccc1F)=NC2,3.1766205
C[C@H]([C@H](O)c1ccc(O)cc1)N1CCC(O)(c2ccccc2)CC1,1.1919551
COc1ccccc1OCCNCC(O)COc1cccc2[nH]c3ccccc3c12,2.7295666
CCCCNc1nc(N)c2[nH]c(=O)n(Cc3ccc(OCCN(C)C)nc3)c2n1,1.5708411
C[C@H]1O[C@@H](n2cnc3c(N)nc(OC(C4CC4)C(F)(F)F)nc32)[C@H](O)[C@@H]1O,1.9139028
